S_entropy,S_ETD,S_dist,S_dev,S_stab,lambda_norm,branching_n,label,family
0.4608535294719574,1.0,0.02,0.05,0.8,0.0,0.625,0,goodware
0.4718168842502655,1.0,0.04,0.1,0.5,0.0363074490836459,0.625,0,goodware
0.4718168842502655,0.9739039344118486,0.06,0.15,0.5,0.06267207821662583,0.625,0,goodware
0.11789174607420132,0.2698313960532396,0.02,0.05,0.8,0.0,0.625,0,goodware
0.11789174607420132,0.2698313960532396,0.02,0.05,0.75,0.03630745600874291,0.625,0,goodware
0.11789174607420132,1.0,0.08,0.1,0.5,0.04314133555146604,0.625,0,goodware
0.11789174607420132,1.0,0.08,0.08333333002196432,0.6,0.06763448596235262,0.625,0,goodware
0.4363765585360853,0.23083398405421715,0.04,0.06250000372529052,0.6666666666666667,0.033046509651733266,0.625,0,goodware
0.4363765585360853,0.22832773813427837,0.04,0.05,0.75,0.06030413841509628,0.625,0,goodware
0.4482680381950065,0.22933792699175118,0.06,0.06250000372529052,0.7,0.08009725306176792,0.625,0,goodware
0.4902363076813678,1.0,0.02,0.05,0.8,0.0,0.625,0,goodware
0.463664452491612,0.23124528296629226,0.08,0.06249999906867744,0.6666666666666667,0.06859928546086046,0.625,0,goodware
0.4902363076813678,1.0,0.02,0.05,0.75,0.026364622207882927,0.625,0,goodware
0.4902363076813678,0.9739039344118486,0.02,0.04166666501098216,0.8333333333333334,0.0554520926520913,0.625,0,goodware
0.47557529044609564,0.2333065237763221,0.1,0.056818183665433265,0.6428571428571428,0.045410829613837175,0.625,0,goodware
0.4723328099829797,0.20851576358313503,0.12,0.06250000062088172,0.625,0.06928247676465617,0.625,0,goodware
0.4546978488751206,0.9129015742792115,0.1,0.039062499417923405,0.5833333333333333,0.004795040911687673,0.625,0,goodware
0.4902363076813678,0.7856301953294776,0.02,0.017857143161248194,0.875,0.029319617405036767,0.625,0,goodware
0.4902363076813678,0.6751798882894913,0.02,0.01562499976716936,0.9,0.057597859405352926,0.625,0,goodware
0.4902363076813678,0.6027802469990593,0.02,0.013888889256818804,0.9166666666666666,0.07813209093989511,0.625,0,goodware
0.4546978488751206,0.80822590301265,0.1,0.03125,0.6428571428571428,0.015235066415651251,0.625,0,goodware
0.4546978488751206,0.7316906700006549,0.1,0.029761904424009954,0.6875,0.04737037704709034,0.625,0,goodware
0.4546978488751206,0.6733819822908982,0.1,0.028409091063028524,0.7222222222222222,0.07070541362383884,0.625,0,goodware
0.4546978488751206,0.6275444708331096,0.1,0.027173912902635527,0.75,0.08765011318535895,0.625,0,goodware
0.4546978488751206,0.5906073712594314,0.1,0.026041666925367385,0.7727272727272727,0.09995450858151803,0.625,0,goodware
0.4546978488751206,0.5602387386371792,0.1,0.025,0.7916666666666666,0.10888931370373216,0.625,0,goodware
0.5205338353064006,0.5435275175560631,0.02,0.05,0.8,0.0,0.625,0,goodware
0.5210870405966567,0.3066796428224607,0.04,0.1,0.5,0.03630745600874291,0.625,0,goodware
0.5197946611382845,0.2359007713569934,0.06,0.15,0.5,0.06267207129152882,0.625,0,goodware
0.0,0.2698313960532396,0.02,0.05,0.8,0.0,0.625,0,goodware
0.0,0.2698313960532396,0.02,0.05,0.75,0.0363074490836459,0.625,0,goodware
0.3862022153480109,0.20287978160233408,0.08,0.1,0.5,0.043141332899895767,0.625,0,goodware
0.4431642404345092,0.9739039344118486,0.04,0.08333333002196432,0.6666666666666667,0.04550926577632832,0.625,0,goodware
0.44251544747502636,0.7417581088306616,0.06,0.09374999161809758,0.625,0.0693539560838089,0.625,0,goodware
0.434858844369873,0.6351799821609359,0.08,0.1,0.6,0.08666877019964647,0.625,0,goodware
0.10932431706498572,0.2698313960532396,0.02,0.05,0.8,0.0,0.625,0,goodware
0.4283462587236538,0.1840773609709374,0.1,0.0625,0.5,0.01880491079387,0.625,0,goodware
0.49631014766459336,0.15978359831422212,0.12,0.06818182039851992,0.5,0.0499626254366783,0.625,0,goodware
0.4817447784064053,0.1449089502060958,0.14,0.07291666739102867,0.5,0.07258775866619527,0.625,0,goodware
0.496937294491978,0.15097987397234697,0.16,0.07692307974459868,0.5,0.08901699309966553,0.625,0,goodware
0.44645450254246605,0.1583042332481447,0.18,0.08035714422561688,0.5,0.1009470479745532,0.625,0,goodware
0.4494857281500002,0.16595590870853932,0.2,0.08333333333333334,0.5,0.10961004517325494,0.625,0,goodware
0.4856232496346695,0.1525579449895446,0.22,0.08593750192085285,0.5,0.11590069387362842,0.625,0,goodware
0.4615546154640071,0.14249046930915518,0.24,0.08823529473638039,0.5,0.1204686199151658,0.625,0,goodware
0.4632749437617501,0.14640719253927142,0.26,0.09027778016932222,0.5,0.12378563836881992,0.625,0,goodware
0.45320116248375003,0.15084972622994977,0.28,0.09210526431366348,0.5,0.1261942643308966,0.625,0,goodware
0.46058522681809916,0.15729135578276243,0.3,0.09375,0.5,0.12794328562048954,0.625,0,goodware
0.44535237799340405,0.14934615961378186,0.32,0.09523809685999036,0.5,0.12921336029434194,0.625,0,goodware
0.45032714570962445,0.14067174297150772,0.34,0.09659090961429698,0.5,0.13013559907991817,0.625,0,goodware
0.49665029049114057,0.14360048297274267,0.36,0.09782608898465714,0.5,0.13080530678405355,0.625,0,goodware
0.10932431706498572,0.2698313960532396,0.02,0.008333333333333333,0.75,0.000411487352451001,0.625,0,goodware
0.10932431706498572,0.2698313960532396,0.02,0.00781249988358468,0.8333333333333334,0.03660625020559949,0.625,0,goodware
0.10932431706498572,0.2698313960532396,0.02,0.007352941228031699,0.875,0.0628890523884397,0.625,0,goodware
0.10932431706498572,0.2698313960532396,0.02,0.006944444398453206,0.9,0.08197427043388618,0.625,0,goodware
0.10932431706498572,0.2698313960532396,0.02,0.006578947450975964,0.9166666666666666,0.09583300036128525,0.625,0,goodware
0.10932431706498572,0.2698313960532396,0.02,0.00625,0.9285714285714286,0.10589648470665355,0.625,0,goodware
0.09294587706181785,0.2698313960532396,0.02,0.05,0.8,0.0,0.625,0,goodware
0.09294587706181785,0.2698313960532396,0.02,0.05,0.8,0.0,0.625,0,goodware
0.09294587706181785,0.2698313960532396,0.02,0.05,0.75,0.0363074490836459,0.625,0,goodware
0.09294587706181785,0.2698313960532396,0.02,0.05,0.8,0.0,0.625,0,goodware
0.12525125727353262,0.369831236053494,0.02,0.05,0.8,0.0,0.625,0,goodware
0.12525125727353262,0.21983150207117802,0.02,0.05,0.75,0.0363074490836459,0.625,0,goodware
0.12525125727353262,0.2113352654231165,0.02,0.05,0.8333333333333334,0.06267207821662583,0.625,0,goodware
0.34457590887370476,0.21983150207117802,0.04,0.08333333002196432,0.75,0.08181671485997423,0.625,0,goodware
0.12525125727353262,0.18933801640478387,0.04,0.06250000372529052,0.8,0.09571859151991044,0.625,0,goodware
0.12525125727353262,0.1836661680931935,0.04,0.05,0.8333333333333334,0.10581340684299487,0.625,0,goodware
0.09294587706181785,0.2698313960532396,0.02,0.013888888336994051,0.8333333333333334,0.006671974695218913,0.625,0,goodware
0.11547874722724377,0.2698313960532396,0.02,0.05,0.8,0.0,0.625,0,goodware
0.11547874722724377,0.2698313960532396,0.02,0.05,0.8,0.0,0.625,0,goodware
0.11547874722724377,0.2698313960532396,0.02,0.05,0.75,0.03630745600874291,0.625,0,goodware
0.442462955940756,0.23083398405421715,0.04,0.1,0.6666666666666667,0.06267207129152882,0.625,0,goodware
0.2561041271286183,0.1908020484526139,0.14,0.012867647036265542,0.6111111111111112,1.9679746471323865e-09,0.625,0,goodware
0.11547874722724377,0.7563821478039869,0.04,0.06250000372529052,0.75,0.0594111318596162,0.625,0,goodware
0.4360065532970734,0.17180549866953515,0.16,0.014285714285714285,0.6,0.026364623245581087,0.625,0,goodware
0.44601065377600296,0.6585784448692334,0.06,0.06250000372529052,0.7,0.05769166313631289,0.625,0,goodware
0.11789174607420132,0.3538315086055668,0.16,0.01388888891188451,0.6363636363636364,0.040266488838341205,0.625,0,goodware
0.11789174607420132,0.3186579143694603,0.16,0.013698630114616384,0.6666666666666667,0.0655469189491513,0.625,0,goodware
0.44601065377600296,0.29363872615919295,0.18,0.015202702751683875,0.6538461538461539,0.08390429353384185,0.625,0,goodware
0.2457184788547096,0.2856859058427857,0.2,0.016666666666666666,0.6428571428571428,0.09723446639123078,0.625,0,goodware
0.44052078891113805,0.1594506202631099,0.06,0.019736842352927893,0.7857142857142857,0.0017658978495152494,0.625,0,goodware
0.11789174607420132,0.2698313960532396,0.02,0.05,0.8,0.0,0.625,0,goodware
0.44052078891113805,0.2714392477769022,0.22,0.017628205101263516,0.6333333333333333,0.05637502760100731,0.625,0,goodware
0.380859375,0.25376582939034065,0.24,0.018987341829454874,0.625,0.07724413270104771,0.625,0,goodware
0.49487938865114545,0.5552011358413036,0.1,0.01157407399742201,0.5833333333333333,2.118028309266995e-08,0.625,0,goodware
0.11789174607420132,0.2698313960532396,0.02,0.03125000186264526,0.75,0.013901866083287875,0.625,0,goodware
0.4984210755111263,0.4779091640471992,0.12,0.013392857085837392,0.5714285714285714,0.026364633376086168,0.625,0,goodware
0.12414055796390343,0.6960063447946401,0.14,0.01535087706456371,0.5625,0.0554521007618707,0.625,0,goodware
0.11789174607420132,0.2698313960532396,0.02,0.017857143161248194,0.8333333333333334,0.024467568990461517,0.625,0,goodware
0.11789174607420132,0.2698313960532396,0.02,0.01562499976716936,0.875,0.054074549390081404,0.625,0,goodware
0.11789174607420132,0.3628885332116204,0.24,0.01744186053764762,0.6470588235294117,0.01354622057513601,0.625,0,goodware
0.11789174607420132,0.2698313960532396,0.02,0.0125,0.9,0.054877723522502975,0.625,0,goodware
0.11789174607420132,0.2698313960532396,0.02,0.011363636117336184,0.9166666666666666,0.07615685213603939,0.625,0,goodware
0.11789174607420132,0.2698313960532396,0.02,0.010416666770146955,0.9285714285714286,0.09160868718261467,0.625,0,goodware
0.11789174607420132,0.2698313960532396,0.02,0.009615384527212065,0.9375,0.10282900399369446,0.625,0,goodware
0.2993760635145404,0.5166364052723148,0.12,0.007978723424492297,0.7692307692307692,4.091405825246142e-11,0.625,0,goodware
0.44601065377600296,0.47617002545864473,0.14,0.009210526315789473,0.75,0.03630744911335561,0.625,0,goodware
0.1261660874599347,0.5862586516876691,0.16,0.010416666640796596,0.7333333333333334,0.06267206628445036,0.625,0,goodware
0.11789174607420132,0.2698313960532396,0.02,0.007352941228031699,0.9444444444444444,0.04249216694325216,0.625,0,goodware
0.11789174607420132,0.2698313960532396,0.02,0.006944444398453206,0.95,0.0671630928385641,0.625,0,goodware
0.11789174607420132,0.5452530084620694,0.16,0.010101010125336044,0.75,0.04314133921127776,0.625,0,goodware
0.4310044128544576,0.5104345050708778,0.18,0.01125,0.7352941176470589,0.06763448861992119,0.625,0,goodware
0.4310044128544576,0.47491873982580757,0.2,0.012376237594547278,0.7222222222222222,0.08542016412097024,0.625,0,goodware
0.11789174607420132,0.5705725402682977,0.2,0.012254901975106845,0.736842105263158,0.09833523303037742,0.625,0,goodware
0.12264439582360845,0.5385054901841888,0.22,0.013349514547656446,0.725,0.10771347841122356,0.625,0,goodware
0.11789174607420132,0.5104013480872589,0.22,0.01322115387646316,0.7380952380952381,0.11452350358802646,0.625,0,goodware
0.11789174607420132,0.2698313960532396,0.02,0.005,0.9545454545454546,0.012473008107848568,0.625,0,goodware
0.11789174607420132,0.4924349995907164,0.22,0.012971698084031192,0.75,0.08675198378168245,0.625,0,goodware
0.11789174607420132,0.2698313960532396,0.02,0.00462962965007018,0.9583333333333334,0.0329415451390687,0.625,0,goodware
0.2625352539794924,0.35633063053349745,0.26,0.015476190476190477,0.6388888888888888,0.00014540496166118994,0.625,0,goodware
0.22406015629507223,0.3461622156037803,0.28,0.01650943401796447,0.631578947368421,0.03641304169372224,0.625,0,goodware
0.11789174607420132,0.4790278415477626,0.22,0.0125,0.7608695652173914,0.03802215530313809,0.625,0,goodware
0.4371030392337996,0.3440900650360801,0.3,0.017361111091948093,0.625,0.04556493527095793,0.625,0,goodware
0.11789174607420132,0.2698313960532396,0.02,0.003906250014551915,0.9615384615384616,0.016745609160674503,0.625,0,goodware
0.11789174607420132,0.4361585339107393,0.3,0.017045454545454544,0.6428571428571428,0.05039066829479184,0.625,0,goodware
0.11789174607420132,0.4124759901995964,0.3,0.016891891946315418,0.6590909090909092,0.07289859545602913,0.625,0,goodware
0.11789174607420132,0.399263197002432,0.3,0.016741071446390098,0.6739130434782609,0.08924268993942745,0.625,0,goodware
0.11789174607420132,0.2698313960532396,0.02,0.003472222199226603,0.9642857142857143,0.018557766864369926,0.625,0,goodware
0.11789174607420132,0.39003539002623466,0.3,0.01644736845545051,0.6875,0.07342161830924773,0.625,0,goodware
0.11789174607420132,0.2698313960532396,0.02,0.0032894736738911627,0.9666666666666667,0.036149992455904556,0.625,0,goodware
0.11789174607420132,0.2698313960532396,0.02,0.0032051282247221057,0.96875,0.06255774122492576,0.625,0,goodware
0.12935664416147793,0.2698313960532396,0.04,0.00625,0.9411764705882353,0.08173368916988366,0.625,0,goodware
0.11789174607420132,0.38326618624840936,0.3,0.015889830492421902,0.7,0.034315809645134775,0.625,0,goodware
0.11789174607420132,0.37819770707768596,0.3,0.015756302552576432,0.7115384615384616,0.061225850990645425,0.625,0,goodware
0.11789174607420132,0.3743750106167217,0.3,0.015625,0.7222222222222222,0.0807665384325609,0.625,0,goodware
0.11789174607420132,0.37149725415047213,0.3,0.015495867814394663,0.7321428571428572,0.09495600683111588,0.625,0,goodware
0.11789174607420132,0.3693533777295962,0.3,0.01536885247403369,0.7413793103448276,0.10525965674778734,0.625,0,goodware
0.11789174607420132,0.24443267584184647,0.04,0.0054347825805271055,0.9444444444444444,0.019313074505949743,0.625,0,goodware
0.44601065377600296,0.3560248903460913,0.32,0.0161290322890763,0.7333333333333334,0.0818672438856199,0.625,0,goodware
0.13373670235203394,0.369831236053494,0.02,0.05,0.8,0.0,0.625,0,goodware
0.1261660874599347,0.4685191079846339,0.22,0.01065891474838204,0.7708333333333334,0.00020141025607091218,0.625,0,goodware
0.11789174607420132,0.24534739475887535,0.04,0.005,0.9473684210526316,0.019271621592053364,0.625,0,goodware
0.11789174607420132,0.24619176471036736,0.04,0.004901960761397676,0.95,0.05030151747790128,0.625,0,goodware
0.11789174607420132,0.24697382118342462,0.04,0.004807692318713876,0.9523809523809523,0.07283385866878116,0.625,0,goodware
0.11789174607420132,0.2477004138034494,0.04,0.004716981121465887,0.9545454545454546,0.08919568138729059,0.625,0,goodware
0.48058782302615655,1.0,0.02,0.05,0.8,0.0,0.625,0,goodware
0.498419022622119,0.14977196342310872,0.38,0.021788990873347708,0.5,2.0203561046372443e-13,0.625,0,goodware
0.11789174607420132,0.24837741618910864,0.04,0.004464285695279131,0.9565217391304348,0.05329703412853134,0.625,0,goodware
0.1261660874599347,0.4600686644146658,0.22,0.010036496359098129,0.78,0.003880806841692133,0.625,0,goodware
0.4902363076813678,0.5517650611912512,0.02,0.0009765624990905053,0.9285714285714286,4.163336342344337e-18,0.625,0,goodware
0.2561041271286183,0.44200920551036627,0.24,0.010791366924984622,0.7692307692307692,0.02841094233274254,0.625,0,goodware
0.4840597390719237,1.0,0.04,0.04166666501098216,0.5,0.007330347547256352,0.625,0,goodware
0.11789174607420132,0.4097080285490885,0.32,0.01449275361066905,0.7419354838709677,0.0014945057854903938,0.625,0,goodware
0.11789174607420132,0.39404768683263064,0.32,0.014388489233312828,0.75,0.03739269006997299,0.625,0,goodware
0.4927853406951172,0.5139382814570334,0.04,0.0018796992464355066,0.875,0.010094825899732771,0.625,0,goodware
0.11789174607420132,0.385260388116037,0.32,0.014184397199097417,0.7575757575757576,0.0460815051485088,0.625,0,goodware
0.13373670235203394,0.7017902066586157,0.06,0.0027777777777777775,0.8333333333333334,0.03168754762989906,0.625,0,goodware
0.4840597390719237,0.6275444708331096,0.08,0.0036764705817901554,0.8,0.059317329526809195,0.625,0,goodware
0.12708470022442964,0.37908164151843526,0.34,0.014756944468877289,0.75,0.03678892339175903,0.625,0,goodware
0.12708470022442964,0.37453535478213534,0.34,0.014655172413793102,0.7571428571428571,0.06302168834141472,0.625,0,goodware
0.12708470022442964,0.3711397007520888,0.34,0.014554794556200002,0.7638888888888888,0.08207059954979531,0.625,0,goodware
0.42746894399388197,0.3648596343097628,0.36,0.015306122461392055,0.7567567567567568,0.09590293137201564,0.625,0,goodware
0.12708470022442964,0.41289994650176587,0.36,0.015202702690457408,0.7631578947368421,0.10594726503888281,0.625,0,goodware
0.12708470022442964,0.40922652565566253,0.36,0.015100671165102556,0.7692307692307692,0.11324096930166014,0.625,0,goodware
0.12708470022442964,0.4062482218229948,0.36,0.015,0.775,0.11853726362570058,0.625,0,goodware
0.46840890909982547,0.4011997899041126,0.38,0.01572847685844332,0.7682926829268293,0.12238318569848058,0.625,0,goodware
0.12267611811853227,0.4231761001435291,0.26,0.010483870967741936,0.7592592592592593,0.00046858555084921817,0.625,0,goodware
0.12166030539661564,0.411845904754642,0.28,0.011217948700804056,0.75,0.03664771200422171,0.625,0,goodware
0.49549367402845057,0.39676413408752087,0.3,0.01194267516830368,0.7413793103448276,0.06291915983703009,0.625,0,goodware
0.12166030539661564,0.2698313960532396,0.02,0.05,0.8,0.0,0.625,0,goodware
0.49549367402845057,0.2490795803103097,0.04,0.1,0.5,0.03630745600874291,0.625,0,goodware
0.6062623673341735,0.3897487505669794,0.4,0.015923566891071574,0.7619047619047619,0.02527257324946186,0.625,0,goodware
0.11789174607420132,0.45103906672798566,0.3,0.011645962715673206,0.75,0.03139573477757367,0.625,0,goodware
0.11789174607420132,0.42655305705785296,0.4,0.015723270463828425,0.7674418604651163,0.03969065912674513,0.625,0,goodware
0.11789174607420132,0.4236054432763786,0.4,0.015625,0.7727272727272727,0.0651287807904588,0.625,0,goodware
0.13373670235203394,0.369831236053494,0.02,0.05,0.8,0.0,0.625,0,goodware
0.12166030539661564,0.44470558727018095,0.3,0.011363636363636364,0.7580645161290323,0.02263105209257293,0.625,0,goodware
0.49549367402845057,0.43580957593179964,0.3,0.01129518070666879,0.765625,0.05274096451485451,0.625,0,goodware
0.35384600300833075,0.4283273925317602,0.02,0.05,0.8,0.0,0.625,0,goodware
0.494177288464225,0.15213525642962875,0.4,0.017605633817596868,0.5,1.2966425194632647e-06,0.625,0,goodware
0.11916433407288944,0.2698313960532396,0.02,0.05,0.8,0.0,0.625,0,goodware
0.13373670235203394,1.0,0.06,0.01041666659767981,0.5,3.882912001956784e-06,0.625,0,goodware
0.48058782302615655,1.0,0.06,0.010135135004518677,0.625,0.03631026865624205,0.625,0,goodware
0.12708470022442964,0.42111776323802513,0.4,0.014792899429153267,0.7777777777777778,0.00646272729812232,0.625,0,goodware
0.4237913550247392,0.2490795803103097,0.04,0.04166666501098216,0.5,0.007330347547256352,0.625,0,goodware
0.12125807778151888,0.2698313960532396,0.02,0.05,0.8,0.0,0.625,0,goodware
0.38762102609500887,0.40994085933725455,0.42,0.015261627917554232,0.7717391304347826,0.02161917578049767,0.625,0,goodware
0.5094879752204466,0.2438206390120729,0.42,0.017499999999999998,0.5,0.003865337111327491,0.625,0,goodware
0.12267611811853227,0.9600694062966303,0.06,0.0375,0.5,0.01593997628220619,0.625,0,goodware
0.48058782302615655,1.0,0.06,0.008522727203455347,0.7,0.00918846246422705,0.625,0,goodware
0.48171710197593454,0.32685859951890117,0.44,0.017973856265167336,0.5,0.020624657527651233,0.625,0,goodware
0.44195873752760795,0.4429071539478298,0.44,0.015536723174305772,0.7659574468085106,0.014459662211729635,0.625,0,goodware
0.0,0.6205500414019403,0.14,0.005756578929309535,0.6111111111111112,6.6141536692043704e-15,0.625,0,goodware
0.48027471063835125,0.4202799668116131,0.32,0.010989010996208748,0.7575757575757576,0.0006139824264604715,0.625,0,goodware
0.11789174607420132,0.4669383815408163,0.32,0.01092896174151457,0.7647058823529411,0.03675329179738525,0.625,0,goodware
0.11789174607420132,0.4744358998416386,0.44,0.015193370195765592,0.7708333333333334,0.017922191836828746,0.625,0,goodware
0.521092356832497,0.5435275175560631,0.02,0.05,0.8,0.0,0.625,0,goodware
0.5209848354592761,0.3566795628225871,0.04,0.1,0.5,0.0363074490836459,0.625,0,goodware
0.5206465391327285,0.3359005856784848,0.06,0.15,0.5,0.06267207821662583,0.625,0,goodware
0.12125807778151888,0.2698313960532396,0.02,0.008928571200492437,0.75,0.0005666705928830632,0.625,0,goodware
0.11916433407288944,0.2698313960532396,0.02,0.00625,0.75,8.30778636586968e-05,0.625,0,goodware
0.4237913550247392,0.7960061481123353,0.06,0.016304347741581317,0.625,0.0010291619598074135,0.625,0,goodware
0.12315793958268835,0.2698313960532396,0.02,0.05,0.8,0.0,0.625,0,goodware
0.12267611811853227,1.0,0.06,0.015,0.7,0.02690729153310386,0.625,0,goodware
0.12125807778151888,0.2698313960532396,0.02,0.0065789472445886895,0.8333333333333334,0.010209234719285828,0.625,0,goodware
0.12125807778151888,0.5744282683073503,0.16,0.006060606060606061,0.6,0.000780378015075471,0.625,0,goodware
0.12125807778151888,0.5422411416112419,0.16,0.0060240963768900205,0.6363636363636364,0.03687411978461289,0.625,0,goodware
0.12125807778151888,0.2698313960532396,0.02,0.005681818058668092,0.875,0.023053686764591894,0.625,0,goodware
0.12125807778151888,0.5184092784934589,0.16,0.005952380948157267,0.6666666666666667,0.045808066955273744,0.625,0,goodware
0.12125807778151888,0.500122036448041,0.16,0.005917159750792064,0.6923076923076923,0.06957093025562278,0.625,0,goodware
0.12125807778151888,0.48572873993320986,0.16,0.0058823529411764705,0.7142857142857143,0.08682632580360979,0.625,0,goodware
0.12125807778151888,0.4741774646513145,0.16,0.005847953208220698,0.7333333333333334,0.09935629714833817,0.625,0,goodware
0.12125807778151888,0.464761066809125,0.16,0.005813953472254017,0.75,0.10845492308070352,0.625,0,goodware
0.12125807778151888,0.4569853163160408,0.16,0.005780346816826179,0.7647058823529411,0.11506190298242766,0.625,0,goodware
0.12125807778151888,0.45049419022694986,0.16,0.005747126424969353,0.7777777777777778,0.11985953276368386,0.625,0,goodware
0.12125807778151888,0.4450248659179247,0.16,0.005714285714285714,0.7894736842105263,0.1233433502696615,0.625,0,goodware
0.12125807778151888,0.44037931828673377,0.16,0.005681818174121301,0.8,0.12587309727808665,0.625,0,goodware
0.12125807778151888,0.4364057238157626,0.16,0.005649717498903982,0.8095238095238095,0.1277100704921447,0.625,0,goodware
0.12125807778151888,0.43298591261259345,0.16,0.005617977524327443,0.8181818181818181,0.1290440113340829,0.625,0,goodware
0.12125807778151888,0.43002668389194654,0.16,0.00558659216760938,0.8260869565217391,0.1300126265048787,0.625,0,goodware
0.12125807778151888,0.4274536631490495,0.16,0.005555555555555555,0.8333333333333334,0.130716010356883,0.625,0,goodware
0.12125807778151888,0.425206874025462,0.16,0.0055248618711755265,0.84,0.13122674689264308,0.625,0,goodware
0.494391515771495,1.0,0.02,0.05,0.8,0.0,0.625,0,goodware
0.4919101784857184,1.0,0.04,0.1,0.5,0.03630745600874291,0.625,0,goodware
0.48599448043288185,1.0,0.06,0.15,0.5,0.06267207129152882,0.625,0,goodware
0.4959002090909177,0.7667580695807233,0.08,0.1666666931576241,0.5,0.08181672543662255,0.625,0,goodware
0.49299800549201495,0.670277677100824,0.1,0.1562500093132263,0.5,0.0957185809432621,0.625,0,goodware
0.4952084921231969,0.564950524931117,0.12,0.15,0.5,0.10581339916277246,0.625,0,goodware
0.12315793958268835,0.7863214419103266,0.1,0.0030193236732363837,0.7727272727272727,1.4842889417554515e-11,0.625,0,goodware
0.12125807778151888,0.2698313960532396,0.02,0.0028409090678184487,0.9,6.400427788692126e-05,0.625,0,goodware
0.11789174607420132,0.5086980360277296,0.44,0.012731481502560798,0.7755102040816326,9.287813683880875e-07,0.625,0,goodware
0.11789174607420132,0.5430405701393444,0.44,0.012672811066869663,0.78,0.03630812351729076,0.625,0,goodware
0.11789174607420132,0.5894846548569781,0.44,0.012614678892184464,0.7843137254901961,0.0626725560021811,0.625,0,goodware
0.14068140152741382,0.9600694062966303,0.08,0.00909090909090909,0.6666666666666667,5.20883368247127e-06,0.625,0,goodware
0.4237913550247392,0.8642945555114206,0.08,0.008928571390558263,0.7142857142857143,0.03631123147292013,0.625,0,goodware
0.11789174607420132,0.6372387818046599,0.44,0.01244343893416344,0.7884615384615384,0.04314152672074162,0.625,0,goodware
0.44601065377600285,0.6447126723475864,0.46,0.012950450457404566,0.7830188679245282,0.06763462477972741,0.625,0,goodware
0.5033492459369263,0.5148371421641416,0.14,0.058333333333333334,0.5,0.006351297559235527,0.625,0,goodware
0.12125807778151888,0.2698313960532396,0.02,0.0023584905607329436,0.9166666666666666,0.0028103312210774863,0.625,0,goodware
0.12708470022442964,0.6899765773332668,0.46,0.012777777777777777,0.787037037037037,0.04504145925431391,0.625,0,goodware
0.5001669803982732,0.45485506044362134,0.16,0.055555557027275215,0.5,0.021576514243212518,0.625,0,goodware
0.5001669803982732,0.4321916101746015,0.16,0.05263157960780771,0.5555555555555556,0.05197521292940589,0.625,0,goodware
0.12125807778151888,0.2698313960532396,0.02,0.0021929824377948156,0.9285714285714286,0.014683240248383828,0.625,0,goodware
0.1261660874599347,0.45061019333168195,0.32,0.00862068965960201,0.7714285714285715,1.3444619625935239e-08,0.625,0,goodware
0.12125807778151888,0.2698313960532396,0.02,0.002118644054954472,0.9375,0.03410698384660734,0.625,0,goodware
0.12125807778151888,0.2698313960532396,0.02,0.0020833333333333333,0.9444444444444444,0.06107421232077492,0.625,0,goodware
0.12125807778151888,0.2698313960532396,0.02,0.0020491803198596286,0.95,0.0806564261668522,0.625,0,goodware
0.12125807778151888,0.2698313960532396,0.02,0.0020161290167521736,0.9545454545454546,0.09487603081008254,0.625,0,goodware
0.12125807778151888,0.2698313960532396,0.02,0.0019841269803725975,0.9583333333333334,0.10520160230716706,0.625,0,goodware
0.5001669803982732,0.4173567855782955,0.16,0.03703703720056144,0.6,0.007883167066438981,0.625,0,goodware
0.5001669803982732,0.40721935377523194,0.16,0.03571428632249639,0.6363636363636364,0.04203181083822899,0.625,0,goodware
0.5001669803982732,0.40009781444976833,0.16,0.034482758904183806,0.6666666666666667,0.06682880572169461,0.625,0,goodware
0.4955930986299103,0.7212483879894691,0.12,0.0032467532434022235,0.75,2.309874230249781e-05,0.625,0,goodware
0.12708470022442964,0.7400211946292691,0.46,0.012029288714928896,0.7909090909090909,0.0010771442067312037,0.625,0,goodware
0.5001669803982732,0.39500428585724506,0.16,0.03125000011641532,0.6923076923076923,0.04473291688137994,0.625,0,goodware
0.5001669803982732,0.3913221163591042,0.16,0.030303030740897307,0.7142857142857143,0.068790224245012,0.625,0,goodware
0.4902363076813678,0.6627843344072151,0.12,0.0031914893617021275,0.7692307692307692,0.013908288395731511,0.625,0,goodware
0.4902363076813678,0.6089142711698602,0.12,0.0031779660984843803,0.7857142857142857,0.0464069385390196,0.625,0,goodware
0.4902363076813678,0.5748725876862465,0.12,0.0031645569636170657,0.8,0.0700058135988607,0.625,0,goodware
0.4872151608955628,0.5470785269567426,0.14,0.0036764705863938257,0.78125,0.08714209933964272,0.625,0,goodware
0.4902363076813678,0.5240227226988209,0.14,0.0036610878697609676,0.7941176470588236,0.09958561477441455,0.625,0,goodware
0.4883909175209636,0.5053626943070002,0.16,0.004166666666666667,0.7777777777777778,0.10862144184135854,0.625,0,goodware
0.1261660874599347,0.2698314220713044,0.04,0.0020325203232333714,0.5,0.0,0.625,0,goodware
0.5182533842109565,0.4886405452158388,0.18,0.004648760332868493,0.7631578947368421,0.08363988776434184,0.625,0,goodware
0.5236739858664481,0.4750334166450396,0.2,0.005144032919287175,0.75,0.0970424684109599,0.625,0,goodware
0.1261660874599347,0.369831236053494,0.02,0.05,0.8,0.0,0.625,0,goodware
0.11789174607420132,0.7837753360198405,0.46,0.01140873016412709,0.7946428571428572,0.0007971894561835072,0.625,0,goodware
0.11789174607420132,0.8398128365530292,0.46,0.011363636358282012,0.7982456140350878,0.036886327395453944,0.625,0,goodware
0.11789174607420132,0.8922639552491749,0.46,0.011318897648419824,0.8017241379310345,0.06309243019343355,0.625,0,goodware
0.11789174607420132,0.9404328744889563,0.46,0.011274509803921568,0.8050847457627118,0.08212195301987735,0.625,0,goodware
0.11789174607420132,0.9935668714584622,0.46,0.011230468765688784,0.8083333333333333,0.09594023994116788,0.625,0,goodware
0.11789174607420132,1.0,0.46,0.01118677043320454,0.8114754098360656,0.10597435661838037,0.625,0,goodware
0.11789174607420132,1.0,0.46,0.011143410847564348,0.814516129032258,0.11326062022552548,0.625,0,goodware
0.11789174607420132,1.0,0.46,0.011100386110604394,0.8174603174603174,0.11855155573596696,0.625,0,goodware
0.11789174607420132,1.0,0.46,0.011057692307692307,0.8203125,0.1223935405570585,0.625,0,goodware
0.11789174607420132,1.0,0.46,0.011015325685591524,0.823076923076923,0.12518341779933675,0.625,0,goodware
0.11789174607420132,1.0,0.46,0.010973282447740904,0.8257575757575757,0.12720926044096972,0.625,0,goodware
0.45142644724387837,1.0,0.48,0.01140684410129353,0.8208955223880597,0.1286803240122211,0.625,0,goodware
0.11789174607420132,1.0,0.48,0.01136363637389887,0.8235294117647058,0.12974856007403293,0.625,0,goodware
0.11789174607420132,1.0,0.48,0.011320754716981133,0.8260869565217391,0.13052423385493234,0.625,0,goodware
0.11789174607420132,1.0,0.48,0.01127819550388495,0.8285714285714285,0.13108751358399945,0.625,0,goodware
0.45123766013149685,1.0,0.5,0.011704119855412882,0.823943661971831,0.13149651358270192,0.625,0,goodware
0.11789174607420132,1.0,0.5,0.011660447756007337,0.8263888888888888,0.13179350851526395,0.625,0,goodware
0.11789174607420132,1.0,0.5,0.011617100382043615,0.8287671232876712,0.13200919626185947,0.625,0,goodware
0.11789174607420132,1.0,0.5,0.011574074074074073,0.8310810810810811,0.13216579252065555,0.625,0,goodware
0.46761421621791494,1.0,0.52,0.011992619942025443,0.8266666666666667,0.13227952996482978,0.625,0,goodware
0.11789174607420132,1.0,0.52,0.01194852941700138,0.8289473684210527,0.1323620950637793,0.625,0,goodware
0.11789174607420132,1.0,0.52,0.011904761899563524,0.8311688311688312,0.13242204962630325,0.625,0,goodware
0.11789174607420132,1.0,0.52,0.011861313878934151,0.8333333333333334,0.13246561083663438,0.625,0,goodware
0.46813513569821913,1.0,0.54,0.012272727272727272,0.8291139240506329,0.132497217499349,0.625,0,goodware
0.11789174607420132,1.0,0.54,0.012228260885410024,0.83125,0.132520193921512,0.625,0,goodware
0.11789174607420132,1.0,0.54,0.012184115528709242,0.8333333333333334,0.13253685295084947,0.625,0,goodware
0.11789174607420132,1.0,0.54,0.012140287764578291,0.8353658536585366,0.13254894988803856,0.625,0,goodware
0.45465022998375926,1.0,0.56,0.012544802878103634,0.8313253012048193,0.13255775935004344,0.625,0,goodware
0.11789174607420132,1.0,0.56,0.0125,0.8333333333333334,0.13256413104852366,0.625,0,goodware
0.11789174607420132,1.0,0.56,0.012455516030086974,0.8352941176470589,0.13256878313637294,0.625,0,goodware
0.11789174607420132,1.0,0.56,0.01241134752297712,0.8372093023255813,0.13257213595974104,0.625,0,goodware
0.4527086620227351,1.0,0.58,0.012809187273756276,0.8333333333333334,0.1325745706090155,0.625,0,goodware
0.11789174607420132,1.0,0.58,0.01276408451775773,0.8352272727272727,0.13257636381403912,0.625,0,goodware
0.11789174607420132,1.0,0.58,0.012719298245614036,0.8370786516853932,0.13257764066110872,0.625,0,goodware
0.11789174607420132,1.0,0.58,0.012674825190674375,0.8388888888888889,0.1325785931296655,0.625,0,goodware
0.4554358365405424,1.0,0.6,0.013066202096019556,0.8351648351648352,0.13257925947638063,0.625,0,goodware
0.11789174607420132,1.0,0.6,0.013020833327943734,0.8369565217391304,0.13257974334336928,0.625,0,goodware
0.11789174607420132,1.0,0.6,0.01297577855741753,0.8387096774193549,0.132580119990539,0.625,0,goodware
0.11789174607420132,1.0,0.6,0.012931034482758622,0.8404255319148937,0.1325803682048491,0.625,0,goodware
0.4540124295398437,1.0,0.62,0.01331615121911418,0.8368421052631578,0.1325805737331528,0.625,0,goodware
0.13373670235203394,0.4406301337120512,0.34,0.007203389830508475,0.7638888888888888,8.78199832299309e-11,0.625,0,goodware
0.119012048993225,0.2698313960532396,0.02,0.05,0.8,0.0,0.625,0,goodware
0.119012048993225,0.2698313960532396,0.02,0.05,0.75,0.03630745600874291,0.625,0,goodware
0.119012048993225,0.2698313960532396,0.02,0.05,0.8333333333333334,0.06267207129152882,0.625,0,goodware
0.119012048993225,0.2698313960532396,0.02,0.04166667328940603,0.875,0.08181672543662255,0.625,0,goodware
0.119012048993225,0.2698313960532396,0.02,0.03125000186264526,0.9,0.0957185809432621,0.625,0,goodware
0.119012048993225,0.2698313960532396,0.02,0.025,0.9166666666666666,0.10581339916277246,0.625,0,goodware
0.119012048993225,0.2698313960532396,0.02,0.02083333457509684,0.9285714285714286,0.1131437627135012,0.625,0,goodware
0.119012048993225,0.2698313960532396,0.02,0.017857143161248194,0.9375,0.11846667716069707,0.625,0,goodware
0.119012048993225,0.2698313960532396,0.02,0.01562500093132263,0.9444444444444444,0.12233192939902202,0.625,0,goodware
0.119012048993225,0.2698313960532396,0.02,0.013888889256818804,0.95,0.12513865504282906,0.625,0,goodware
0.119012048993225,0.2698313960532396,0.02,0.0125,0.9545454545454546,0.1271767560109148,0.625,0,goodware
0.119012048993225,0.2698313960532396,0.02,0.011363636733086654,0.9583333333333334,0.1286567454927613,0.625,0,goodware
0.119012048993225,0.2698313960532396,0.02,0.010416666770146955,0.9615384615384616,0.1297314138085663,0.625,0,goodware
0.119012048993225,0.2698313960532396,0.02,0.009615384968074835,0.9642857142857143,0.13051180800487375,0.625,0,goodware
0.119012048993225,0.2698313960532396,0.02,0.008928571580624097,0.9666666666666667,0.13107846556267638,0.625,0,goodware
0.119012048993225,0.2698313960532396,0.02,0.008333333333333333,0.96875,0.13148994337123204,0.625,0,goodware
0.119012048993225,0.2698313960532396,0.02,0.007812500174622986,0.9705882352941176,0.13178876269960496,0.625,0,goodware
0.119012048993225,0.2698313960532396,0.02,0.007352941228031699,0.9722222222222222,0.1320057249138979,0.625,0,goodware
0.119012048993225,0.2698313960532396,0.02,0.006944444628409402,0.9736842105263158,0.13216329701301419,0.625,0,goodware
0.119012048993225,0.2698313960532396,0.02,0.006578947450975964,0.975,0.1322776926241816,0.625,0,goodware
0.5101908635662112,1.0,0.64,0.012779552710787729,0.8333333333333334,0.0001599636659914444,0.625,0,goodware
0.11789174607420132,1.0,0.64,0.01273885351285726,0.8350515463917526,0.03642361348406255,0.625,0,goodware
0.5201885655943513,1.0,0.66,0.013095238095238096,0.8316326530612245,0.06275641892394587,0.625,0,goodware
0.4867969460563872,1.0,0.68,0.013449367103828696,0.8282828282828283,0.08187797439569103,0.625,0,goodware
0.12125807778151888,0.2698313960532396,0.02,0.05,0.8,0.0,0.625,0,goodware
0.11789174607420132,0.24900989335266782,0.04,0.0010373443973140158,0.9583333333333334,0.0,0.625,0,goodware
0.12125807778151888,0.4232374924549861,0.16,0.0034129692818878577,0.8461538461538461,4.9960036108132046e-17,0.625,0,goodware
0.12125807778151888,0.2698313960532396,0.02,0.04166666501098216,0.75,0.019144643568445394,0.625,0,goodware
0.12708470022442964,1.0,0.68,0.013239875404158719,0.83,0.02662570383067834,0.625,0,goodware
0.12708470022442964,1.0,0.68,0.013198757768861535,0.8316831683168316,0.05564167680661769,0.625,0,goodware
0.12708470022442964,1.0,0.68,0.013157894731985934,0.8333333333333334,0.07671159603534497,0.625,0,goodware
0.12708470022442964,1.0,0.68,0.013117283960269765,0.8349514563106796,0.0920115139770178,0.625,0,goodware
0.12708470022442964,1.0,0.68,0.013076923076923078,0.8365384615384616,0.10312151626024084,0.625,0,goodware
0.12708470022442964,1.0,0.68,0.013036809830252535,0.8380952380952381,0.11118905431221411,0.625,0,goodware
0.12708470022442964,1.0,0.68,0.012996941900762556,0.839622641509434,0.11704726764563496,0.625,0,goodware
0.12708470022442964,1.0,0.68,0.012957317068461486,0.8411214953271028,0.12130120329212124,0.625,0,goodware
0.12708470022442964,1.0,0.68,0.01291793314006041,0.8425925925925926,0.12439021805546832,0.625,0,goodware
0.12708470022442964,1.0,0.68,0.012878787878787878,0.8440366972477065,0.12663327925469647,0.625,0,goodware
0.4902363076813678,0.46261908468823804,0.2,0.0038580246941969905,0.7619047619047619,8.138226204046361e-13,0.625,0,goodware
0.4902363076813678,0.45211177618064297,0.2,0.0038461538461538464,0.7727272727272727,0.036307449084236866,0.625,0,goodware
0.12125807778151888,0.4215054317685996,0.16,0.0032573289851686787,0.8518518518518519,0.0005666705928830632,0.625,0,goodware
0.12125807778151888,0.41997752186594184,0.16,0.0032467532454966133,0.8571428571428572,0.03671894336119391,0.625,0,goodware
0.12125807778151888,0.41862611962771384,0.16,0.003236245950947017,0.8620689655172413,0.0629708724134824,0.625,0,goodware
0.12125807778151888,0.41742803671663503,0.16,0.0032258064516129032,0.8666666666666667,0.0820336996084364,0.625,0,goodware
0.12125807778151888,0.41636370391753286,0.16,0.0032154340811362723,0.8709677419354839,0.09587613651717405,0.625,0,goodware
0.12125807778151888,0.4154165137917807,0.16,0.00320512820022973,0.875,0.10592780798232553,0.625,0,goodware
0.12125807778151888,0.4145722991739019,0.16,0.003194888177696932,0.8787878787878788,0.11322684057715988,0.625,0,goodware
0.4840597390719237,0.7856301953294776,0.04,0.0008741258733971753,0.75,0.0,0.625,0,goodware
0.49021174888916336,0.6751798882894913,0.06,0.0013066202096019557,0.7,0.03630745600874291,0.625,0,goodware
0.5076681513456793,1.0,0.7,0.012792397665277696,0.8409090909090909,0.003796485433400809,0.625,0,goodware
0.1261660874599347,0.43160187419436663,0.34,0.006141618492877815,0.7702702702702703,4.085865133729439e-09,0.625,0,goodware
0.5241150095081286,1.0,0.72,0.013081395357903628,0.8378378378378378,0.028366480291269792,0.625,0,goodware
0.5173851445168891,1.0,0.74,0.013405797101449277,0.8348214285714286,0.05690573986079637,0.625,0,goodware
0.5263177185739253,1.0,0.76,0.013728323713611651,0.831858407079646,0.07762950894155954,0.625,0,goodware
0.5167811007979641,1.0,0.78,0.014048991359293286,0.8289473684210527,0.09267803794932804,0.625,0,goodware
0.513317153597239,1.0,0.8,0.014367816087032251,0.8260869565217391,0.10360551196399452,0.625,0,goodware
0.5175461708774666,1.0,0.82,0.014684813763613561,0.8232758620689655,0.11154050736666325,0.625,0,goodware
0.5175461708774666,1.0,0.84,0.015,0.8205128205128205,0.11730247492322905,0.625,0,goodware
0.5192848238736423,1.0,0.86,0.015313390328992862,0.8177966101694916,0.12148654496857902,0.625,0,goodware
0.5215777598591592,1.0,0.88,0.015625000005291607,0.8151260504201681,0.12452477999954073,0.625,0,goodware
0.48939545503218956,1.0,0.9,0.01593484418725331,0.8125,0.12673099127335657,0.625,0,goodware
0.4244529754432677,1.0,0.92,0.016242937864046944,0.8099173553719008,0.1283330538207784,0.625,0,goodware
0.5211914643655222,1.0,0.94,0.016549295774647886,0.8073770491803278,0.1294963654305799,0.625,0,goodware
0.11789174607420132,1.0,0.94,0.016502809005342317,0.8089430894308943,0.13034112783200041,0.625,0,goodware
0.11789174607420132,1.0,0.94,0.0164565826385484,0.810483870967742,0.13095452632895266,0.625,0,goodware
0.11789174607420132,1.0,0.94,0.016410614519675147,0.812,0.13139994502287422,0.625,0,goodware
0.11789174607420132,1.0,0.94,0.016364902517832024,0.8134920634920635,0.13172341047812772,0.625,0,goodware
0.11789174607420132,1.0,0.94,0.016319444444444445,0.8149606299212598,0.13195826946482214,0.625,0,goodware
0.11789174607420132,1.0,0.94,0.016274238243269033,0.81640625,0.13212883728042032,0.625,0,goodware
0.11789174607420132,1.0,0.94,0.016229281773300224,0.8178294573643411,0.13225266972444985,0.625,0,goodware
0.11789174607420132,1.0,0.94,0.016184572997439802,0.8192307692307692,0.13234259052757993,0.625,0,goodware
0.11789174607420132,1.0,0.94,0.0161401099006816,0.8206106870229007,0.13240791168200655,0.625,0,goodware
0.11789174607420132,1.0,0.94,0.016095890410958904,0.821969696969697,0.13245531931697263,0.625,0,goodware
0.4244529754432677,1.0,0.94,0.01605191258399074,0.8233082706766918,0.13248976959324246,0.625,0,goodware
0.5309244908447667,1.0,0.96,0.016348773847272277,0.8208955223880597,0.13251476035585846,0.625,0,goodware
0.11789174607420132,1.0,0.96,0.016304347820805355,0.8222222222222222,0.1325329073726833,0.625,0,goodware
0.11789174607420132,1.0,0.96,0.016260162612132045,0.8235294117647058,0.13254611009163283,0.625,0,goodware
0.11789174607420132,1.0,0.96,0.016216216216216217,0.8248175182481752,0.13255567195139156,0.625,0,goodware
0.11789174607420132,1.0,0.96,0.016172506754134067,0.8260869565217391,0.13256264057043302,0.625,0,goodware
0.11789174607420132,1.0,0.96,0.016129032263233145,0.8273381294964028,0.1325676755417389,0.625,0,goodware
0.11789174607420132,1.0,0.96,0.016085790879577545,0.8285714285714285,0.13257133168102544,0.625,0,goodware
0.11789174607420132,1.0,0.96,0.0160427807588901,0.8297872340425532,0.1325740118693288,0.625,0,goodware
0.4244529754432677,1.0,0.96,0.016,0.8309859154929577,0.13257593279885235,0.625,0,goodware
0.5188808526617252,1.0,0.98,0.016289893632515214,0.8286713286713286,0.13257735296699064,0.625,0,goodware
0.11789174607420132,1.0,0.98,0.016246684355269908,0.8298611111111112,0.1325783589335172,0.625,0,goodware
0.11789174607420132,1.0,0.98,0.016203703698593565,0.8310344827586207,0.13257908941508606,0.625,0,goodware
0.11789174607420132,1.0,0.98,0.01616094987824029,0.8321917808219178,0.13257964514109147,0.625,0,goodware
0.11789174607420132,1.0,0.98,0.01611842105263158,0.8333333333333334,0.13258002339340633,0.625,0,goodware
0.11789174607420132,1.0,0.98,0.016076115500654246,0.8344594594594594,0.132580323348627,0.625,0,goodware
0.4244529754432677,1.0,0.98,0.016034031418616247,0.8355704697986577,0.13258051587311762,0.625,0,goodware
0.5190628090364424,1.0,1.0,0.016318537853928665,0.8333333333333334,0.1325806556745804,0.625,0,goodware
0.11789174607420132,1.0,1.0,0.016276041676772164,0.8344370860927153,0.13258078247904528,0.625,0,goodware
0.11789174607420132,1.0,1.0,0.016233766233766232,0.8355263157894737,0.13258084927020328,0.625,0,goodware
0.11789174607420132,1.0,1.0,0.016191709859561157,0.8366013071895425,0.1325809230583365,0.625,0,goodware
0.11789174607420132,1.0,1.0,0.016149870806008305,0.8376623376623377,0.13258095135171244,0.625,0,goodware
0.4244529754432677,1.0,1.0,0.016108247417731307,0.8387096774193549,0.1325809718969186,0.625,0,goodware
0.5115640315090498,1.0,1.0,0.016388174817242276,0.8365384615384616,0.13258101210361792,0.625,0,goodware
0.11789174607420132,1.0,1.0,0.016346153846153847,0.8375796178343949,0.13258101601185288,0.625,0,goodware
0.11789174607420132,1.0,1.0,0.016304347840999718,0.8386075949367089,0.13258104413763866,0.625,0,goodware
0.11789174607420132,1.0,1.0,0.016262755106986406,0.839622641509434,0.13258103927332443,0.625,0,goodware
0.11789174607420132,1.0,1.0,0.016221374040881073,0.840625,0.1325810357411076,0.625,0,goodware
0.11789174607420132,1.0,1.0,0.016180203055476298,0.8416149068322981,0.1325810584640196,0.625,0,goodware
0.11789174607420132,1.0,1.0,0.016139240506329113,0.8425925925925926,0.13258104967641135,0.625,0,goodware
0.11789174607420132,1.0,1.0,0.016098484863023402,0.843558282208589,0.13258106858312815,0.625,0,goodware
0.11789174607420132,1.0,1.0,0.016057934513637923,0.8445121951219512,0.1325810570243917,0.625,0,goodware
0.11789174607420132,1.0,1.0,0.016017587934900893,0.8454545454545455,0.13258104863102704,0.625,0,goodware
0.11789174607420132,1.0,1.0,0.015977443618569724,0.8463855421686747,0.13258106782402326,0.625,0,goodware
0.11789174607420132,1.0,1.0,0.0159375,0.8473053892215568,0.13258105647316848,0.625,0,goodware
0.11789174607420132,1.0,1.0,0.015897755625150826,0.8482142857142857,0.13258107351858736,0.625,0,goodware
0.11789174607420132,1.0,1.0,0.01585820895992648,0.849112426035503,0.1325810606082704,0.625,0,goodware
0.11789174607420132,1.0,1.0,0.01581885855611475,0.85,0.13258105123345693,0.625,0,goodware
0.11789174607420132,1.0,1.0,0.01577970297960934,0.8508771929824561,0.13258106971377542,0.625,0,goodware
0.11789174607420132,1.0,1.0,0.015740740740740743,0.8517441860465116,0.13258105784541008,0.625,0,goodware
0.11789174607420132,1.0,1.0,0.01570197045718094,0.8526011560693642,0.1325810745150394,0.625,0,goodware
0.11789174607420132,1.0,1.0,0.015663390667978432,0.853448275862069,0.13258106133184305,0.625,0,goodware
0.11789174607420132,1.0,1.0,0.015624999995434694,0.8542857142857143,0.13258105175887844,0.625,0,goodware
0.11789174607420132,1.0,1.0,0.015586797075100689,0.8551136363636364,0.13258107009530978,0.625,0,goodware
0.11789174607420132,1.0,1.0,0.015548780487804878,0.8559322033898304,0.13258105812246088,0.625,0,goodware
0.11789174607420132,1.0,1.0,0.015510948918606198,0.8567415730337079,0.13258107471621958,0.625,0,goodware
0.11789174607420132,1.0,1.0,0.015473300975350875,0.8575418994413408,0.13258106147792983,0.625,0,goodware
0.11789174607420132,1.0,1.0,0.015435835346634152,0.8583333333333334,0.13258105186495922,0.625,0,goodware
0.11789174607420132,1.0,1.0,0.015398550733505555,0.8591160220994475,0.13258107017234025,0.625,0,goodware
0.11789174607420132,1.0,1.0,0.015361445783132529,0.8598901098901099,0.13258105817839647,0.625,0,goodware
0.11789174607420132,1.0,1.0,0.015324519243943449,0.860655737704918,0.13258107475683717,0.625,0,goodware
0.11789174607420132,1.0,1.0,0.015287769788543033,0.8614130434782609,0.13258106150742424,0.625,0,goodware
0.11789174607420132,1.0,1.0,0.01525119616789932,0.8621621621621621,0.13258105188637653,0.625,0,goodware
0.11789174607420132,1.0,1.0,0.01521479714469568,0.8629032258064516,0.13258107018789242,0.625,0,goodware
0.4244529754432677,1.0,1.0,0.015178571428571427,0.8636363636363636,0.13258105818968965,0.625,0,goodware
0.5156053922987337,1.0,1.0,0.015439429941856462,0.8617021276595744,0.13258107476503772,0.625,0,goodware
0.11789174607420132,1.0,1.0,0.01540284360624683,0.8624338624338624,0.13258106151337906,0.625,0,goodware
0.11789174607420132,1.0,1.0,0.015366430255716735,0.8631578947368421,0.13258105189070063,0.625,0,goodware
0.11789174607420132,1.0,1.0,0.01533018868786557,0.8638743455497382,0.13258107019103235,0.625,0,goodware
0.11789174607420132,1.0,1.0,0.015294117647058824,0.8645833333333334,0.13258105819196975,0.625,0,goodware
0.11789174607420132,1.0,1.0,0.015258215975250618,0.8652849740932642,0.1325810747666934,0.625,0,goodware
0.11789174607420132,1.0,1.0,0.015222482439846982,0.865979381443299,0.13258106151458132,0.625,0,goodware
0.11789174607420132,1.0,1.0,0.01518691588362051,0.8666666666666667,0.13258105189157365,0.625,0,goodware
0.11789174607420132,1.0,1.0,0.015151515159935671,0.8673469387755102,0.13258107019166632,0.625,0,goodware
0.11789174607420132,1.0,1.0,0.015116279069767442,0.868020304568528,0.13258105819243007,0.625,0,goodware
0.11789174607420132,1.0,1.0,0.015081206509033548,0.8686868686868687,0.13258107476702766,0.625,0,goodware
0.11789174607420132,1.0,1.0,0.015046296300448283,0.8693467336683417,0.13258106151482404,0.625,0,goodware
0.11789174607420132,1.0,1.0,0.015011547339978023,0.87,0.1325810518917499,0.625,0,goodware
0.11789174607420132,1.0,1.0,0.014976958533573236,0.8706467661691543,0.1325810701917943,0.625,0,goodware
0.11789174607420132,1.0,1.0,0.014942528735632185,0.8712871287128713,0.132581058192523,0.625,0,goodware
0.11789174607420132,1.0,1.0,0.014908256892962404,0.8719211822660098,0.13258107476709513,0.625,0,goodware
0.4244529754432677,1.0,1.0,0.014874141880487727,0.8725490196078431,0.13258106151487306,0.625,0,goodware
0.5254672498409906,1.0,1.0,0.01512557077213902,0.8707317073170732,0.1325810518917855,0.625,0,goodware
0.11789174607420132,1.0,1.0,0.015091116181316635,0.8713592233009708,0.13258107019182014,0.625,0,goodware
0.11789174607420132,1.0,1.0,0.015056818181818182,0.8719806763285024,0.1325810581925418,0.625,0,goodware
0.11789174607420132,1.0,1.0,0.015022675749144055,0.8725961538461539,0.13258107476710876,0.625,0,goodware
0.11789174607420132,1.0,1.0,0.014988687786847943,0.8732057416267942,0.13258106151488294,0.625,0,goodware
0.11789174607420132,1.0,1.0,0.014954853269113413,0.8738095238095238,0.13258105189179267,0.625,0,goodware
0.11789174607420132,1.0,1.0,0.014921171179183523,0.8744075829383886,0.13258107019182536,0.625,0,goodware
0.11789174607420132,1.0,1.0,0.014887640449438203,0.875,0.13258105819254556,0.625,0,goodware
0.11789174607420132,1.0,1.0,0.01485426010159708,0.8755868544600939,0.1325810747671115,0.625,0,goodware
0.11789174607420132,1.0,1.0,0.01482102908672663,0.8761682242990654,0.13258106151488494,0.625,0,goodware
0.11789174607420132,1.0,1.0,0.014787946424636472,0.8767441860465116,0.13258105189179412,0.625,0,goodware
0.11789174607420132,1.0,1.0,0.014755011143692359,0.8773148148148148,0.1325810701918264,0.625,0,goodware
0.11789174607420132,1.0,1.0,0.014722222222222223,0.8778801843317973,0.1325810581925463,0.625,0,goodware
0.11789174607420132,1.0,1.0,0.0146895787256173,0.8784403669724771,0.13258107476711206,0.625,0,goodware
0.11789174607420132,1.0,1.0,0.01465707964988332,0.8789954337899544,0.13258106151488536,0.625,0,goodware
0.11789174607420132,1.0,1.0,0.014624724057961582,0.8795454545454545,0.13258105189179442,0.625,0,goodware
0.11789174607420132,1.0,1.0,0.01459251102087913,0.8800904977375565,0.1325810701918266,0.625,0,goodware
0.11789174607420132,1.0,1.0,0.01456043956043956,0.8806306306306306,0.13258105819254648,0.625,0,goodware
0.11789174607420132,1.0,1.0,0.014528508783324123,0.8811659192825112,0.13258107476711217,0.625,0,goodware
0.11789174607420132,1.0,1.0,0.014496717728070336,0.8816964285714286,0.1325810615148854,0.625,0,goodware
0.11789174607420132,1.0,1.0,0.014465065498418406,0.8822222222222222,0.13258105189179448,0.625,0,goodware
0.11789174607420132,1.0,1.0,0.014433551205754309,0.8827433628318584,0.13258107019182666,0.625,0,goodware
0.11789174607420132,1.0,1.0,0.014402173913043478,0.8832599118942731,0.1325810581925465,0.625,0,goodware
0.11789174607420132,1.0,1.0,0.014370932766029168,0.8837719298245614,0.1325810747671122,0.625,0,goodware
0.11789174607420132,1.0,1.0,0.014339826843526929,0.8842794759825328,0.13258106151488544,0.625,0,goodware
0.11789174607420132,1.0,1.0,0.014308855287892552,0.8847826086956522,0.1325810518917945,0.625,0,goodware
0.11789174607420132,1.0,1.0,0.01427801724871583,0.8852813852813852,0.1325810701918267,0.625,0,goodware
0.11789174607420132,1.0,1.0,0.01424731182795699,0.8857758620689655,0.13258105819254654,0.625,0,goodware
0.11789174607420132,1.0,1.0,0.014216738208335411,0.8862660944206009,0.1325810747671122,0.625,0,goodware
0.11789174607420132,1.0,1.0,0.014186295506833271,0.8867521367521367,0.13258106151488547,0.625,0,goodware
0.11789174607420132,1.0,1.0,0.014155982902377084,0.8872340425531915,0.1325810518917945,0.625,0,goodware
0.5164289021380027,1.0,1.0,0.014392324101133044,0.885593220338983,0.1325810701918267,0.625,0,goodware
0.4244529754432677,1.0,1.0,0.014361702127659576,0.8860759493670887,0.13258105819254654,0.625,0,goodware
0.5110193457885936,1.0,1.0,0.014596602983482277,0.884453781512605,0.1325810747671122,0.625,0,goodware
0.11789174607420132,1.0,1.0,0.014565677969780432,0.8849372384937239,0.13258106151488547,0.625,0,goodware
0.11789174607420132,1.0,1.0,0.014534883717267032,0.8854166666666666,0.1325810518917945,0.625,0,goodware
0.11789174607420132,1.0,1.0,0.014504219416578219,0.8858921161825726,0.1325810701918267,0.625,0,goodware
0.11789174607420132,1.0,1.0,0.014473684210526316,0.8863636363636364,0.13258105819254654,0.625,0,goodware
0.11789174607420132,1.0,1.0,0.01444327732177588,0.8868312757201646,0.1325810747671122,0.625,0,goodware
0.11789174607420132,1.0,1.0,0.01441299790716596,0.8872950819672131,0.13258106151488547,0.625,0,goodware
0.11789174607420132,1.0,1.0,0.014382845184697554,0.8877551020408163,0.1325810518917945,0.625,0,goodware
0.11789174607420132,1.0,1.0,0.014352818378751523,0.8882113821138211,0.1325810701918267,0.625,0,goodware
0.11789174607420132,1.0,1.0,0.014322916666666666,0.888663967611336,0.13258105819254654,0.625,0,goodware
0.11789174607420132,1.0,1.0,0.014293139303766373,0.8891129032258065,0.1325810747671122,0.625,0,goodware
0.11789174607420132,1.0,1.0,0.014263485480706101,0.8895582329317269,0.13258106151488547,0.625,0,goodware
0.11789174607420132,1.0,1.0,0.014233954447832672,0.89,0.1325810518917945,0.625,0,goodware
0.11789174607420132,1.0,1.0,0.014204545461542619,0.8904382470119522,0.1325810701918267,0.625,0,goodware
0.11789174607420132,1.0,1.0,0.014175257731958763,0.8908730158730158,0.13258105819254654,0.625,0,goodware
0.11789174607420132,1.0,1.0,0.014146090545388965,0.8913043478260869,0.1325810747671122,0.625,0,goodware
0.4244529754432677,1.0,1.0,0.014117043124605507,0.8917322834645669,0.13258106151488547,0.625,0,goodware
0.5204138840606242,1.0,1.0,0.01434426229157793,0.8901960784313725,0.1325810518917945,0.625,0,goodware
0.11789174607420132,1.0,1.0,0.01431492843233731,0.890625,0.1325810701918267,0.625,0,goodware
0.11789174607420132,1.0,1.0,0.014285714285714285,0.8910505836575875,0.13258105819254654,0.625,0,goodware
0.11789174607420132,1.0,1.0,0.014256619154986893,0.8914728682170543,0.1325810747671122,0.625,0,goodware
0.11789174607420132,1.0,1.0,0.014227642279870056,0.8918918918918919,0.13258106151488547,0.625,0,goodware
0.11789174607420132,1.0,1.0,0.014198782958027126,0.8923076923076922,0.1325810518917945,0.625,0,goodware
0.11789174607420132,1.0,1.0,0.014170040492668828,0.89272030651341,0.1325810701918267,0.625,0,goodware
0.5013844528616379,0.3886487154250056,0.18,0.0039198606288058675,0.7,0.0,0.625,0,goodware
0.5005020131074391,0.372493645058148,0.2,0.004340277784963908,0.6875,0.03630745600874291,0.625,0,goodware
0.4931023599664201,0.34938471271893684,0.22,0.004757785471053095,0.6764705882352942,0.06267207129152882,0.625,0,goodware
0.49398885006878823,0.32691040175655794,0.24,0.005172413793103448,0.6666666666666667,0.0818167098313221,0.625,0,goodware
0.5000989959339711,0.3169060264447038,0.26,0.0055841924467253026,0.6578947368421053,0.0957185878683591,0.625,0,goodware
0.502787502166693,0.3112966889168508,0.28,0.005993150687378217,0.65,0.1058134041914246,0.625,0,goodware
0.498598012223957,0.3035357784313117,0.3,0.00639931741655779,0.6428571428571428,0.1131437663650525,0.625,0,goodware
0.5004827927744016,0.2880880192702927,0.32,0.006802721093952024,0.6363636363636364,0.11846667981226736,0.625,0,goodware
0.5021426247942117,0.2823939437192008,0.34,0.007203389830508475,0.6304347826086957,0.12233190799149549,0.625,0,goodware
0.4932877277848989,0.26938232561004993,0.36,0.007601351360535321,0.625,0.12513866336607904,0.625,0,goodware
0.4971707482466783,0.2674200496053229,0.38,0.00799663299984267,0.62,0.1271767620548343,0.625,0,goodware
0.4999544317356213,0.26727218384079193,0.4,0.008389261758390307,0.6153846153846154,0.1286567498815481,0.625,0,goodware
0.4983343162730015,0.3329467599089323,0.42,0.00877926422104729,0.6111111111111112,0.12973141699547938,0.625,0,goodware
0.5040179747598514,0.39373942034409787,0.44,0.009166666666666667,0.6071428571428572,0.13051178542589797,0.625,0,goodware
0.5021885313702986,0.45705831118519313,0.46,0.009551495027959737,0.603448275862069,0.13107847416820856,0.625,0,goodware
0.49783508066019755,0.5185063709137253,0.48,0.009933774838358273,0.6,0.13148994962013044,0.625,0,goodware
0.4989229473963496,0.5733997653375219,0.5,0.010313531369365924,0.5967741935483871,0.13178876723723704,0.625,0,goodware
0.499204205347829,0.6184668815655607,0.52,0.010690789482068693,0.59375,0.1320057282088948,0.625,0,goodware
0.5017956234133483,0.6667266068741614,0.54,0.011065573770491803,0.5909090909090908,0.13216327419752688,0.625,0,goodware
0.5051042773760636,0.714239176943405,0.56,0.011437908510099721,0.5882352941176471,0.13227770128670557,0.625,0,goodware
0.498388013897274,0.7510444042789431,0.58,0.011807817594161569,0.5857142857142856,0.13236076717102158,0.625,0,goodware
0.49631692917727305,0.7912459210219301,0.6,0.01217532469417418,0.5833333333333333,0.13242111063564949,0.625,0,goodware
0.4990147032452986,0.8237606708142741,0.62,0.012540453084109634,0.5810810810810811,0.1324649037237196,0.625,0,goodware
0.49416527692468093,0.8544614968754889,0.64,0.012903225806451613,0.5789473684210527,0.13249670403002603,0.625,0,goodware
0.5064100522326052,0.8886187511673299,0.66,0.013263665610107578,0.5769230769230769,0.13251982106621488,0.625,0,goodware
0.4992451977961344,0.9209756522909517,0.68,0.013621794876999502,0.575,0.13253658220235515,0.625,0,goodware
0.4964445145671946,0.9535073761058633,0.7,0.013977635804041714,0.5731707317073171,0.13254877856596586,0.625,0,goodware
0.4978167616525098,0.9778469466029414,0.72,0.014331210201964418,0.5714285714285714,0.1325576096613111,0.625,0,goodware
0.49639896385603854,1.0,0.74,0.014682539682539682,0.5697674418604651,0.13256402235220316,0.625,0,goodware
0.4999234075519665,1.0,0.76,0.015031645586632076,0.5681818181818181,0.1325687042066354,0.625,0,goodware
0.4970571357207749,1.0,0.78,0.015378548901682226,0.5666666666666667,0.1325720786449925,0.625,0,goodware
0.5007516109111415,1.0,0.8,0.015723270463828425,0.5652173913043479,0.13257455427655632,0.625,0,goodware
0.5006808562672364,1.0,0.82,0.016065830733010635,0.5638297872340425,0.1325763266673083,0.625,0,goodware
0.5000912652815079,1.0,0.84,0.01640625,0.5625,0.13257761368704796,0.625,0,goodware
0.50003380167829,1.0,0.86,0.016744548305259555,0.5612244897959184,0.132578573542475,0.625,0,goodware
0.4934484285499767,1.0,0.88,0.017080745347938457,0.56,0.13257924525316217,0.625,0,goodware
0.50909469515562,1.0,0.9,0.017414860706823694,0.5588235294117647,0.13257975830277335,0.625,0,goodware
0.5005867349153664,1.0,0.92,0.017746913593306154,0.5576923076923077,0.1325801055656464,0.625,0,goodware
0.5015361319558691,1.0,0.94,0.018076923076923077,0.5566037735849056,0.13258035773022803,0.625,0,goodware
0.5007805914508269,1.0,0.96,0.018404907995650636,0.5555555555555556,0.1325805661270159,0.625,0,goodware
0.4984284376248713,1.0,0.98,0.018730886856981332,0.5545454545454546,0.1325806921663975,0.625,0,goodware
0.49887726671733656,1.0,1.0,0.019054878076481933,0.5535714285714286,0.13258080897754615,0.625,0,goodware
0.4944639593844816,1.0,1.0,0.019376899710090618,0.5526315789473684,0.13258086851206272,0.625,0,goodware
0.4972177908561155,1.0,1.0,0.019696969696969695,0.5517241379310345,0.1325809117429913,0.625,0,goodware
0.5051076679410714,1.0,1.0,0.020015105761806526,0.5508474576271186,0.13258096842289652,0.625,0,goodware
0.5024190259211344,1.0,1.0,0.02033132530850507,0.55,0.13258098429314152,0.625,0,goodware
0.4954058650912694,1.0,1.0,0.020645645675209042,0.5491803278688525,0.13258102110512432,0.625,0,goodware
0.4978346308635315,1.0,1.0,0.0209580838472958,0.5483870967741935,0.13258102254828757,0.625,0,goodware
0.4907984056406267,1.0,1.0,0.02126865671641791,0.5476190476190477,0.13258102359623913,0.625,0,goodware
0.4903345124328927,1.0,1.0,0.02157738097534724,0.546875,0.13258104964503403,0.625,0,goodware
0.4959193229993818,1.0,1.0,0.021884273004773913,0.5461538461538462,0.13258104327251397,0.625,0,goodware
0.4933144521560915,1.0,1.0,0.0221893491437299,0.5454545454545454,0.13258106393294372,0.625,0,goodware
0.49218553211584715,1.0,1.0,0.02249262538455062,0.5447761194029851,0.13258105364766504,0.625,0,goodware
0.4938993732663871,1.0,1.0,0.022794117647058822,0.5441176470588236,0.1325810461790204,0.625,0,goodware
0.4946145151262135,1.0,1.0,0.023093841666448685,0.5434782608695652,0.13258106604350078,0.625,0,goodware
0.4959521419705208,1.0,1.0,0.023391812873650646,0.5428571428571429,0.1325810551802439,0.625,0,goodware
0.49364210413390136,1.0,1.0,0.02368804668016134,0.5422535211267605,0.1325810725797313,0.625,0,goodware
0.49287379360337935,1.0,1.0,0.02398255815615665,0.5416666666666667,0.13258105992652106,0.625,0,goodware
0.49121661799047023,1.0,1.0,0.02427536231884058,0.5410958904109588,0.1325810507384053,0.625,0,goodware
0.4985399371999559,1.0,1.0,0.024566474013831375,0.5405405405405406,0.13258106935429412,0.625,0,goodware
0.5037561929956974,1.0,1.0,0.02485590778951889,0.54,0.1325810575843731,0.625,0,goodware
0.5048071180585262,1.0,1.0,0.025143678195371954,0.5394736842105263,0.13258107432548763,0.625,0,goodware
0.5020887961867082,1.0,1.0,0.02542979944430641,0.538961038961039,0.1325810611942002,0.625,0,goodware
0.5010132627074385,1.0,1.0,0.02571428571428571,0.5384615384615384,0.13258105165892925,0.625,0,goodware
0.5007840280660824,1.0,1.0,0.02599715102363905,0.5379746835443038,0.13258107002273176,0.625,0,goodware
0.5044983980602209,1.0,1.0,0.02627840909980861,0.5375,0.13258105806975845,0.625,0,goodware
0.4982069478912744,1.0,1.0,0.026558073690265936,0.537037037037037,0.13258107467794975,0.625,0,goodware
0.4927814317076976,1.0,1.0,0.026836158210164517,0.5365853658536586,0.13258106145014023,0.625,0,goodware
0.507179806252284,1.0,1.0,0.02711267605633803,0.536144578313253,0.1325810518447798,0.625,0,goodware
0.49956559024914093,1.0,1.0,0.027387640476951074,0.5357142857142857,0.132581070157687,0.625,0,goodware
0.4981114817871203,1.0,1.0,0.027661064435006877,0.5352941176470588,0.13258105816775603,0.625,0,goodware
0.5058614052996921,1.0,1.0,0.02793296093105998,0.5348837209302326,0.13258107474911063,0.625,0,goodware
0.5072568298516071,1.0,1.0,0.028203342637114763,0.5344827586206897,0.13258106150181362,0.625,0,goodware
0.4957155986015429,1.0,1.0,0.02847222222222222,0.5340909090909092,0.13258105188230238,0.625,0,goodware
0.5057370999167408,1.0,1.0,0.028739612216836803,0.5337078651685394,0.13258107018493398,0.625,0,goodware
0.5060333469236531,1.0,1.0,0.02900552487143019,0.5333333333333333,0.1325810581875414,0.625,0,goodware
0.501410586430876,1.0,1.0,0.029269972490239698,0.532967032967033,0.13258107476347775,0.625,0,goodware
0.4946235817048661,1.0,1.0,0.02953296705231101,0.5326086956521738,0.1325810615122463,0.625,0,goodware
0.5027062169740211,1.0,1.0,0.029794520547945208,0.532258064516129,0.13258105188987807,0.625,0,goodware
0.5023065855615768,1.0,1.0,0.030054644838110323,0.5319148936170213,0.13258107019043505,0.625,0,goodware
0.5010918874113767,1.0,1.0,0.030313351508484014,0.531578947368421,0.132581058191536,0.625,0,goodware
0.49793481584378807,1.0,1.0,0.030570652213525062,0.53125,0.13258107476637843,0.625,0,goodware
0.5033864729630873,1.0,1.0,0.03082655828550034,0.5309278350515464,0.13258106151435262,0.625,0,goodware
0.500165179366377,1.0,1.0,0.03108108108108108,0.5306122448979591,0.1325810518914076,0.625,0,goodware
0.4965307399557391,1.0,1.0,0.031334231836134756,0.5303030303030303,0.13258107019154572,0.625,0,goodware
0.4965118625486531,1.0,1.0,0.03158602151549825,0.53,0.1325810581923425,0.625,0,goodware
0.5012342398263471,1.0,1.0,0.03183646116670458,0.5297029702970297,0.13258107476696407,0.625,0,goodware
0.5049401856254675,1.0,1.0,0.0320855615177802,0.5294117647058824,0.13258106151477786,0.625,0,goodware
0.49849279419187703,1.0,1.0,0.03233333333333333,0.529126213592233,0.13258105189171637,0.625,0,goodware
0.4948242214850807,1.0,1.0,0.03257978726503043,0.5288461538461539,0.13258107019176996,0.625,0,goodware
0.508560815247756,1.0,1.0,0.03282493369738206,0.5285714285714286,0.13258105819250532,0.625,0,goodware
0.5049606818496201,1.0,1.0,0.033068783110498476,0.5283018867924528,0.1325810747670823,0.625,0,goodware
0.5029534949510935,1.0,1.0,0.03331134566739326,0.5280373831775701,0.13258106151486376,0.625,0,goodware
0.5012649446711986,1.0,1.0,0.03355263157894737,0.5277777777777778,0.1325810518917787,0.625,0,goodware
0.5106276990368992,1.0,1.0,0.033792650950354844,0.5275229357798166,0.13258107019181523,0.625,0,goodware
0.5010043395701463,1.0,1.0,0.0340314136231855,0.5272727272727273,0.1325810581925382,0.625,0,goodware
0.5043379139213926,1.0,1.0,0.034268929546581464,0.527027027027027,0.13258107476710618,0.625,0,goodware
0.5060920896589383,1.0,1.0,0.03450520835475699,0.5267857142857143,0.13258106151488108,0.625,0,goodware
0.5025109700565392,1.0,1.0,0.03474025974025974,0.5265486725663717,0.1325810518917913,0.625,0,goodware
0.503024953314589,1.0,1.0,0.034974093296652096,0.5263157894736843,0.13258107019182436,0.625,0,goodware
0.5000026465114041,1.0,1.0,0.03520671835709811,0.5260869565217392,0.13258105819254484,0.625,0,goodware
0.49579496854421157,1.0,1.0,0.03543814437344903,0.5258620689655172,0.13258107476711098,0.625,0,goodware
0.49854035491591014,1.0,1.0,0.035668380484586135,0.5256410256410257,0.13258106151488458,0.625,0,goodware
0.5032408312034099,1.0,1.0,0.035897435897435895,0.5254237288135593,0.13258105189179387,0.625,0,goodware
0.5104735438122739,1.0,1.0,0.036125319726136626,0.5252100840336135,0.13258107019182622,0.625,0,goodware
0.5062229800094145,1.0,1.0,0.03635204082738138,0.525,0.13258105819254618,0.625,0,goodware
0.505295825711828,1.0,1.0,0.03657760818687421,0.524793388429752,0.13258107476711195,0.625,0,goodware
0.5096103980636079,1.0,1.0,0.03680203047912256,0.5245901639344263,0.1325810615148853,0.625,0,goodware
0.5058820913322553,1.0,1.0,0.0370253164556962,0.524390243902439,0.13258105189179437,0.625,0,goodware
0.5005738987561683,1.0,1.0,0.03724747478111297,0.5241935483870968,0.13258107019182658,0.625,0,goodware
0.46443230917684425,1.0,1.0,0.03746851386515515,0.524,0.13258105819254645,0.625,0,goodware
0.5001669803982732,1.0,1.0,0.0373743719040741,0.5277777777777778,0.13258107476711217,0.625,0,goodware
0.5001669803982732,1.0,1.0,0.03728070177666269,0.5314960629921259,0.1325810615148854,0.625,0,goodware
0.5001669803982732,1.0,1.0,0.0371875,0.53515625,0.13258105189179448,0.625,0,goodware
0.5001669803982732,1.0,1.0,0.03709476312535192,0.5387596899224807,0.13258107019182666,0.625,0,goodware
0.5001669803982732,1.0,1.0,0.03700248757316179,0.5423076923076924,0.1325810581925465,0.625,0,goodware
0.12166030539661564,0.2698313960532396,0.02,0.05,0.8,0.0,0.625,0,goodware
0.49549367402845057,0.2490795803103097,0.04,0.1,0.5,0.0363074490836459,0.625,0,goodware
0.44672904855768675,0.42962369700930747,0.22,0.0022689768967970856,0.7608695652173914,0.0,0.625,0,goodware
0.47985226141420784,0.40765221169470517,0.24,0.002471169687470488,0.75,0.03630745600874291,0.625,0,goodware
0.5001669803982732,1.0,1.0,0.03654791155861634,0.5458015267175573,0.03686247990085469,0.625,0,goodware
0.5001669803982732,1.0,1.0,0.03645833337594286,0.5492424242424243,0.06307511335621192,0.625,0,goodware
0.5001669803982732,1.0,1.0,0.036369193175234946,0.5526315789473684,0.08210937841616306,0.625,0,goodware
0.5001669803982732,1.0,1.0,0.036280487804878046,0.5559701492537313,0.095931090606339,0.625,0,goodware
0.5001669803982732,1.0,1.0,0.03619221414341446,0.5592592592592592,0.10596773304995055,0.625,0,goodware
0.5001669803982732,1.0,1.0,0.03610436894248538,0.5625,0.11325581052805514,0.625,0,goodware
0.5001669803982732,1.0,1.0,0.036016949194126444,0.5656934306569343,0.11854806317838056,0.625,0,goodware
0.5001669803982732,1.0,1.0,0.03592995171151296,0.5688405797101449,0.12239100443992372,0.625,0,goodware
0.5001669803982732,1.0,1.0,0.03584337349397591,0.5719424460431655,0.1251815523236221,0.625,0,goodware
0.5001669803982732,1.0,1.0,0.03575721156920138,0.575,0.12720793009066406,0.625,0,goodware
0.5001669803982732,1.0,1.0,0.03567146283993374,0.5780141843971631,0.12867935797970137,0.625,0,goodware
0.5001669803982732,1.0,1.0,0.03558612444250906,0.5809859154929577,0.12974785859036864,0.625,0,goodware
0.1261660874599347,0.369831236053494,0.02,0.05,0.8,0.0,0.625,0,goodware
0.4939056234758418,0.39519788958168095,0.26,0.0026167471809599337,0.74,0.0009781579453340642,0.625,0,goodware
0.4842000484117949,0.3844912495372519,0.28,0.0028135048236903474,0.7307692307692308,0.037017744540139286,0.625,0,goodware
0.11789174607420132,1.0,1.0,0.01111111111111111,0.8931297709923665,0.0,0.625,0,goodware
0.4622056030620016,0.7700663451328987,0.1,0.0013383297647955917,0.6875,0.0,0.625,0,goodware
0.44672904855768675,0.41853021770209375,0.36,0.003543307086614173,0.7631578947368421,0.0,0.625,0,goodware
0.47437878031354785,0.41177590633185107,0.38,0.003734276728159873,0.7564102564102564,0.0363074490836459,0.625,0,goodware
0.11157590768285257,0.2698313960532396,0.02,0.05,0.8,0.0,0.625,0,goodware
0.4887847782928355,0.40649238084526634,0.4,0.003918495297073478,0.75,0.04550926577632832,0.625,0,goodware
0.47888812119492613,0.4448532611368298,0.42,0.004107981222190015,0.7439024390243902,0.06935396931202749,0.625,0,goodware
0.11789174607420132,1.0,1.0,0.01098901099106749,0.8935361216730038,0.005322925422016125,0.625,0,goodware
0.6277869284935209,0.5435275175560628,0.02,0.05,0.8,0.0,0.625,0,goodware
0.4816055957616626,0.299079500310436,0.04,0.0005230125521708202,0.5,0.0,0.625,0,goodware
0.4846875190418804,0.19750072968222673,0.06,0.0007828810015031732,0.5,0.0363074490836459,0.625,0,goodware
0.49981645668051156,0.18445564606244716,0.08,0.0010416666666666667,0.5,0.06267207821662583,0.625,0,goodware
0.5077870376504376,0.18443577414457346,0.1,0.001299376298732234,0.5,0.08181671485997423,0.625,0,goodware
0.4873549142866863,0.9129015742792115,0.08,0.0009765624990905053,0.6666666666666667,0.0,0.625,0,goodware
0.48467583965158095,0.7761529494444003,0.1,0.0012183235864615294,0.6428571428571428,0.03630745600874291,0.625,0,goodware
0.12201801528017368,0.2780018257566176,0.06,0.0007211538461538462,0.5,0.0,0.625,0,goodware
0.7318341890454368,0.26325559753064676,0.08,0.0009596928989313108,0.5,0.03630745600874291,0.625,0,goodware
0.7123531505612424,0.2674757034887826,0.1,0.001197318007936267,0.5,0.06267207129152882,0.625,0,goodware
0.23637824549006553,0.6008171850512086,0.12,0.0014340344164991393,0.5,0.0818167098313221,0.625,0,goodware
0.7203511713577415,0.8354671852616876,0.14,0.0016698473290040507,0.5,0.0957185878683591,0.625,0,goodware
0.119012048993225,0.2698313960532396,0.02,0.0003501400561393276,0.9761904761904762,0.0,0.625,0,goodware
0.119012048993225,0.2698313960532396,0.02,0.0003491620116382498,0.9772727272727273,0.03630745600874291,0.625,0,goodware
0.49150109981029233,1.0,0.02,0.05,0.8,0.0,0.625,0,goodware
0.4833880569751266,1.0,0.04,0.1,0.5,0.0363074490836459,0.625,0,goodware
0.49807399618190984,0.9405706874705435,0.06,0.15,0.5,0.06267207821662583,0.625,0,goodware
0.5068245570524977,0.7417581088306616,0.08,0.16666666004392863,0.5,0.08181671485997423,0.625,0,goodware
0.48916847198436186,1.0,0.02,0.05,0.8,0.0,0.625,0,goodware
0.6289344035100364,1.0,0.04,0.1,0.5,0.0363074490836459,0.625,0,goodware
0.49545697280534073,0.299079500310436,0.04,0.008064516067008694,0.5,2.4590576516408945e-06,0.625,0,goodware
0.49545697280534073,0.19750072968222673,0.04,0.00781250002910383,0.6666666666666667,0.03630924165129311,0.625,0,goodware
0.47985226141420784,0.1594557112266944,0.06,0.011363636322586333,0.625,0.06267336793404829,0.625,0,goodware
0.48391511449945984,0.6351799821609359,0.1,0.06944444628409402,0.5,0.019325250335222664,0.625,0,goodware
0.6326307187441554,0.542619725970716,0.12,0.075,0.5,0.05034045993514206,0.625,0,goodware
0.4904831702504393,0.38592764106171906,0.04,0.01,0.5,1.677313139512582e-05,0.625,0,goodware
0.4904831702504393,0.2553994901830809,0.04,0.009615384747643445,0.6666666666666667,0.03631963580334806,0.625,0,goodware
0.47437878031354785,0.20287978160233416,0.06,0.01388888895021054,0.625,0.06268091563697835,0.625,0,goodware
0.1261660874599347,0.5868793677995318,0.06,0.009615384674166316,0.7,0.016518702076221345,0.625,0,goodware
0.11789174607420132,1.0,1.0,0.010494752625563826,0.8939393939393939,3.746951837810264e-06,0.625,0,goodware
0.49545697280534073,0.5287851942659711,0.06,0.009146341410227861,0.75,0.035074802309977615,0.625,0,goodware
0.49545697280534073,0.4611960047451607,0.06,0.008928571453913538,0.7857142857142857,0.061776992846440226,0.625,0,goodware
0.4555065152991623,0.4204190210424386,0.08,0.011627906944508035,0.75,0.08116674952990362,0.625,0,goodware
0.4904831702504393,0.1840773609709374,0.06,0.01136363652783649,0.7,0.016519808622145613,0.625,0,goodware
0.4904831702504393,0.17928229258763123,0.06,0.011029411842047549,0.75,0.04830329129204843,0.625,0,goodware
0.48793750331906427,0.166999552582901,0.12,0.001464843748635758,0.5,6.482898025812755e-06,0.625,0,goodware
0.4907408537100914,0.14516495303447885,0.14,0.0017056530210461409,0.5,0.03631216355944054,0.625,0,goodware
0.4846875190418804,0.1563918340821348,0.14,0.0017023346291657544,0.5625,0.0626754896746741,0.625,0,goodware
0.4959583326666879,0.15850334108473918,0.16,0.001941747572815534,0.5555555555555556,0.0818192076925359,0.625,0,goodware
0.5004176230636789,0.16613510326837463,0.18,0.002180232557132155,0.55,0.09572038343086584,0.625,0,goodware
0.4879375033190643,0.17483860105243518,0.2,0.0024177949687564904,0.5454545454545454,0.10581470803731038,0.625,0,goodware
0.496896054892137,0.16072245064309965,0.22,0.002654440153829278,0.5416666666666667,0.11314471315159533,0.625,0,goodware
0.4846875190418804,0.1498754809956859,0.22,0.002649325624378665,0.5769230769230769,0.11846736732035126,0.625,0,goodware
0.5070427051244238,0.15219146372462083,0.24,0.0028846153846153848,0.5714285714285714,0.1223324305578477,0.625,0,goodware
0.5116052354506956,0.15854364244062005,0.26,0.0031190019179584876,0.5666666666666667,0.12513901895879997,0.625,0,goodware
0.4928461570372832,0.16042615358535312,0.28,0.003352490418393502,0.5625,0.12717702026812652,0.625,0,goodware
0.4888267532707218,1.0,1.0,0.010416666670297555,0.8924528301886793,0.00021699043164928876,0.625,0,goodware
0.4888267532707218,1.0,1.0,0.010401459854014599,0.8928571428571429,0.0364650164646208,0.625,0,goodware
0.4862030195912607,1.0,1.0,0.01056851312504314,0.8913857677902621,0.062786495631689,0.625,0,goodware
0.47925989020091464,1.0,1.0,0.010735080060086931,0.8899253731343284,0.08189979894940799,0.625,0,goodware
0.4919081432353568,1.0,1.0,0.010901162788808838,0.8884758364312267,0.09577890468997527,0.625,0,goodware
0.48495785990194795,1.0,1.0,0.011066763429083486,0.8870370370370371,0.10585722338068002,0.625,0,goodware
0.48923660638759786,1.0,1.0,0.011231884057971014,0.8856088560885609,0.11317556404424933,0.625,0,goodware
0.4870244922206215,1.0,1.0,0.01139652677869134,0.8841911764705882,0.11848979226476783,0.625,0,goodware
0.493094296872671,1.0,1.0,0.011560693643610032,0.8827838827838828,0.12234869107534267,0.625,0,goodware
0.4875324619714261,1.0,1.0,0.011724386722369905,0.8813868613138687,0.12515082651702042,0.625,0,goodware
0.5005874326854967,1.0,1.0,0.011887608073248165,0.88,0.12718561857323357,0.625,0,goodware
0.4812391021107259,1.0,1.0,0.012050359712230216,0.8786231884057971,0.12866315649403964,0.625,0,goodware
0.1261660874599347,0.48130364546154425,0.42,0.003755364808147852,0.75,5.47498349434683e-10,0.625,0,goodware
0.11789174607420132,1.0,1.0,0.01201578192458019,0.8790613718411553,0.09420773246866442,0.625,0,goodware
0.11789174607420132,1.0,1.0,0.011998567333194354,0.8794964028776978,0.10471629808148128,0.625,0,goodware
0.11789174607420132,1.0,1.0,0.01198140200694791,0.8799283154121864,0.1123471037285787,0.625,0,goodware
0.11789174607420132,1.0,1.0,0.011964285714285715,0.8803571428571428,0.11788818405005504,0.625,0,goodware
0.11789174607420132,1.0,1.0,0.011947218265724192,0.8807829181494662,0.1219118571357021,0.625,0,goodware
0.11789174607420132,1.0,1.0,0.011930199432225343,0.8812056737588653,0.12483361999659026,0.625,0,goodware
0.5150763073165605,1.0,1.0,0.012091038404777576,0.8798586572438163,0.12695525512271394,0.625,0,goodware
0.5258736001752309,1.0,1.0,0.030241935505676127,0.5804195804195804,2.5982049844941456e-12,0.625,0,goodware
0.5264089601335432,1.0,1.0,0.030432595580740136,0.5798611111111112,0.036307449085532593,0.625,0,goodware
0.5251582703351186,1.0,1.0,0.030622489989160524,0.5793103448275863,0.06267207821799585,0.625,0,goodware
0.11789174607420132,0.24960223612517662,0.04,0.0003968253968253968,0.96,0.0,0.625,0,goodware
0.49317385962329874,0.16733336631358486,0.3,0.003427787931198361,0.5588235294117647,5.943626882308206e-05,0.625,0,goodware
0.12935664416147793,1.0,1.0,0.012165021160649318,0.8785211267605634,0.025942875355468475,0.625,0,goodware
0.11789174607420132,1.0,1.0,0.012147887323943663,0.8789473684210526,0.05514584160468679,0.625,0,goodware
0.11789174607420132,1.0,1.0,0.012130801693865418,0.8793706293706294,0.07635156037128829,0.625,0,goodware
0.11789174607420132,1.0,1.0,0.012113764046972012,0.8797909407665505,0.09175005689639523,0.625,0,goodware
0.11789174607420132,1.0,1.0,0.01209677419152588,0.8802083333333334,0.1029316594673956,0.625,0,goodware
0.11789174607420132,1.0,1.0,0.012079831936806801,0.8806228373702423,0.1110511899691303,0.625,0,goodware
0.11789174607420132,1.0,1.0,0.012062937062937063,0.8810344827586207,0.11694715759329566,0.625,0,goodware
0.11789174607420132,1.0,1.0,0.012046089391491644,0.8814432989690721,0.12122853160206501,0.625,0,goodware
0.11789174607420132,1.0,1.0,0.012029288704928875,0.8818493150684932,0.1243374238561886,0.625,0,goodware
0.11789174607420132,1.0,1.0,0.012012534816947067,0.8822525597269625,0.12659494280065126,0.625,0,goodware
0.11789174607420132,1.0,1.0,0.011995827542225352,0.8826530612244898,0.1282342623420223,0.625,0,goodware
0.11789174607420132,1.0,1.0,0.011979166666666667,0.8830508474576271,0.1294246280988832,0.625,0,goodware
0.12935664416147793,1.0,1.0,0.011962552017029324,0.8834459459459459,0.13028903583170515,0.625,0,goodware
0.12935664416147793,1.0,1.0,0.011945983381473785,0.8838383838383839,0.13091669977598494,0.625,0,goodware
0.12708470022442964,1.0,1.0,0.011929460578945917,0.8842281879194631,0.13137247730995655,0.625,0,goodware
0.12708470022442964,1.0,1.0,0.011912983429337397,0.8846153846153846,0.13170346482255932,0.625,0,goodware
0.12708470022442964,1.0,1.0,0.011896551724137932,0.885,0.13194378594734235,0.625,0,goodware
0.12708470022442964,1.0,1.0,0.011880165295108372,0.8853820598006644,0.13211832008694535,0.625,0,goodware
0.12708470022442964,1.0,1.0,0.011863823935920602,0.8857615894039735,0.13224503267511792,0.625,0,goodware
0.12708470022442964,1.0,1.0,0.011847527470587451,0.8861386138613861,0.13233704489198456,0.625,0,goodware
0.12708470022442964,1.0,1.0,0.011831275724034014,0.8865131578947368,0.13240388472359818,0.625,0,goodware
0.12708470022442964,1.0,1.0,0.011815068493150685,0.8868852459016393,0.13245239514522517,0.625,0,goodware
0.12708470022442964,1.0,1.0,0.011798905614527521,0.8872549019607843,0.1324876462085008,0.625,0,goodware
0.12708470022442964,1.0,1.0,0.011782786887164779,0.8876221498371335,0.1325132184621906,0.625,0,goodware
0.12708470022442964,1.0,1.0,0.01176671213996903,0.887987012987013,0.13253178772816657,0.625,0,goodware
0.12708470022442964,1.0,1.0,0.011750681202726949,0.8883495145631068,0.1325452970627521,0.625,0,goodware
0.12708470022442964,1.0,1.0,0.01173469387755102,0.8887096774193548,0.13255508157129775,0.625,0,goodware
0.12708470022442964,1.0,1.0,0.011718750005694226,0.8890675241157556,0.1325622118664473,0.625,0,goodware
0.12708470022442964,1.0,1.0,0.011702849391309483,0.8894230769230769,0.13256736423877624,0.625,0,goodware
0.12708470022442964,1.0,1.0,0.011686991868030896,0.889776357827476,0.1325711056286961,0.625,0,goodware
0.12708470022442964,1.0,1.0,0.011671177270341847,0.8901273885350318,0.13257384772162875,0.625,0,goodware
0.12708470022442964,1.0,1.0,0.011655405405405406,0.8904761904761904,0.13257581360316711,0.625,0,goodware
0.12708470022442964,1.0,1.0,0.011639676118977964,0.8908227848101266,0.13257726641314868,0.625,0,goodware
0.12708470022442964,1.0,1.0,0.011623989220196345,0.8911671924290221,0.13257829608253296,0.625,0,goodware
0.12708470022442964,1.0,1.0,0.01160834454726269,0.8915094339622641,0.13257904377590787,0.625,0,goodware
0.12708470022442964,1.0,1.0,0.011592741939198823,0.8918495297805643,0.1325796120002424,0.625,0,goodware
0.12708470022442964,1.0,1.0,0.011577181208053691,0.8921875,0.1325799993282125,0.625,0,goodware
0.12708470022442964,1.0,1.0,0.011561662203934012,0.8925233644859814,0.13258030587370767,0.625,0,goodware
0.12708470022442964,1.0,1.0,0.01154618474079841,0.8928571428571429,0.13258050318372275,0.625,0,goodware
0.12708470022442964,1.0,1.0,0.011530748661263942,0.8931888544891641,0.13258064646018924,0.625,0,goodware
0.12708470022442964,1.0,1.0,0.011515353808738952,0.8935185185185185,0.13258077578802324,0.625,0,goodware
0.12708470022442964,1.0,1.0,0.0115,0.8938461538461538,0.13258084441152446,0.625,0,goodware
0.12708470022442964,1.0,1.0,0.011484687089357183,0.8941717791411044,0.13258091953021112,0.625,0,goodware
0.12708470022442964,1.0,1.0,0.011469414895435187,0.8944954128440367,0.13258094878976784,0.625,0,goodware
0.12708470022442964,1.0,1.0,0.01145418326511893,0.8948170731707317,0.13258097003656513,0.625,0,goodware
0.12708470022442964,1.0,1.0,0.011438992046057386,0.8951367781155015,0.13258101075272388,0.625,0,goodware
0.12708470022442964,1.0,1.0,0.01142384105960265,0.8954545454545455,0.13258101503090253,0.625,0,goodware
0.12708470022442964,1.0,1.0,0.01140873016412709,0.8957703927492447,0.13258104342532243,0.625,0,goodware
0.12708470022442964,1.0,1.0,0.01139365918277177,0.8960843373493976,0.1325810387560767,0.625,0,goodware
0.12708470022442964,1.0,1.0,0.011378627966548234,0.8963963963963963,0.13258103536550872,0.625,0,goodware
0.12708470022442964,1.0,1.0,0.011363636367205932,0.8967065868263473,0.1325810581912788,0.625,0,goodware
0.12708470022442964,1.0,1.0,0.011348684210526316,0.8970149253731343,0.13258104947836089,0.625,0,goodware
0.12708470022442964,1.0,1.0,0.011333771358808505,0.8973214285714286,0.132581068439314,0.625,0,goodware
0.12708470022442964,1.0,1.0,0.011318897639566033,0.8976261127596439,0.1325810569199612,0.625,0,goodware
0.12708470022442964,1.0,1.0,0.011304062907801376,0.8979289940828402,0.13258104855519495,0.625,0,goodware
0.12708470022442964,1.0,1.0,0.011289267019229806,0.8982300884955752,0.13258106776895784,0.625,0,goodware
0.12708470022442964,1.0,1.0,0.011274509803921568,0.8985294117647059,0.1325810564331828,0.625,0,goodware
0.12708470022442964,1.0,1.0,0.011259791127972343,0.8988269794721407,0.13258107348955178,0.625,0,goodware
0.12708470022442964,1.0,1.0,0.011245110823129754,0.8991228070175439,0.13258106058718627,0.625,0,goodware
0.12708470022442964,1.0,1.0,0.0112304687482568,0.8994169096209913,0.13258105121814667,0.625,0,goodware
0.12708470022442964,1.0,1.0,0.011215864762905163,0.8997093023255814,0.13258106970265787,0.625,0,goodware
0.12708470022442964,1.0,1.0,0.011201298701298702,0.9,0.13258105783733712,0.625,0,goodware
0.12708470022442964,1.0,1.0,0.01118677043320454,0.9002890173410405,0.1325810745091772,0.625,0,goodware
0.12708470022442964,1.0,1.0,0.011172279794471295,0.9005763688760807,0.13258106132758624,0.625,0,goodware
0.12708470022442964,1.0,1.0,0.011157826647697131,0.9008620689655172,0.13258105175578735,0.625,0,goodware
0.12708470022442964,1.0,1.0,0.011143410856145732,0.9011461318051576,0.13258107009306522,0.625,0,goodware
0.12708470022442964,1.0,1.0,0.011129032258064516,0.9014285714285715,0.13258105812083096,0.625,0,goodware
0.12708470022442964,1.0,1.0,0.01111469072677181,0.9017094017094017,0.13258107471503605,0.625,0,goodware
0.12708470022442964,1.0,1.0,0.01110038610208915,0.9019886363636364,0.13258106147707038,0.625,0,goodware
0.12708470022442964,1.0,1.0,0.011086118250229347,0.9022662889518414,0.13258105186433514,0.625,0,goodware
0.12708470022442964,1.0,1.0,0.011071887038048452,0.902542372881356,0.13258107017188708,0.625,0,goodware
0.12708470022442964,1.0,1.0,0.011057692307692307,0.9028169014084507,0.1325810581780674,0.625,0,goodware
0.12708470022442964,1.0,1.0,0.011043533935914823,0.9030898876404494,0.13258107475659822,0.625,0,goodware
0.12708470022442964,1.0,1.0,0.011029411766387224,0.9033613445378151,0.13258106150725074,0.625,0,goodware
0.12708470022442964,1.0,1.0,0.011015325668821036,0.9036312849162011,0.13258105188625055,0.625,0,goodware
0.12708470022442964,1.0,1.0,0.011001275513549628,0.903899721448468,0.13258107018780094,0.625,0,goodware
0.12708470022442964,1.0,1.0,0.010987261146496816,0.9041666666666667,0.13258105818962324,0.625,0,goodware
0.12708470022442964,1.0,1.0,0.010973282447740904,0.9044321329639889,0.13258107476498945,0.625,0,goodware
0.12708470022442964,1.0,1.0,0.010959339264684186,0.9046961325966851,0.13258106151334403,0.625,0,goodware
0.12708470022442964,1.0,1.0,0.010945431470425385,0.9049586776859504,0.1325810518906752,0.625,0,goodware
0.12708470022442964,1.0,1.0,0.010931558938664496,0.9052197802197802,0.1325810701910139,0.625,0,goodware
0.12708470022442964,1.0,1.0,0.010917721518987341,0.9054794520547945,0.1325810581919563,0.625,0,goodware
0.12708470022442964,1.0,1.0,0.01090391909468969,0.9057377049180328,0.13258107476668363,0.625,0,goodware
0.12708470022442964,1.0,1.0,0.010890151516790665,0.9059945504087193,0.13258106151457424,0.625,0,goodware
0.12708470022442964,1.0,1.0,0.01087641866166889,0.90625,0.13258105189156852,0.625,0,goodware
0.12708470022442964,1.0,1.0,0.010862720406284476,0.9065040650406504,0.1325810701916626,0.625,0,goodware
0.12708470022442964,1.0,1.0,0.010849056603773586,0.9067567567567567,0.13258105819242735,0.625,0,goodware
0.12708470022442964,1.0,1.0,0.010835427140546545,0.9070080862533693,0.1325810747670257,0.625,0,goodware
0.12708470022442964,1.0,1.0,0.010821831871129313,0.907258064516129,0.13258106151482263,0.625,0,goodware
0.12708470022442964,1.0,1.0,0.010808270675077135,0.9075067024128687,0.13258105189174887,0.625,0,goodware
0.12708470022442964,1.0,1.0,0.010794743432507718,0.9077540106951871,0.13258107019179355,0.625,0,goodware
0.12708470022442964,1.0,1.0,0.010781250000000001,0.908,0.13258105819252247,0.625,0,goodware
0.12708470022442964,1.0,1.0,0.010767790266979852,0.9082446808510638,0.13258107476709474,0.625,0,goodware
0.12708470022442964,1.0,1.0,0.01075436409137409,0.9084880636604774,0.13258106151487276,0.625,0,goodware
0.12708470022442964,1.0,1.0,0.010740971355815164,0.9087301587301587,0.1325810518917853,0.625,0,goodware
0.12708470022442964,1.0,1.0,0.010727611943479678,0.9089709762532981,0.13258107019182,0.625,0,goodware
0.12708470022442964,1.0,1.0,0.010714285714285714,0.9092105263157895,0.13258105819254165,0.625,0,goodware
0.12708470022442964,1.0,1.0,0.01070099256057937,0.9094488188976377,0.13258107476710868,0.625,0,goodware
0.12708470022442964,1.0,1.0,0.010687732343586217,0.9096858638743456,0.1325810615148829,0.625,0,goodware
0.12708470022442964,1.0,1.0,0.010674504948920173,0.9099216710182767,0.13258105189179265,0.625,0,goodware
0.12708470022442964,1.0,1.0,0.010661310262721699,0.91015625,0.13258107019182533,0.625,0,goodware
0.12708470022442964,1.0,1.0,0.010648148148148148,0.9103896103896104,0.13258105819254556,0.625,0,goodware
0.12708470022442964,1.0,1.0,0.01063501850037408,0.9106217616580311,0.1325810747671115,0.625,0,goodware
0.12708470022442964,1.0,1.0,0.01062192118382541,0.9108527131782945,0.13258106151488494,0.625,0,goodware
0.12708470022442964,1.0,1.0,0.010608856087005321,0.9110824742268041,0.13258105189179412,0.625,0,goodware
0.12708470022442964,1.0,1.0,0.010595823098926586,0.9113110539845758,0.1325810701918264,0.625,0,goodware
0.12708470022442964,1.0,1.0,0.01058282208588957,0.9115384615384615,0.1325810581925463,0.625,0,goodware
0.12708470022442964,1.0,1.0,0.010569852945808913,0.9117647058823529,0.13258107476711206,0.625,0,goodware
0.12708470022442964,1.0,1.0,0.010556915546216013,0.9119897959183674,0.13258106151488533,0.625,0,goodware
0.12708470022442964,1.0,1.0,0.010544009778414494,0.9122137404580153,0.13258105189179442,0.625,0,goodware
0.12708470022442964,1.0,1.0,0.010531135534201243,0.9124365482233503,0.1325810701918266,0.625,0,goodware
0.12708470022442964,1.0,1.0,0.010518292682926828,0.9126582278481012,0.13258105819254648,0.625,0,goodware
0.12708470022442964,1.0,1.0,0.010505481125160844,0.9128787878787878,0.13258107476711217,0.625,0,goodware
0.12708470022442964,1.0,1.0,0.010492700731448696,0.9130982367758187,0.1325810615148854,0.625,0,goodware
0.12708470022442964,1.0,1.0,0.010479951395808861,0.9133165829145728,0.13258105189179448,0.625,0,goodware
0.12708470022442964,1.0,1.0,0.010467233012737357,0.9135338345864662,0.13258107019182666,0.625,0,goodware
0.12708470022442964,1.0,1.0,0.010454545454545454,0.9137500000000001,0.1325810581925465,0.625,0,goodware
0.12708470022442964,1.0,1.0,0.010441888624375678,0.9139650872817955,0.1325810747671122,0.625,0,goodware
0.12708470022442964,1.0,1.0,0.010429262395699232,0.914179104477612,0.13258106151488544,0.625,0,goodware
0.12708470022442964,1.0,1.0,0.010416666665166953,0.9143920595533499,0.1325810518917945,0.625,0,goodware
0.12708470022442964,1.0,1.0,0.010404101329892076,0.9146039603960396,0.1325810701918267,0.625,0,goodware
0.12708470022442964,1.0,1.0,0.01039156626506024,0.9148148148148149,0.13258105819254654,0.625,0,goodware
0.12708470022442964,1.0,1.0,0.010379061376307872,0.9150246305418719,0.1325810747671122,0.625,0,goodware
0.12708470022442964,1.0,1.0,0.010366586539946867,0.9152334152334153,0.13258106151488547,0.625,0,goodware
0.12708470022442964,1.0,1.0,0.0103541416551809,0.9154411764705882,0.1325810518917945,0.625,0,goodware
0.12708470022442964,1.0,1.0,0.010341726621661463,0.9156479217603912,0.1325810701918267,0.625,0,goodware
0.12708470022442964,1.0,1.0,0.010329341317365268,0.9158536585365854,0.13258105819254654,0.625,0,goodware
0.12708470022442964,1.0,1.0,0.010316985650346461,0.916058394160584,0.1325810747671122,0.625,0,goodware
0.12708470022442964,1.0,1.0,0.01030465949967552,0.9162621359223301,0.13258106151488547,0.625,0,goodware
0.12708470022442964,1.0,1.0,0.010292362767032284,0.9164648910411622,0.1325810518917945,0.625,0,goodware
0.12708470022442964,1.0,1.0,0.010280095354530353,0.9166666666666666,0.1325810701918267,0.625,0,goodware
0.12708470022442964,1.0,1.0,0.010267857142857143,0.9168674698795181,0.13258105819254654,0.625,0,goodware
0.12708470022442964,1.0,1.0,0.010255648042411065,0.9170673076923077,0.1325810747671122,0.625,0,goodware
0.12708470022442964,1.0,1.0,0.010243467934941944,0.9172661870503597,0.13258106151488547,0.625,0,goodware
0.12708470022442964,1.0,1.0,0.01023131672453183,0.9174641148325359,0.1325810518917945,0.625,0,goodware
0.12708470022442964,1.0,1.0,0.010219194315682993,0.9176610978520287,0.1325810701918267,0.625,0,goodware
0.12708470022442964,1.0,1.0,0.010207100591715975,0.9178571428571428,0.13258105819254654,0.625,0,goodware
0.12708470022442964,1.0,1.0,0.010195035465302635,0.9180522565320666,0.1325810747671122,0.625,0,goodware
0.12708470022442964,1.0,1.0,0.010182998820795642,0.9182464454976303,0.13258106151488547,0.625,0,goodware
0.12708470022442964,1.0,1.0,0.01017099056460793,0.9184397163120568,0.1325810518917945,0.625,0,goodware
0.12708470022442964,1.0,1.0,0.010159010603559596,0.9186320754716981,0.1325810701918267,0.625,0,goodware
0.12708470022442964,1.0,1.0,0.010147058823529412,0.9188235294117647,0.13258105819254654,0.625,0,goodware
0.12708470022442964,1.0,1.0,0.010135135139394368,0.9190140845070423,0.1325810747671122,0.625,0,goodware
0.12708470022442964,1.0,1.0,0.01012323943803613,0.9192037470725996,0.13258106151488547,0.625,0,goodware
0.12708470022442964,1.0,1.0,0.010111371628129697,0.919392523364486,0.1325810518917945,0.625,0,goodware
0.12708470022442964,1.0,1.0,0.010099531618744632,0.9195804195804196,0.1325810701918267,0.625,0,goodware
0.12708470022442964,1.0,1.0,0.010087719298245614,0.9197674418604651,0.13258105819254654,0.625,0,goodware
0.12708470022442964,1.0,1.0,0.010075934583648872,0.919953596287703,0.1325810747671122,0.625,0,goodware
0.12708470022442964,1.0,1.0,0.01006417736429375,0.9201388888888888,0.13258106151488547,0.625,0,goodware
0.12708470022442964,1.0,1.0,0.010052447551050881,0.9203233256351039,0.1325810518917945,0.625,0,goodware
0.12708470022442964,1.0,1.0,0.010040745055173342,0.9205069124423964,0.1325810701918267,0.625,0,goodware
0.12708470022442964,1.0,1.0,0.01002906976744186,0.9206896551724137,0.13258105819254654,0.625,0,goodware
0.12708470022442964,1.0,1.0,0.010017421606948327,0.9208715596330275,0.1325810747671122,0.625,0,goodware
0.12708470022442964,1.0,1.0,0.010005800465420864,0.9210526315789473,0.13258106151488547,0.625,0,goodware
0.12708470022442964,1.0,1.0,0.009994206255861643,0.9212328767123288,0.1325810518917945,0.625,0,goodware
0.12708470022442964,1.0,1.0,0.009982638891643572,0.9214123006833713,0.1325810701918267,0.625,0,goodware
0.12708470022442964,1.0,1.0,0.009971098265895954,0.9215909090909091,0.13258105819254654,0.625,0,goodware
0.12708470022442964,1.0,1.0,0.009959584299724971,0.9217687074829932,0.1325810747671122,0.625,0,goodware
0.12708470022442964,1.0,1.0,0.009948096887180975,0.9219457013574661,0.13258106151488547,0.625,0,goodware
0.12708470022442964,1.0,1.0,0.009936635943335784,0.9221218961625283,0.1325810518917945,0.625,0,goodware
0.12708470022442964,1.0,1.0,0.00992520138362066,0.9222972972972973,0.1325810701918267,0.625,0,goodware
0.12708470022442964,1.0,1.0,0.009913793103448277,0.9224719101123595,0.13258105819254654,0.625,0,goodware
0.12708470022442964,1.0,1.0,0.009902411025879883,0.9226457399103138,0.1325810747671122,0.625,0,goodware
0.12708470022442964,1.0,1.0,0.009891055047223745,0.9228187919463087,0.13258106151488547,0.625,0,goodware
0.12708470022442964,1.0,1.0,0.009879725084561563,0.9229910714285714,0.1325810518917945,0.625,0,goodware
0.12708470022442964,1.0,1.0,0.009868421055323586,0.923162583518931,0.1325810701918267,0.625,0,goodware
0.12708470022442964,1.0,1.0,0.009857142857142858,0.9233333333333333,0.13258105819254654,0.625,0,goodware
0.12708470022442964,1.0,1.0,0.009845890414978499,0.9235033259423503,0.1325810747671122,0.625,0,goodware
0.12708470022442964,1.0,1.0,0.00983466362733453,0.9236725663716814,0.13258106151488547,0.625,0,goodware
0.12708470022442964,1.0,1.0,0.00982346241324482,0.923841059602649,0.1325810518917945,0.625,0,goodware
0.12708470022442964,1.0,1.0,0.009812286692081265,0.9240088105726872,0.1325810701918267,0.625,0,goodware
0.12708470022442964,1.0,1.0,0.009801136363636363,0.9241758241758242,0.13258105819254654,0.625,0,goodware
0.12708470022442964,1.0,1.0,0.009790011354711897,0.9243421052631579,0.1325810747671122,0.625,0,goodware
0.12708470022442964,1.0,1.0,0.009778911565947549,0.9245076586433261,0.13258106151488547,0.625,0,goodware
0.12708470022442964,1.0,1.0,0.009767836918273595,0.9246724890829694,0.1325810518917945,0.625,0,goodware
0.12708470022442964,1.0,1.0,0.00975678733294819,0.9248366013071896,0.1325810701918267,0.625,0,goodware
0.12708470022442964,1.0,1.0,0.009745762711864408,0.925,0.13258105819254654,0.625,0,goodware
0.12708470022442964,1.0,1.0,0.009734762983613343,0.9251626898047722,0.1325810747671122,0.625,0,goodware
0.12708470022442964,1.0,1.0,0.00972378805091225,0.9253246753246753,0.13258106151488547,0.625,0,goodware
0.12708470022442964,1.0,1.0,0.009712837836533941,0.9254859611231101,0.1325810518917945,0.625,0,goodware
0.12708470022442964,1.0,1.0,0.009701912263569309,0.9256465517241379,0.1325810701918267,0.625,0,goodware
0.12708470022442964,1.0,1.0,0.009691011235955057,0.9258064516129032,0.13258105819254654,0.625,0,goodware
0.12708470022442964,1.0,1.0,0.009680134684020073,0.9259656652360515,0.1325810747671122,0.625,0,goodware
0.12708470022442964,1.0,1.0,0.009669282512502991,0.9261241970021413,0.13258106151488547,0.625,0,goodware
0.12708470022442964,1.0,1.0,0.009658454645967103,0.9262820512820513,0.1325810518917945,0.625,0,goodware
0.12708470022442964,1.0,1.0,0.009647651009284317,0.9264392324093816,0.1325810701918267,0.625,0,goodware
0.12708470022442964,1.0,1.0,0.009636871508379889,0.926595744680851,0.13258105819254654,0.625,0,goodware
0.12708470022442964,1.0,1.0,0.009626116075270722,0.9267515923566879,0.1325810747671122,0.625,0,goodware
0.12708470022442964,1.0,1.0,0.00961538461666248,0.926906779661017,0.13258106151488547,0.625,0,goodware
0.12708470022442964,1.0,1.0,0.009604677058858611,0.927061310782241,0.1325810518917945,0.625,0,goodware
0.12708470022442964,1.0,1.0,0.009593993328462055,0.9272151898734178,0.1325810701918267,0.625,0,goodware
0.12708470022442964,1.0,1.0,0.009583333333333334,0.9273684210526316,0.13258105819254654,0.625,0,goodware
0.12708470022442964,1.0,1.0,0.00957269700712926,0.9275210084033614,0.1325810747671122,0.625,0,goodware
0.12708470022442964,1.0,1.0,0.009562084258469944,0.9276729559748428,0.13258106151488547,0.625,0,goodware
0.12708470022442964,1.0,1.0,0.009551495015350357,0.9278242677824268,0.1325810518917945,0.625,0,goodware
0.12708470022442964,1.0,1.0,0.009540929206056124,0.9279749478079332,0.1325810701918267,0.625,0,goodware
0.12708470022442964,1.0,1.0,0.009530386740331492,0.928125,0.13258105819254654,0.625,0,goodware
0.12708470022442964,1.0,1.0,0.009519867553426677,0.9282744282744283,0.1325810747671122,0.625,0,goodware
0.12708470022442964,1.0,1.0,0.009509371555825364,0.9284232365145229,0.13258106151488547,0.625,0,goodware
0.12708470022442964,1.0,1.0,0.009498898677167007,0.9285714285714286,0.1325810518917945,0.625,0,goodware
0.12708470022442964,1.0,1.0,0.009488448847373182,0.9287190082644629,0.1325810701918267,0.625,0,goodware
0.12708470022442964,1.0,1.0,0.009478021978021977,0.9288659793814433,0.13258105819254654,0.625,0,goodware
0.12708470022442964,1.0,1.0,0.009467618005912056,0.9290123456790124,0.1325810747671122,0.625,0,goodware
0.12708470022442964,1.0,1.0,0.009457236843341436,0.9291581108829569,0.13258106151488547,0.625,0,goodware
0.12708470022442964,1.0,1.0,0.00944687842154857,0.9293032786885246,0.1325810518917945,0.625,0,goodware
0.12708470022442964,1.0,1.0,0.009436542672045784,0.9294478527607362,0.1325810701918267,0.625,0,goodware
0.12708470022442964,1.0,1.0,0.00942622950819672,0.9295918367346939,0.13258105819254654,0.625,0,goodware
0.12708470022442964,1.0,1.0,0.009415938868305024,0.929735234215886,0.1325810747671122,0.625,0,goodware
0.12708470022442964,1.0,1.0,0.00940567066643538,0.9298780487804879,0.13258106151488547,0.625,0,goodware
0.12708470022442964,1.0,1.0,0.00939542483538124,0.9300202839756593,0.1325810518917945,0.625,0,goodware
0.12708470022442964,1.0,1.0,0.009385201308201965,0.930161943319838,0.1325810701918267,0.625,0,goodware
0.12708470022442964,1.0,1.0,0.009375,0.9303030303030303,0.13258105819254654,0.625,0,goodware
0.12708470022442964,1.0,1.0,0.009364820850541935,0.9304435483870968,0.1325810747671122,0.625,0,goodware
0.12708470022442964,1.0,1.0,0.009354663775612974,0.9305835010060363,0.13258106151488547,0.625,0,goodware
0.12708470022442964,1.0,1.0,0.009344528709519009,0.9307228915662651,0.1325810518917945,0.625,0,goodware
0.12708470022442964,1.0,1.0,0.009334415586824133,0.9308617234468938,0.1325810701918267,0.625,0,goodware
0.12708470022442964,1.0,1.0,0.009324324324324324,0.931,0.13258105819254654,0.625,0,goodware
0.12708470022442964,1.0,1.0,0.009314254863208464,0.9311377245508982,0.1325810747671122,0.625,0,goodware
0.12708470022442964,1.0,1.0,0.009304207120937592,0.9312749003984064,0.13258106151488547,0.625,0,goodware
0.12708470022442964,1.0,1.0,0.009294181033288844,0.9314115308151093,0.1325810518917945,0.625,0,goodware
0.12708470022442964,1.0,1.0,0.009284176536290118,0.9315476190476191,0.1325810701918267,0.625,0,goodware
0.12708470022442964,1.0,1.0,0.009274193548387096,0.9316831683168316,0.13258105819254654,0.625,0,goodware
0.12708470022442964,1.0,1.0,0.009264232012151609,0.9318181818181819,0.1325810747671122,0.625,0,goodware
0.12708470022442964,1.0,1.0,0.00925429184667725,0.9319526627218935,0.13258106151488547,0.625,0,goodware
0.12708470022442964,1.0,1.0,0.009244372989172547,0.9320866141732284,0.1325810518917945,0.625,0,goodware
0.12708470022442964,1.0,1.0,0.009234475377089584,0.9322200392927309,0.1325810701918267,0.625,0,goodware
0.12708470022442964,1.0,1.0,0.009224598930481283,0.9323529411764706,0.13258105819254654,0.625,0,goodware
0.12708470022442964,1.0,1.0,0.009214743593264369,0.9324853228962818,0.1325810747671122,0.625,0,goodware
0.12708470022442964,1.0,1.0,0.009204909286123063,0.9326171875,0.13258106151488547,0.625,0,goodware
0.12708470022442964,1.0,1.0,0.009195095947658698,0.9327485380116959,0.1325810518917945,0.625,0,goodware
0.12708470022442964,1.0,1.0,0.009185303516709209,0.9328793774319066,0.1325810701918267,0.625,0,goodware
0.12708470022442964,1.0,1.0,0.009175531914893616,0.933009708737864,0.13258105819254654,0.625,0,goodware
0.12708470022442964,1.0,1.0,0.009165781087436705,0.9331395348837209,0.1325810747671122,0.625,0,goodware
0.12708470022442964,1.0,1.0,0.009156050956572704,0.9332688588007737,0.13258106151488547,0.625,0,goodware
0.12708470022442964,1.0,1.0,0.0091463414622584,0.9333976833976834,0.1325810518917945,0.625,0,goodware
0.12708470022442964,1.0,1.0,0.009136652544680452,0.9335260115606936,0.1325810701918267,0.625,0,goodware
0.12708470022442964,1.0,1.0,0.009126984126984126,0.9336538461538462,0.13258105819254654,0.625,0,goodware
0.12708470022442964,1.0,1.0,0.009117336155666612,0.9337811900191939,0.1325810747671122,0.625,0,goodware
0.12708470022442964,1.0,1.0,0.009107708554472781,0.9339080459770115,0.13258106151488547,0.625,0,goodware
0.12708470022442964,1.0,1.0,0.009098101264678716,0.9340344168260039,0.1325810518917945,0.625,0,goodware
0.12708470022442964,1.0,1.0,0.009088514227783846,0.9341603053435115,0.1325810701918267,0.625,0,goodware
0.12708470022442964,1.0,1.0,0.009078947368421053,0.9342857142857143,0.13258105819254654,0.625,0,goodware
0.12708470022442964,1.0,1.0,0.009069400634325415,0.9344106463878327,0.1325810747671122,0.625,0,goodware
0.12708470022442964,1.0,1.0,0.009059873950714307,0.9345351043643264,0.13258106151488547,0.625,0,goodware
0.12708470022442964,1.0,1.0,0.009050367260148072,0.9346590909090909,0.1325810518917945,0.625,0,goodware
0.12708470022442964,1.0,1.0,0.009040880505404103,0.9347826086956522,0.1325810701918267,0.625,0,goodware
0.12708470022442964,1.0,1.0,0.009031413612565445,0.9349056603773584,0.13258105819254654,0.625,0,goodware
0.12708470022442964,1.0,1.0,0.009021966530571659,0.9350282485875706,0.1325810747671122,0.625,0,goodware
0.12708470022442964,1.0,1.0,0.00901253918607563,0.9351503759398496,0.13258106151488547,0.625,0,goodware
0.12708470022442964,1.0,1.0,0.00900313152288804,0.9352720450281427,0.1325810518917945,0.625,0,goodware
0.11789174607420132,0.25015826981911465,0.04,0.00028344671205645066,0.9615384615384616,0.0,0.625,0,goodware
0.12708470022442964,1.0,1.0,0.008984375,0.9353932584269663,0.09627360910890062,0.625,0,goodware
0.12708470022442964,1.0,1.0,0.008975026017908137,0.9355140186915888,0.10621645255922929,0.625,0,goodware
0.12708470022442964,1.0,1.0,0.008965696466807479,0.9356343283582089,0.11343641794644006,0.625,0,goodware
0.12708470022442964,1.0,1.0,0.008956386291726185,0.9357541899441341,0.1186791884600769,0.625,0,goodware
0.12708470022442964,1.0,1.0,0.008947095437897462,0.9358736059479554,0.12248624429209391,0.625,0,goodware
0.12708470022442964,1.0,1.0,0.008937823834196891,0.9359925788497216,0.12525071064529017,0.625,0,goodware
0.12708470022442964,1.0,1.0,0.008928571431876921,0.9361111111111111,0.1272581493450961,0.625,0,goodware
0.12708470022442964,1.0,1.0,0.008919338160354982,0.9362292051756007,0.12871582464016756,0.625,0,goodware
0.12708470022442964,1.0,1.0,0.008910123965844865,0.9363468634686347,0.12977431407129347,0.625,0,goodware
0.12708470022442964,1.0,1.0,0.008900928794759698,0.93646408839779,0.13054295999290838,0.625,0,goodware
0.12708470022442964,1.0,1.0,0.008891752577319587,0.9365808823529411,0.13110108654706482,0.625,0,goodware
0.12708470022442964,1.0,1.0,0.008882595265887399,0.936697247706422,0.1315063946588619,0.625,0,goodware
0.12708470022442964,1.0,1.0,0.008873456791211726,0.9368131868131868,0.13180068364865538,0.625,0,goodware
0.12708470022442964,1.0,1.0,0.008864337100661139,0.9369287020109689,0.13201438129891144,0.625,0,goodware
0.12708470022442964,1.0,1.0,0.008855236141798001,0.9370437956204379,0.1321695828393757,0.625,0,goodware
0.12708470022442964,1.0,1.0,0.008846153846153847,0.9371584699453552,0.13228225707059293,0.625,0,goodware
0.12708470022442964,1.0,1.0,0.00883709016717253,0.9372727272727273,0.13236410059529835,0.625,0,goodware
0.12708470022442964,1.0,1.0,0.00882804503690111,0.9373865698729582,0.1324235059409735,0.625,0,goodware
0.12708470022442964,1.0,1.0,0.008819018403833017,0.9375,0.13246664307224143,0.625,0,goodware
0.12708470022442964,1.0,1.0,0.008810010216650123,0.9376130198915009,0.13249799232816797,0.625,0,goodware
0.12708470022442964,1.0,1.0,0.008801020408163265,0.9377256317689531,0.1325207312864512,0.625,0,goodware
0.12708470022442964,1.0,1.0,0.00879204893286879,0.9378378378378378,0.13253726843732822,0.625,0,goodware
0.12708470022442964,1.0,1.0,0.008783095724080476,0.9379496402877698,0.13254925159312198,0.625,0,goodware
0.12708470022442964,1.0,1.0,0.008774160731387629,0.9380610412926391,0.13255795314949886,0.625,0,goodware
0.12708470022442964,1.0,1.0,0.008765243904562802,0.9381720430107527,0.13256429706043155,0.625,0,goodware
0.12708470022442964,1.0,1.0,0.008756345177664975,0.9382826475849732,0.1325688784002645,0.625,0,goodware
0.12708470022442964,1.0,1.0,0.008747464506215353,0.9383928571428571,0.13257223042166272,0.625,0,goodware
0.12708470022442964,1.0,1.0,0.00873860182476365,0.9385026737967914,0.13257463920244372,0.625,0,goodware
0.12708470022442964,1.0,1.0,0.008729757083966935,0.9386120996441281,0.13257638833615495,0.625,0,goodware
0.12708470022442964,1.0,1.0,0.008720930234660498,0.9387211367673179,0.13257768375500215,0.625,0,goodware
0.11789174607420132,0.2506813426367807,0.04,0.00027382256294343683,0.962962962962963,2.4590576516408945e-06,0.625,0,goodware
0.6277869284935209,0.5435275175560628,0.02,0.05,0.8,0.0,0.625,0,goodware
0.11789174607420132,0.25117439805226205,0.04,0.000273224043715847,0.9642857142857143,0.026365918850402393,0.625,0,goodware
0.48943283463784887,1.0,0.02,0.05,0.8,0.0,0.625,0,goodware
0.12267414517382973,1.0,0.04,0.08333333002196432,0.5,0.019144643568445394,0.625,0,goodware
0.6277869284935209,1.0,0.04,0.06249999441206505,0.6666666666666667,0.0502093125153635,0.625,0,goodware
0.4581571117683248,1.0,1.0,0.008785140565403426,0.9379432624113475,0.01943694788704644,0.625,0,goodware
0.4752020505167443,1.0,1.0,0.008901705116410396,0.9371681415929204,0.050421568998654256,0.625,0,goodware
0.12935664416147793,1.0,1.0,0.008892785570080056,0.9372791519434629,0.07292102006636947,0.625,0,goodware
0.12935664416147793,1.0,1.0,0.008883883886004088,0.937389770723104,0.08925899057219026,0.625,0,goodware
0.12935664416147793,1.0,1.0,0.008875,0.9375,0.10112277419279445,0.625,0,goodware
0.12935664416147793,1.0,1.0,0.008866133869301475,0.937609841827768,0.10973766951848143,0.625,0,goodware
0.12935664416147793,1.0,1.0,0.00885728543019548,0.9377192982456141,0.11599334605565041,0.625,0,goodware
0.11581057537783808,0.2698313960532396,0.02,0.05,0.8,0.0,0.625,0,goodware
0.13149217729775967,0.369831236053494,0.02,0.05,0.8,0.0,0.625,0,goodware
0.11581057537783808,0.9600694062966305,0.06,0.0009517766488822795,0.5,0.0,0.625,0,goodware
0.11581057537783808,0.7563821478039869,0.06,0.000949367088607595,0.625,0.03630745600874291,0.625,0,goodware
0.6083489755404127,1.0,1.0,0.008937437935516808,0.9369527145359019,0.03351347857891769,0.625,0,goodware
0.6083489755404127,1.0,1.0,0.008928571427515507,0.9370629370629371,0.06064322742604413,0.625,0,goodware
0.5040083370711613,1.0,0.04,0.04166666915019368,0.5,0.007330348945409321,0.625,0,goodware
0.4237913550247392,0.6752700577941788,0.1,0.0007387706853709969,0.7222222222222222,0.0,0.625,0,goodware
0.13149217729775967,1.0,1.0,0.009025717114963253,0.9363001745200699,0.042364511127069605,0.625,0,goodware
0.5021246953168751,1.0,1.0,0.009140316206610287,0.9355400696864111,0.06707039569763851,0.625,0,goodware
0.5031111822344492,1.0,1.0,0.009254689041359088,0.9347826086956522,0.08501054861988577,0.625,0,goodware
0.5056382822007056,1.0,1.0,0.00936883629411608,0.9340277777777778,0.09803779109465496,0.625,0,goodware
0.4846875190418804,0.17173920242884122,0.3,0.00219555035036863,0.5833333333333333,0.0,0.625,0,goodware
0.495755788247539,0.16193033209427984,0.32,0.0023391812865497076,0.5789473684210527,0.03630745600874291,0.625,0,goodware
0.5066093551212313,0.16272248029946473,0.34,0.0024824766348225833,0.575,0.06267207129152882,0.625,0,goodware
0.4402408502630525,1.0,1.0,0.009454813358421315,0.9332755632582322,0.04116002309062067,0.625,0,goodware
0.5053760620563026,1.0,1.0,0.009568204123926631,0.9325259515570934,0.06619577056237394,0.625,0,goodware
0.4867793618919131,1.0,1.0,0.009681372549019608,0.9317789291882557,0.08437544046856786,0.625,0,goodware
0.4802384961301104,1.0,1.0,0.00979431929823969,0.9310344827586207,0.0975766078693596,0.625,0,goodware
0.485457495306767,1.0,1.0,0.009907045010940325,0.9302925989672978,0.107162603523079,0.625,0,goodware
0.47127400243076645,1.0,1.0,0.010019550340963418,0.929553264604811,0.11412346450534838,0.625,0,goodware
0.4852826231204216,1.0,1.0,0.010131835939859002,0.9288164665523156,0.11917810935060828,0.625,0,goodware
0.44194635516821945,1.0,1.0,0.010243902439024389,0.928082191780822,0.12284851182629378,0.625,0,goodware
0.44194635516821945,1.0,1.0,0.010355750490939088,0.9273504273504274,0.1255137947861968,0.625,0,goodware
0.46297895677962086,1.0,1.0,0.010467380721760282,0.9266211604095563,0.1274491633535463,0.625,0,goodware
0.4887847782928355,0.1544891291903289,0.36,0.0025951557079152633,0.5714285714285714,0.003335029414983151,0.625,0,goodware
0.47913673477771546,1.0,1.0,0.010568513121982245,0.9258943781942078,0.09356760305842306,0.625,0,goodware
0.49464209423886246,1.0,1.0,0.010679611650485437,0.9251700680272109,0.10425146876209564,0.625,0,goodware
0.5044239686637604,1.0,1.0,0.010790494669116375,0.9244482173174873,0.11200956832727534,0.625,0,goodware
0.478916629544964,1.0,1.0,0.010901162791956898,0.923728813559322,0.11764308306212001,0.625,0,goodware
0.48942309506220544,1.0,1.0,0.011011616649261678,0.9230118443316413,0.1217338540500669,0.625,0,goodware
0.4797750515470857,1.0,1.0,0.011121856869102182,0.9222972972972973,0.12470438702269356,0.625,0,goodware
0.4439414042750043,1.0,1.0,0.011231884057971014,0.9215851602023609,0.1268614127303203,0.625,0,goodware
0.12935664416147793,1.0,1.0,0.011221042474915982,0.9217171717171717,0.1284277592470045,0.625,0,goodware
0.12935664416147793,1.0,1.0,0.01121022179492417,0.9218487394957984,0.12956513567939293,0.625,0,goodware
0.12935664416147793,1.0,1.0,0.01119942196403172,0.9219798657718121,0.13039104041755056,0.625,0,goodware
0.12935664416147793,1.0,1.0,0.01118864292845773,0.9221105527638191,0.1309907952866316,0.625,0,goodware
0.12935664416147793,1.0,1.0,0.011177884615384616,0.9222408026755853,0.1314262816895591,0.625,0,goodware
0.12935664416147793,1.0,1.0,0.011167146977899792,0.9223706176961602,0.13174253482546933,0.625,0,goodware
0.12935664416147793,1.0,1.0,0.011156429943694769,0.9225,0.1319721565901694,0.625,0,goodware
0.12935664416147793,1.0,1.0,0.011145733459895805,0.9226289517470881,0.1321388962007763,0.625,0,goodware
0.12935664416147793,1.0,1.0,0.011135057473807285,0.9227574750830565,0.1322599992258135,0.625,0,goodware
0.12935664416147793,1.0,1.0,0.011124401913875598,0.9228855721393034,0.1323479128375313,0.625,0,goodware
0.12935664416147793,1.0,1.0,0.011113766734201332,0.9230132450331126,0.13241177647269506,0.625,0,goodware
0.12935664416147793,1.0,1.0,0.011103151863728365,0.9231404958677686,0.13245812573079546,0.625,0,goodware
0.12935664416147793,1.0,1.0,0.011092557250646626,0.9232673267326733,0.1324917821973664,0.625,0,goodware
0.12935664416147793,1.0,1.0,0.011081982843319495,0.9233937397034596,0.13251624708175944,0.625,0,goodware
0.12935664416147793,1.0,1.0,0.01107142857142857,0.9235197368421053,0.13253398695718233,0.625,0,goodware
0.12935664416147793,1.0,1.0,0.011060894390062496,0.9236453201970444,0.13254689403096695,0.625,0,goodware
0.12935664416147793,1.0,1.0,0.011050380229389076,0.9237704918032787,0.13255624120814075,0.625,0,goodware
0.12935664416147793,1.0,1.0,0.011039886038636223,0.9238952536824877,0.13256302865132702,0.625,0,goodware
0.12935664416147793,1.0,1.0,0.011029411767200775,0.9240196078431373,0.1325679826316185,0.625,0,goodware
0.12935664416147793,1.0,1.0,0.011018957345971563,0.9241435562805873,0.13257155467402879,0.625,0,goodware
0.12935664416147793,1.0,1.0,0.011008522731000904,0.9242671009771987,0.132574173795502,0.625,0,goodware
0.12935664416147793,1.0,1.0,0.010998107853652864,0.9243902439024391,0.13257605038137815,0.625,0,goodware
0.12935664416147793,1.0,1.0,0.010987712664168396,0.924512987012987,0.13257741306230114,0.625,0,goodware
0.12935664416147793,1.0,1.0,0.010977337112952975,0.9246353322528363,0.1325784278589916,0.625,0,goodware
0.12935664416147793,1.0,1.0,0.010966981132075473,0.9247572815533981,0.13257913946524907,0.625,0,goodware
0.12935664416147793,1.0,1.0,0.010956644678528183,0.9248788368336026,0.13257968148497332,0.625,0,goodware
0.12935664416147793,1.0,1.0,0.010946327684844543,0.925,0.13258004978447913,0.625,0,goodware
0.12935664416147793,1.0,1.0,0.010936030102254303,0.9251207729468599,0.13258031722479022,0.625,0,goodware
0.12935664416147793,1.0,1.0,0.010925751882147465,0.9252411575562701,0.1325805367140279,0.625,0,goodware
0.5175207107098865,1.0,1.0,0.011032863849765259,0.9245585874799358,0.1325806708081862,0.625,0,goodware
0.46211891628990165,1.0,1.0,0.01113977486302429,0.9238782051282052,0.1325807934682998,0.625,0,goodware
0.519714257605019,1.0,1.0,0.011246485474546097,0.9232,0.13258085725003926,0.625,0,goodware
0.5187453475181842,1.0,1.0,0.011352996253414436,0.9225239616613419,0.13258090356508445,0.625,0,goodware
0.505571425482309,1.0,1.0,0.011459307766821433,0.9218500797448166,0.13258096248451667,0.625,0,goodware
0.4402408502630525,1.0,1.0,0.011448598130841122,0.9219745222929936,0.13258097998099302,0.625,0,goodware
0.4928499263011166,1.0,1.0,0.01155462185259781,0.9213036565977742,0.13258101797386146,0.625,0,goodware
0.4881012284770593,1.0,1.0,0.011660447762490703,0.9206349206349207,0.13258102027452426,0.625,0,goodware
0.4832772067194995,1.0,1.0,0.011766076419941634,0.9199683042789224,0.1325810219451482,0.625,0,goodware
0.4852826231204216,1.0,1.0,0.011871508382523639,0.9193037974683544,0.1325810484460958,0.625,0,goodware
0.4811421511786378,1.0,1.0,0.011976744186046513,0.9186413902053713,0.1325810424019062,0.625,0,goodware
0.4657664308574305,1.0,1.0,0.012081784390632698,0.917981072555205,0.13258106330075264,0.625,0,goodware
0.4397139580150764,1.0,1.0,0.01218662952781129,0.9173228346456693,0.1325810531886001,0.625,0,goodware
0.4397139580150764,1.0,1.0,0.01229128014706379,0.9166666666666666,0.13258104584567088,0.625,0,goodware
0.46013235318060197,1.0,1.0,0.012395736796066148,0.9160125588697017,0.13258106580143933,0.625,0,goodware
0.4415116295653836,1.0,1.0,0.0125,0.9153605015673981,0.1325810550044712,0.625,0,goodware
0.12935664416147793,1.0,1.0,0.012488436636879013,0.9154929577464789,0.13258107245209413,0.625,0,goodware
0.12935664416147793,1.0,1.0,0.012476894640931019,0.915625,0.13258105983383744,0.625,0,goodware
0.12935664416147793,1.0,1.0,0.012465373959846733,0.9157566302652106,0.1325810506711032,0.625,0,goodware
0.12935664416147793,1.0,1.0,0.012453874541484534,0.9158878504672897,0.13258106930542274,0.625,0,goodware
0.12935664416147793,1.0,1.0,0.012442396313364055,0.9160186625194401,0.13258105754888522,0.625,0,goodware
0.12935664416147793,1.0,1.0,0.012430939230612937,0.9161490683229814,0.13258107429971813,0.625,0,goodware
0.12935664416147793,1.0,1.0,0.012419503221233228,0.9162790697674419,0.1325810611754877,0.625,0,goodware
0.12935664416147793,1.0,1.0,0.012408088233934595,0.9164086687306502,0.13258105164534117,0.625,0,goodware
0.12935664416147793,1.0,1.0,0.012396694217590085,0.9165378670788253,0.13258107001286482,0.625,0,goodware
0.12935664416147793,1.0,1.0,0.012385321100917432,0.9166666666666666,0.13258105806259354,0.625,0,goodware
0.12935664416147793,1.0,1.0,0.012373968839986505,0.9167950693374423,0.132581074672747,0.625,0,goodware
0.12935664416147793,1.0,1.0,0.012362637363986942,0.916923076923077,0.13258106144636223,0.625,0,goodware
0.12935664416147793,1.0,1.0,0.012351326622623612,0.9170506912442397,0.13258105184203642,0.625,0,goodware
0.12935664416147793,1.0,1.0,0.012340036565760598,0.9171779141104295,0.1325810701556949,0.625,0,goodware
0.12935664416147793,1.0,1.0,0.012328767123287671,0.9173047473200613,0.13258105816630947,0.625,0,goodware
0.12935664416147793,1.0,1.0,0.012317518252194423,0.9174311926605505,0.1325810747480602,0.625,0,goodware
0.12935664416147793,1.0,1.0,0.012306289882832291,0.917557251908397,0.13258106150105084,0.625,0,goodware
0.12935664416147793,1.0,1.0,0.012295081965878243,0.9176829268292683,0.1325810518817485,0.625,0,goodware
0.12935664416147793,1.0,1.0,0.012283894452164431,0.9178082191780822,0.1325810701845318,0.625,0,goodware
0.12935664416147793,1.0,1.0,0.012272727272727272,0.9179331306990881,0.13258105818724936,0.625,0,goodware
0.12935664416147793,1.0,1.0,0.012261580385454208,0.9180576631259484,0.1325810747632657,0.625,0,goodware
0.12935664416147793,1.0,1.0,0.012250453721833365,0.9181818181818182,0.1325810615120923,0.625,0,goodware
0.12935664416147793,1.0,1.0,0.012239347233491347,0.9183055975794251,0.13258105188976624,0.625,0,goodware
0.12935664416147793,1.0,1.0,0.012228260872206019,0.918429003021148,0.13258107019035387,0.625,0,goodware
0.12935664416147793,1.0,1.0,0.012217194570135747,0.918552036199095,0.13258105819147703,0.625,0,goodware
0.12935664416147793,1.0,1.0,0.012206148286044539,0.9186746987951807,0.1325810747663356,0.625,0,goodware
0.12935664416147793,1.0,1.0,0.012195121952532766,0.918796992481203,0.13258106151432153,0.625,0,goodware
0.12935664416147793,1.0,1.0,0.01218411552215482,0.9189189189189189,0.132581051891385,0.625,0,goodware
0.12935664416147793,1.0,1.0,0.012173128947612534,0.9190404797601199,0.13258107019152932,0.625,0,goodware
0.5131212769732979,1.0,1.0,0.012274774774774774,0.9184131736526946,0.1325810581923306,0.625,0,goodware
0.13149217729775967,1.0,1.0,0.012263726376584924,0.9185351270553064,0.1325810747669554,0.625,0,goodware
0.45908893551003693,1.0,1.0,0.012365107914994636,0.917910447761194,0.13258106151477161,0.625,0,goodware
0.12747386829023266,1.0,1.0,0.012466307276292813,0.9172876304023845,0.13258105189171182,0.625,0,goodware
0.5108105425015833,1.0,1.0,0.012567324957806358,0.9166666666666666,0.13258107019176663,0.625,0,goodware
0.4796001793607402,1.0,1.0,0.012668161434977579,0.9160475482912332,0.13258105819250293,0.625,0,goodware
0.4714488746171118,1.0,1.0,0.012768817208392907,0.9154302670623146,0.13258107476708056,0.625,0,goodware
0.5083392069728214,1.0,1.0,0.012869292749806749,0.9148148148148149,0.13258106151486246,0.625,0,goodware
0.49742786011586987,1.0,1.0,0.012969588549600989,0.9142011834319527,0.1325810518917778,0.625,0,goodware
0.4754144743725504,1.0,1.0,0.013069705096618464,0.913589364844904,0.13258107019181456,0.625,0,goodware
0.48092204594588633,1.0,1.0,0.013169642857142857,0.9129793510324484,0.1325810581925377,0.625,0,goodware
0.47195755224654234,1.0,1.0,0.013269402323590997,0.9123711340206185,0.13258107476710582,0.625,0,goodware
0.45149947664964635,1.0,1.0,0.013368983958639669,0.9117647058823529,0.1325810615148808,0.625,0,goodware
0.49388307763327394,0.15833839235729913,0.38,0.0024688149675912447,0.5681818181818181,3.3459346404640654e-15,0.625,0,goodware
0.4846875190418804,0.1591231929714668,0.38,0.0024662512977217032,0.5869565217391304,0.03630745600874534,0.625,0,goodware
0.4983108681307922,0.163966428020749,0.4,0.002593360994888529,0.5833333333333333,0.0626720712915306,0.625,0,goodware
0.5074762130868531,0.23948009993724978,0.42,0.0027202072538860104,0.5800000000000001,0.08181672543662383,0.625,0,goodware
0.4887847782928355,0.30896301757164385,0.44,0.0028467908895665342,0.5769230769230769,0.09571858094326303,0.625,0,goodware
0.5082202797312174,0.38050088272898874,0.46,0.002973112718285739,0.5740740740740741,0.10581339916277313,0.625,0,goodware
0.4846875190418804,0.4467380243293067,0.46,0.002970041321948289,0.5892857142857143,0.11314376271350168,0.625,0,goodware
0.5007146626118992,0.510832434344374,0.48,0.003095975231055514,0.5862068965517242,0.11846667716069743,0.625,0,goodware
0.5165262795111827,0.5721221049281332,0.5,0.0032216494845360823,0.5833333333333333,0.1223319293990223,0.625,0,goodware
0.4936088000503955,0.6188343646048036,0.52,0.003347064880743561,0.5806451612903225,0.12513865504282923,0.625,0,goodware
0.4244529754432677,1.0,1.0,0.013239187995076581,0.9118942731277533,0.005404295880879545,0.625,0,goodware
0.5095261128638857,1.0,1.0,0.013337742507213373,0.9112903225806451,0.040231780707808196,0.625,0,goodware
0.11789174607420132,1.0,1.0,0.013325991189427313,0.9114202049780381,0.06552171567550898,0.625,0,goodware
0.11789174607420132,1.0,1.0,0.013314260567571786,0.9115497076023392,0.08388599219886095,0.625,0,goodware
0.11789174607420132,1.0,1.0,0.01330255057307457,0.9116788321167884,0.09722117689547113,0.625,0,goodware
0.11789174607420132,1.0,1.0,0.01329086115853744,0.9118075801749271,0.1069045076833349,0.625,0,goodware
0.11789174607420132,1.0,1.0,0.013279192276704132,0.9119359534206696,0.1139360702057229,0.625,0,goodware
0.11789174607420132,1.0,1.0,0.013267543859649122,0.9120639534883721,0.1190420104393457,0.625,0,goodware
0.11789174607420132,1.0,1.0,0.013255915867432678,0.9121915820029027,0.12274970715312003,0.625,0,goodware
0.11789174607420132,1.0,1.0,0.013244308232555907,0.9123188405797101,0.12544202393353293,0.625,0,goodware
0.11789174607420132,1.0,1.0,0.013232720908506157,0.9124457308248914,0.12739704702197066,0.625,0,goodware
0.4244529754432677,1.0,1.0,0.01322115384890924,0.9125722543352601,0.12881670961662192,0.625,0,goodware
0.5350436224364847,1.0,1.0,0.01331877729257642,0.911976911976912,0.12984757159421192,0.625,0,goodware
0.11789174607420132,1.0,1.0,0.013307155327014842,0.9121037463976945,0.13059615587872178,0.625,0,goodware
0.11789174607420132,1.0,1.0,0.013295553619516088,0.9122302158273381,0.13113971468537738,0.625,0,goodware
0.11789174607420132,1.0,1.0,0.013283972124056121,0.9123563218390804,0.1315344193593097,0.625,0,goodware
0.11789174607420132,1.0,1.0,0.013272410794747076,0.9124820659971306,0.13182105889921647,0.625,0,goodware
0.11789174607420132,1.0,1.0,0.013260869565217392,0.9126074498567335,0.1320291767663577,0.625,0,goodware
0.11789174607420132,1.0,1.0,0.013249348396818711,0.9127324749642346,0.13218032655504436,0.625,0,goodware
0.11789174607420132,1.0,1.0,0.013237847223592078,0.9128571428571428,0.13229005860878512,0.625,0,goodware
0.4244529754432677,1.0,1.0,0.013226366000367123,0.912981455064194,0.1323697404278659,0.625,0,goodware
0.5217220745415659,1.0,1.0,0.013323223572943244,0.9123931623931624,0.13242762655821205,0.625,0,goodware
0.5106048165728406,0.6624816514174598,0.54,0.003395372232178793,0.578125,0.00011142293829344563,0.625,0,goodware
0.11789174607420132,1.0,1.0,0.013300173014495254,0.9125177809388336,0.09619270908976021,0.625,0,goodware
0.11789174607420132,1.0,1.0,0.013288677615889486,0.9126420454545454,0.10615768683353455,0.625,0,goodware
0.11789174607420132,1.0,1.0,0.013277202071172051,0.9127659574468086,0.11339374527456955,0.625,0,goodware
0.11789174607420132,1.0,1.0,0.013265746335774634,0.9128895184135978,0.11864822437320355,0.625,0,goodware
0.11789174607420132,1.0,1.0,0.013254310344827585,0.9130127298444131,0.12246373638954758,0.625,0,goodware
0.4846875190418804,0.7094075972107048,0.54,0.0033750000000000004,0.5909090909090908,0.007346684325773597,0.625,0,goodware
0.5026609170275925,0.7534445913085278,0.56,0.003496503495670698,0.5882352941176471,0.0416422364254788,0.625,0,goodware
0.5130150428403143,0.7970007518235759,0.58,0.0036177644693362434,0.5857142857142856,0.06654591665859022,0.625,0,goodware
0.4507245935846009,1.0,1.0,0.013316151205476648,0.9124293785310734,0.04795135535021905,0.625,0,goodware
0.48997810246386236,0.838022610621994,0.6,0.0037350597596257354,0.5833333333333333,0.06145378125150282,0.625,0,goodware
0.4507245935846009,1.0,1.0,0.013293310467199022,0.9125528913963329,0.051649009571172355,0.625,0,goodware
0.5166702419769517,1.0,1.0,0.01338903170659477,0.9119718309859155,0.0738123247881675,0.625,0,goodware
0.4507245935846009,1.0,1.0,0.013377568491785332,0.9120956399437412,0.08990619356348442,0.625,0,goodware
0.5198802837246024,1.0,1.0,0.013473053894963411,0.9115168539325843,0.10159275936313761,0.625,0,goodware
0.11789174607420132,1.0,1.0,0.01346153846153846,0.9116409537166901,0.11007892784053008,0.625,0,goodware
0.11789174607420132,1.0,1.0,0.013450042702655943,0.9117647058823529,0.11624117260993552,0.625,0,goodware
0.11789174607420132,1.0,1.0,0.013438566554267919,0.9118881118881119,0.1207158582028165,0.625,0,goodware
0.11789174607420132,1.0,1.0,0.013427109973059986,0.9120111731843575,0.12396514658939348,0.625,0,goodware
0.11789174607420132,1.0,1.0,0.013415672915842034,0.9121338912133892,0.12632463813697828,0.625,0,goodware
0.11789174607420132,1.0,1.0,0.013404255319148937,0.9122562674094707,0.12803795642701257,0.625,0,goodware
0.11789174607420132,1.0,1.0,0.013392857146929981,0.9123783031988874,0.1292821054172049,0.625,0,goodware
0.11789174607420132,1.0,1.0,0.01338147833610467,0.9125,0.13018551828088007,0.625,0,goodware
0.11789174607420132,1.0,1.0,0.01337011884414784,0.912621359223301,0.13084153061186804,0.625,0,goodware
0.11789174607420132,1.0,1.0,0.013358778628655624,0.9127423822714682,0.13131791834488266,0.625,0,goodware
0.11789174607420132,1.0,1.0,0.013347457627118645,0.9128630705394191,0.13166382176518984,0.625,0,goodware
0.11789174607420132,1.0,1.0,0.013336155804207776,0.9129834254143646,0.13191502434239483,0.625,0,goodware
0.11789174607420132,1.0,1.0,0.013324873097790565,0.9131034482758621,0.1320974096772341,0.625,0,goodware
0.11789174607420132,1.0,1.0,0.013313609466114026,0.9132231404958677,0.13222984860239975,0.625,0,goodware
0.11789174607420132,1.0,1.0,0.013302364867543524,0.9133425034387895,0.13232604423223016,0.625,0,goodware
0.11789174607420132,1.0,1.0,0.013291139240506327,0.9134615384615384,0.13239587135168535,0.625,0,goodware
0.11789174607420132,1.0,1.0,0.013279932550378815,0.9135802469135803,0.13244660150555293,0.625,0,goodware
0.11789174607420132,1.0,1.0,0.013268744735957672,0.9136986301369863,0.13248341389294194,0.625,0,goodware
0.11789174607420132,1.0,1.0,0.013257575756245431,0.9138166894664843,0.13251014517055743,0.625,0,goodware
0.11789174607420132,1.0,1.0,0.01324642557036013,0.9139344262295082,0.1325295813385859,0.625,0,goodware
0.11789174607420132,1.0,1.0,0.013235294117647059,0.9140518417462483,0.13254366961419822,0.625,0,goodware
0.11789174607420132,1.0,1.0,0.013224181364172406,0.9141689373297003,0.13255392508384,0.625,0,goodware
0.11789174607420132,1.0,1.0,0.01321308724964356,0.9142857142857143,0.1325613468000246,0.625,0,goodware
0.11789174607420132,1.0,1.0,0.013202011733802347,0.9144021739130435,0.13256673607167432,0.625,0,goodware
0.11789174607420132,1.0,1.0,0.013190954776503325,0.9145183175033922,0.1325706747716418,0.625,0,goodware
0.11789174607420132,1.0,1.0,0.013179916317991633,0.9146341463414634,0.13257350956876524,0.625,0,goodware
0.11789174607420132,1.0,1.0,0.013168896325007997,0.9147496617050068,0.1325755933405949,0.625,0,goodware
0.11789174607420132,1.0,1.0,0.0131578947381525,0.9148648648648648,0.13257708118260178,0.625,0,goodware
0.11789174607420132,1.0,1.0,0.013146911517890455,0.9149797570850202,0.13257816157756,0.625,0,goodware
0.11789174607420132,1.0,1.0,0.01313594662479721,0.9150943396226415,0.13257897139268826,0.625,0,goodware
0.11789174607420132,1.0,1.0,0.013125000000000001,0.9152086137281292,0.1325795341516894,0.625,0,goodware
0.11789174607420132,1.0,1.0,0.013114071610899215,0.9153225806451613,0.13257996808618472,0.625,0,goodware
0.11789174607420132,1.0,1.0,0.013103161398970064,0.9154362416107382,0.13258025789965694,0.625,0,goodware
0.11789174607420132,1.0,1.0,0.013092269325385935,0.9155495978552279,0.13258046834741463,0.625,0,goodware
0.11789174607420132,1.0,1.0,0.013081395351427614,0.9156626506024097,0.13258064645158868,0.625,0,goodware
0.11789174607420132,1.0,1.0,0.013070539419087137,0.9157754010695187,0.1325807504940042,0.625,0,goodware
0.11789174607420132,1.0,1.0,0.013059701496410045,0.9158878504672897,0.1325808513320864,0.625,0,goodware
0.11789174607420132,1.0,1.0,0.013048881525729533,0.916,0.132580899267769,0.625,0,goodware
0.11789174607420132,1.0,1.0,0.013038079468912037,0.9161118508655126,0.13258093407621613,0.625,0,goodware
0.11789174607420132,1.0,1.0,0.013027295287928824,0.9162234042553191,0.1325809846401481,0.625,0,goodware
0.11789174607420132,1.0,1.0,0.013016528925619835,0.9163346613545816,0.13258099606928223,0.625,0,goodware
0.11789174607420132,1.0,1.0,0.013005780350661628,0.916445623342175,0.13258102965635848,0.625,0,goodware
0.11789174607420132,1.0,1.0,0.012995049506228656,0.9165562913907285,0.1325810287577576,0.625,0,goodware
0.11789174607420132,1.0,1.0,0.012984336354865744,0.9166666666666666,0.13258102810523945,0.625,0,goodware
0.11789174607420132,1.0,1.0,0.012973640859220065,0.916776750330251,0.13258105291924066,0.625,0,goodware
0.11789174607420132,1.0,1.0,0.012962962962962963,0.91688654353562,0.13258104565007578,0.625,0,goodware
0.11789174607420132,1.0,1.0,0.012952302635388244,0.9169960474308301,0.1325810656594081,0.625,0,goodware
0.11789174607420132,1.0,1.0,0.012941659820495287,0.9171052631578948,0.1325810549013354,0.625,0,goodware
0.4534939718343245,1.0,1.0,0.013033661739282647,0.916557161629435,0.13258104708937185,0.625,0,goodware
0.47708122875196507,1.0,1.0,0.0131255127179076,0.916010498687664,0.1325810667045517,0.625,0,goodware
0.11789174607420132,1.0,1.0,0.013114754098360656,0.9161205766710354,0.13258105566026535,0.625,0,goodware
0.11789174607420132,1.0,1.0,0.013104013107851236,0.9162303664921466,0.13258107292829846,0.625,0,goodware
0.11789174607420132,1.0,1.0,0.013093289690311654,0.9163398692810457,0.13258106017963273,0.625,0,goodware
0.11789174607420132,1.0,1.0,0.013082583809027337,0.9164490861618799,0.1325810509222021,0.625,0,goodware
0.11789174607420132,1.0,1.0,0.013071895427382829,0.9165580182529335,0.132581069487758,0.625,0,goodware
0.11789174607420132,1.0,1.0,0.013061224489795919,0.9166666666666666,0.13258105768128775,0.625,0,goodware
0.11789174607420132,1.0,1.0,0.013050570966286498,0.9167750325097529,0.13258107439586211,0.625,0,goodware
0.11789174607420132,1.0,1.0,0.013039934801592896,0.9168831168831169,0.13258106124530258,0.625,0,goodware
0.11789174607420132,1.0,1.0,0.013029315959647219,0.9169909208819714,0.13258105169603715,0.625,0,goodware
0.11789174607420132,1.0,1.0,0.01301871440447836,0.917098445595855,0.13258107004967765,0.625,0,goodware
0.11789174607420132,1.0,1.0,0.013008130081300815,0.9172056921086675,0.13258105808932513,0.625,0,goodware
0.11789174607420132,1.0,1.0,0.0129975629607216,0.917312661498708,0.13258107469215813,0.625,0,goodware
0.11789174607420132,1.0,1.0,0.01298701298826962,0.9174193548387097,0.13258106146045762,0.625,0,goodware
0.11789174607420132,1.0,1.0,0.012976480128510205,0.9175257731958762,0.1325810518522718,0.625,0,goodware
0.11789174607420132,1.0,1.0,0.01296596434610318,0.9176319176319176,0.13258107016312728,0.625,0,goodware
0.11789174607420132,1.0,1.0,0.012955465587044534,0.9177377892030848,0.13258105817170648,0.625,0,goodware
0.11789174607420132,1.0,1.0,0.012944983822515766,0.9178433889602053,0.13258107475197925,0.625,0,goodware
0.11789174607420132,1.0,1.0,0.012934518998821273,0.9179487179487179,0.13258106150389665,0.625,0,goodware
0.11789174607420132,1.0,1.0,0.01292407108114647,0.9180537772087067,0.132581051883815,0.625,0,goodware
0.11789174607420132,1.0,1.0,0.01291364003476905,0.9181585677749361,0.13258107018603235,0.625,0,goodware
0.11789174607420132,1.0,1.0,0.012903225806451613,0.9182630906768838,0.13258105818833898,0.625,0,goodware
0.11789174607420132,1.0,1.0,0.01289282836793782,0.9183673469387755,0.13258107476405692,0.625,0,goodware
0.11789174607420132,1.0,1.0,0.01288244766629284,0.9184713375796179,0.13258106151266685,0.625,0,goodware
0.11789174607420132,1.0,1.0,0.012872083667309357,0.9185750636132315,0.13258105189018346,0.625,0,goodware
0.11789174607420132,1.0,1.0,0.012861736336870159,0.9186785260482846,0.13258107019065682,0.625,0,goodware
0.11789174607420132,1.0,1.0,0.012851405622489959,0.9187817258883249,0.13258105819169702,0.625,0,goodware
0.11789174607420132,1.0,1.0,0.012841091496462545,0.9188846641318125,0.13258107476649536,0.625,0,goodware
0.11789174607420132,1.0,1.0,0.012830793906599478,0.9189873417721519,0.13258106151443752,0.625,0,goodware
0.11789174607420132,1.0,1.0,0.012820512819288202,0.9190897597977243,0.13258105189146924,0.625,0,goodware
0.11789174607420132,1.0,1.0,0.012810248201004164,0.9191919191919192,0.1325810701915905,0.625,0,goodware
0.4507245935846009,1.0,1.0,0.0128,0.9192938209331651,0.13258105819237503,0.625,0,goodware
0.5082574779498161,1.0,1.0,0.012889688253085303,0.9187657430730478,0.13258107476698766,0.625,0,goodware
0.11789174607420132,1.0,1.0,0.01287939297247232,0.9188679245283019,0.132581061514795,0.625,0,goodware
0.11789174607420132,1.0,1.0,0.01286911412487301,0.9189698492462312,0.13258105189172883,0.625,0,goodware
0.11789174607420132,1.0,1.0,0.012858851677085956,0.9190715181932246,0.13258107019177898,0.625,0,goodware
0.11789174607420132,1.0,1.0,0.012848605577689243,0.9191729323308271,0.1325810581925119,0.625,0,goodware
0.11789174607420132,1.0,1.0,0.012838375799833887,0.9192740926157698,0.13258107476708708,0.625,0,goodware
0.11789174607420132,1.0,1.0,0.012828162292386027,0.919375,0.1325810615148672,0.625,0,goodware
0.11789174607420132,1.0,1.0,0.012817965022632735,0.9194756554307116,0.13258105189178124,0.625,0,goodware
0.11789174607420132,1.0,1.0,0.01280778395794568,0.919576059850374,0.13258107019181703,0.625,0,goodware
0.11789174607420132,1.0,1.0,0.012797619047619047,0.9196762141967622,0.1325810581925395,0.625,0,goodware
0.11789174607420132,1.0,1.0,0.012787470265323675,0.9197761194029851,0.13258107476710715,0.625,0,goodware
0.11789174607420132,1.0,1.0,0.012777337560636431,0.9198757763975155,0.13258106151488178,0.625,0,goodware
0.11789174607420132,1.0,1.0,0.012767220901407783,0.9199751861042184,0.1325810518917918,0.625,0,goodware
0.11789174607420132,1.0,1.0,0.012757120255570834,0.9200743494423792,0.13258107019182472,0.625,0,goodware
0.49083701370287175,0.8692731266178952,0.62,0.0035099637669789305,0.5810810810810811,1.4113710200547303e-15,0.625,0,goodware
0.4846875190418804,0.8987762575035321,0.62,0.003506787330316742,0.5921052631578947,0.03630745600874393,0.625,0,goodware
0.5009786801012867,0.9317972364534262,0.64,0.0036166365272493005,0.5897435897435898,0.06267207129152957,0.625,0,goodware
0.50983356053952,0.9649618920211436,0.66,0.0037262872612675406,0.5875,0.08181670983132264,0.625,0,goodware
0.4866044897055679,0.9945795949044474,0.68,0.0038357400717894804,0.5853658536585367,0.0957185878683595,0.625,0,goodware
0.4507245935846009,1.0,1.0,0.012696850393700786,0.9201732673267327,0.026767654001121643,0.625,0,goodware
0.11789174607420132,1.0,1.0,0.012686860743144906,0.9202719406674907,0.05574476441080241,0.625,0,goodware
0.11789174607420132,1.0,1.0,0.012676886793640882,0.9203703703703704,0.0767864529941468,0.625,0,goodware
0.11789174607420132,1.0,1.0,0.012666928514131958,0.9204685573366215,0.092065853731621,0.625,0,goodware
0.11789174607420132,1.0,1.0,0.012656985873640236,0.9205665024630542,0.10316099469410667,0.625,0,goodware
0.11789174607420132,1.0,1.0,0.01264705882352941,0.9206642066420664,0.11121770032913676,0.625,0,goodware
0.11789174607420132,1.0,1.0,0.012637147338965043,0.9207616707616708,0.1170680912506166,0.625,0,goodware
0.11789174607420132,1.0,1.0,0.01262725137157814,0.9208588957055215,0.12131632433167339,0.625,0,goodware
0.11789174607420132,1.0,1.0,0.012617370890841856,0.9209558823529411,0.12440117445739199,0.625,0,goodware
0.11789174607420132,1.0,1.0,0.012607505866306382,0.9210526315789473,0.12664125938969711,0.625,0,goodware
0.11789174607420132,1.0,1.0,0.01259765625,0.9211491442542787,0.12826787062725034,0.625,0,goodware
0.11789174607420132,1.0,1.0,0.012587822017565772,0.9212454212454213,0.12944905741142326,0.625,0,goodware
0.11789174607420132,1.0,1.0,0.012578003121294395,0.9213414634146342,0.13030675030147001,0.625,0,goodware
0.11789174607420132,1.0,1.0,0.012568199531178294,0.9214372716199757,0.1309295631201656,0.625,0,goodware
0.11789174607420132,1.0,1.0,0.012558411217285171,0.9215328467153284,0.13138184307332967,0.625,0,goodware
0.11789174607420132,1.0,1.0,0.01254863813229572,0.9216281895504252,0.13171024064165537,0.625,0,goodware
0.533214931331053,1.0,1.0,0.012636080874431582,0.9211165048543689,0.13194873136869978,0.625,0,goodware
0.13373670235203394,0.369831236053494,0.02,0.05,0.8,0.0,0.625,0,goodware
0.529557308003693,1.0,1.0,0.012713509315593502,0.9206060606060606,0.09594017297564944,0.625,0,goodware
0.5225495635337843,1.0,1.0,0.012800620638519711,0.9200968523002422,0.10597432820443445,0.625,0,goodware
0.5215354876697917,1.0,1.0,0.012887596899224807,0.9195888754534463,0.11326059959276757,0.625,0,goodware
0.5213058565251725,1.0,1.0,0.012974438423423718,0.9190821256038647,0.11855154075350796,0.625,0,goodware
0.5243256267861183,1.0,1.0,0.013061145512041027,0.9185765983112183,0.12239352967756116,0.625,0,goodware
0.5251964515063614,1.0,1.0,0.013147718482933233,0.9180722891566265,0.12518338602236104,0.625,0,goodware
0.524397914627943,1.0,1.0,0.013234157653133901,0.9175691937424789,0.12720926162939,0.625,0,goodware
0.5247150396856295,1.0,1.0,0.013320463320463322,0.9170673076923077,0.12868032487519127,0.625,0,goodware
0.11789174607420132,0.2516400344306393,0.04,0.00020508613621730626,0.9655172413793104,0.0,0.625,0,goodware
0.524375927323346,1.0,1.0,0.01339629915312025,0.9165666266506602,0.0942167852263241,0.625,0,goodware
0.5246064415425188,1.0,1.0,0.01348228043019475,0.9160671462829736,0.10472287173223718,0.625,0,goodware
0.5275347027757098,1.0,1.0,0.013568129332744339,0.9155688622754491,0.11235187717929143,0.625,0,goodware
0.5238519612020665,1.0,1.0,0.013653846153846152,0.9150717703349283,0.11789165028642916,0.625,0,goodware
0.5299536990985081,1.0,1.0,0.013739431210540817,0.9145758661887694,0.12191437414019549,0.625,0,goodware
0.530398517587949,1.0,1.0,0.013824884793892513,0.9140811455847255,0.12483544771683999,0.625,0,goodware
0.5279709377488433,1.0,1.0,0.013910207212848639,0.9135876042908224,0.12695658231991208,0.625,0,goodware
0.5276661904776268,1.0,1.0,0.013995398775565002,0.9130952380952381,0.12849686656075401,0.625,0,goodware
0.5286254696038082,1.0,1.0,0.014080459770114942,0.9126040428061831,0.12961531788489827,0.625,0,goodware
0.5277139963799157,1.0,1.0,0.01416539050923885,0.9121140142517815,0.1304275050520463,0.625,0,goodware
0.5256618551441358,1.0,1.0,0.014250191279035007,0.9116251482799526,0.1310172490593287,0.625,0,goodware
0.5248621204724057,1.0,1.0,0.01433486238401464,0.9111374407582938,0.13144549106966455,0.625,0,goodware
0.5246393161140981,1.0,1.0,0.014419404127912799,0.9106508875739645,0.13175648369993198,0.625,0,goodware
0.5277769326036277,1.0,1.0,0.01450381679389313,0.9101654846335697,0.13198228555115593,0.625,0,goodware
0.5246309162789375,1.0,1.0,0.014588100690478344,0.9096812278630461,0.13214627654038166,0.625,0,goodware
0.5260952170357932,1.0,1.0,0.014672256098894106,0.9091981132075472,0.13226533322531187,0.625,0,goodware
0.5242332530202346,1.0,1.0,0.014756283319300009,0.908716136631331,0.1323517861158353,0.625,0,goodware
0.5258491745760572,1.0,1.0,0.014840182651094502,0.908235294117647,0.1324145890503277,0.625,0,goodware
0.5235496393829235,1.0,1.0,0.014923954372623574,0.9077555816686251,0.1324601680811793,0.625,0,goodware
0.5254001019518774,1.0,1.0,0.015007598788272899,0.9072769953051643,0.13249329051910505,0.625,0,goodware
0.5238733351424243,1.0,1.0,0.015091116174486713,0.906799531066823,0.13251731707258813,0.625,0,goodware
0.5244642224937618,1.0,1.0,0.015174506827155581,0.9063231850117096,0.132534763929933,0.625,0,goodware
0.5238270214468135,1.0,1.0,0.015257771041423607,0.9058479532163742,0.13254745822904626,0.625,0,goodware
0.5247892547949689,1.0,1.0,0.01534090909090909,0.905373831775701,0.1325566509000015,0.625,0,goodware
0.5245745348347787,1.0,1.0,0.015423921275939459,0.9049008168028004,0.13256335143310477,0.625,0,goodware
0.5255177832238096,1.0,1.0,0.015506807868266683,0.9044289044289044,0.13256819173394413,0.625,0,goodware
0.5245212712629789,1.0,1.0,0.01558956915959303,0.9039580908032596,0.13257170651346958,0.625,0,goodware
0.5248976219480908,1.0,1.0,0.01567220544088863,0.9034883720930232,0.13257428405357835,0.625,0,goodware
0.5245483656742437,1.0,1.0,0.015754716981132073,0.9030197444831591,0.13257613044516797,0.625,0,goodware
0.5248822330947572,1.0,1.0,0.015837104076669526,0.9025522041763341,0.13257749648768885,0.625,0,goodware
0.5275068091420739,1.0,1.0,0.01591936699464788,0.9020857473928158,0.13257846315092606,0.625,0,goodware
0.5240114134932857,1.0,1.0,0.016001506022659994,0.9016203703703703,0.13257916509245135,0.625,0,goodware
0.5300368883012174,1.0,1.0,0.016083521447580594,0.9011560693641618,0.13257970009414372,0.625,0,goodware
0.5304378366443108,1.0,1.0,0.016165413533834584,0.9006928406466512,0.13258006329750924,0.625,0,goodware
0.5281506426450476,1.0,1.0,0.016247182573862092,0.9002306805074971,0.1325803523249562,0.625,0,goodware
0.527938407930056,1.0,1.0,0.0163288288302902,0.8997695852534562,0.13258053691424956,0.625,0,goodware
0.5288703612156743,1.0,1.0,0.01641035258667947,0.8993095512082854,0.13258067095357698,0.625,0,goodware
0.5279321520463669,1.0,1.0,0.016491754125886014,0.8988505747126436,0.13258079357387517,0.625,0,goodware
0.525655607424296,1.0,1.0,0.016573033707865167,0.8983926521239954,0.13258085732670272,0.625,0,goodware
0.5249876557217549,1.0,1.0,0.016654191621224553,0.8979357798165137,0.13258092890855647,0.625,0,goodware
0.524801776407191,1.0,1.0,0.01673522812415482,0.8974799541809851,0.13258095559984373,0.625,0,goodware
0.528004900841687,1.0,1.0,0.016816143496259612,0.897025171624714,0.1325809749816948,0.625,0,goodware
0.524871626133496,1.0,1.0,0.01689693801645149,0.8965714285714286,0.13258101434362546,0.625,0,goodware
0.5263336373509959,1.0,1.0,0.016977611940298506,0.8961187214611872,0.13258101763843205,0.625,0,goodware
0.5245247850176373,1.0,1.0,0.017058165552647633,0.8956670467502851,0.13258104531877768,0.625,0,goodware
0.5258398239058222,1.0,1.0,0.017138599107334635,0.8952164009111617,0.13258104013100733,0.625,0,goodware
0.5238896540554391,1.0,1.0,0.01721891288007993,0.8947667804323094,0.1325810363639132,0.625,0,goodware
0.5254531992452776,1.0,1.0,0.017299107145925915,0.8943181818181818,0.1325810589162693,0.625,0,goodware
0.5240410636513658,1.0,1.0,0.017379182156133828,0.8938706015891033,0.13258105000481202,0.625,0,goodware
0.5245540500196757,1.0,1.0,0.01745913819186023,0.8934240362811792,0.132581068821596,0.625,0,goodware
0.5239955382739783,1.0,1.0,0.017538975502665782,0.8929784824462061,0.13258105719755492,0.625,0,goodware
0.5250382405849648,1.0,1.0,0.017618694360459708,0.8925339366515836,0.13258104875676932,0.625,0,goodware
0.524395282728222,1.0,1.0,0.01769829503648599,0.892090395480226,0.13258106791533092,0.625,0,goodware
0.5252855209534181,1.0,1.0,0.017777777777777778,0.8916478555304741,0.13258105653947144,0.625,0,goodware
0.5247808208049626,1.0,1.0,0.01785714286186988,0.891206313416009,0.13258107356673318,0.625,0,goodware
0.5250779107870646,1.0,1.0,0.017936390534125875,0.8907657657657657,0.13258106064323144,0.625,0,goodware
0.5244044402145196,1.0,1.0,0.01801552106271425,0.890326209223847,0.13258105125884384,0.625,0,goodware
0.5248244184066239,1.0,1.0,0.01809453471515072,0.8898876404494382,0.13258106973221012,0.625,0,goodware
0.5274193610403743,1.0,1.0,0.018173431734317343,0.8894500561167228,0.13258105785879643,0.625,0,goodware
0.5240411708244441,1.0,1.0,0.018252212394194323,0.8890134529147982,0.13258107452475987,0.625,0,goodware
0.5300677132520156,1.0,1.0,0.018330876936024473,0.8885778275475924,0.13258106133890155,0.625,0,goodware
0.5305372140278579,1.0,1.0,0.018409425624304438,0.8881431767337807,0.13258105176400398,0.625,0,goodware
0.5280862155519489,1.0,1.0,0.01848785872289025,0.8877094972067039,0.1325810700990317,0.625,0,goodware
0.5276607750961073,1.0,1.0,0.018566176470588235,0.8872767857142857,0.13258105812516355,0.625,0,goodware
0.5286484297015158,1.0,1.0,0.0186443791378896,0.8868450390189521,0.13258107471818212,0.625,0,goodware
0.5279168093196228,1.0,1.0,0.018722466961991112,0.8864142538975501,0.13258106147935492,0.625,0,goodware
0.5255942048669285,1.0,1.0,0.018800440203784897,0.885984427141268,0.13258105186599406,0.625,0,goodware
0.5248780298198978,1.0,1.0,0.018878299123534413,0.8855555555555555,0.13258107017309168,0.625,0,goodware
0.5247391268753517,1.0,1.0,0.018956043956043955,0.8851276359600444,0.1325810581789421,0.625,0,goodware
0.5275095533970569,1.0,1.0,0.019033674968379922,0.8847006651884701,0.1325810747572334,0.625,0,goodware
0.5248208433989983,1.0,1.0,0.01911119239376608,0.8842746400885936,0.13258106150771196,0.625,0,goodware
0.5263129375883735,1.0,1.0,0.01918859648955595,0.8838495575221239,0.13258105188658548,0.625,0,goodware
0.5245400109468717,1.0,1.0,0.019265887512486007,0.8834254143646408,0.13258107018804416,0.625,0,goodware
0.525730751377709,1.0,1.0,0.01934306569343066,0.8830022075055187,0.13258105818979984,0.625,0,goodware
0.5238915602684789,1.0,1.0,0.019420131296094222,0.88257993384785,0.1325810747651177,0.625,0,goodware
0.5253585912782559,1.0,1.0,0.019497084549799003,0.8821585903083701,0.13258106151343715,0.625,0,goodware
0.5239126355229812,1.0,1.0,0.019573925708424332,0.8817381738173817,0.13258105189074282,0.625,0,goodware
0.5243430630992587,1.0,1.0,0.019650655025243872,0.8813186813186813,0.132581070191063,0.625,0,goodware
0.5238680585909559,1.0,1.0,0.019727272727272725,0.8809001097694841,0.13258105819199198,0.625,0,goodware
0.5248089041275245,1.0,1.0,0.019803779074914523,0.8804824561403509,0.13258107476670952,0.625,0,goodware
0.5228150022548338,1.0,1.0,0.01988017429366006,0.880065717415115,0.13258106151459303,0.625,0,goodware
0.5215587876065496,1.0,1.0,0.019956458633977506,0.8796498905908097,0.13258105189158215,0.625,0,goodware
0.5215162490911245,1.0,1.0,0.0200326323457405,0.8792349726775956,0.13258107019167248,0.625,0,goodware
0.5220194491137159,1.0,1.0,0.020108695652173915,0.87882096069869,0.13258105819243454,0.625,0,goodware
0.5234535879446163,1.0,1.0,0.02018464881044069,0.8784078516902945,0.1325810747670309,0.625,0,goodware
0.5283162594372016,1.0,1.0,0.020260492042268624,0.8779956427015251,0.1325810615148264,0.625,0,goodware
0.5235474610908398,1.0,1.0,0.02033622559477638,0.8775843307943416,0.13258105189175162,0.625,0,goodware
0.5253249364177643,1.0,1.0,0.020411849714498963,0.8771739130434782,0.13258107019179555,0.625,0,goodware
0.5264166932735782,1.0,1.0,0.020487364620938628,0.8767643865363735,0.13258105819252392,0.625,0,goodware
0.5259567926487931,1.0,1.0,0.02056277056807635,0.8763557483731019,0.1325810747670958,0.625,0,goodware
0.5273429861546151,1.0,1.0,0.020638067773943943,0.8759479956663055,0.13258106151487353,0.625,0,goodware
0.5233888493980327,1.0,1.0,0.020713256482370886,0.8755411255411255,0.13258105189178584,0.625,0,goodware
0.5246272494137465,1.0,1.0,0.020788336936613624,0.8751351351351351,0.1325810701918204,0.625,0,goodware
0.5268805734383781,1.0,1.0,0.020863309352517987,0.8747300215982722,0.13258105819254196,0.625,0,goodware
0.5270410460794245,1.0,1.0,0.020938173980940382,0.8743257820927723,0.1325810747671089,0.625,0,goodware
0.5264653513915073,1.0,1.0,0.02101293103628228,0.8739224137931034,0.13258106151488305,0.625,0,goodware
0.527206703991875,1.0,1.0,0.021087580759142976,0.8735199138858988,0.13258105189179276,0.625,0,goodware
0.5273795866592204,1.0,1.0,0.021162123389559143,0.8731182795698924,0.1325810701918254,0.625,0,goodware
0.5244016310737033,1.0,1.0,0.021236559139784946,0.8727175080558539,0.1325810581925456,0.625,0,goodware
0.5258716577855848,1.0,1.0,0.021310888257608428,0.8723175965665236,0.13258107476711153,0.625,0,goodware
0.5271378782891968,1.0,1.0,0.021385110953864927,0.8719185423365488,0.13258106151488497,0.625,0,goodware
0.5268020055473996,1.0,1.0,0.021459227465981303,0.8715203426124197,0.13258105189179414,0.625,0,goodware
0.5227856878277534,1.0,1.0,0.02153323803083197,0.8711229946524064,0.1325810701918264,0.625,0,goodware
0.524723653360536,1.0,1.0,0.02160714285714286,0.8707264957264957,0.13258105819254634,0.625,0,goodware
0.5256363608453809,1.0,1.0,0.021680942189688586,0.8703308431163287,0.13258107476711206,0.625,0,goodware
0.5222956311425969,1.0,1.0,0.021754636235801254,0.8699360341151385,0.13258106151488536,0.625,0,goodware
0.5262800365056067,1.0,1.0,0.021828225229791783,0.869542066027689,0.13258105189179442,0.625,0,goodware
0.5265367994845916,1.0,1.0,0.021901709405428616,0.8691489361702127,0.13258107019182663,0.625,0,goodware
0.5216880332824642,1.0,1.0,0.02197508896797153,0.8687566418703507,0.13258105819254648,0.625,0,goodware
0.5251423336734515,1.0,1.0,0.022048364159235497,0.8683651804670913,0.13258107476711217,0.625,0,goodware
0.5251670912174337,1.0,1.0,0.02212153518311094,0.8679745493107105,0.1325810615148854,0.625,0,goodware
0.5237703301773681,1.0,1.0,0.02219460227084815,0.8675847457627118,0.13258105189179448,0.625,0,goodware
0.524247871388372,1.0,1.0,0.022267565653164657,0.8671957671957672,0.13258107019182666,0.625,0,goodware
0.5239682624237808,1.0,1.0,0.02234042553191489,0.8668076109936576,0.1325810581925465,0.625,0,goodware
0.5174142305746623,1.0,1.0,0.022413182146006787,0.8664202745512144,0.1325810747671122,0.625,0,goodware
0.518093120115567,1.0,1.0,0.022485835695949377,0.8660337552742616,0.13258106151488544,0.625,0,goodware
0.5174240354615111,1.0,1.0,0.022558386409986433,0.8656480505795574,0.1325810518917945,0.625,0,goodware
0.5179022467807979,1.0,1.0,0.02263083451583848,0.8652631578947368,0.1325810701918267,0.625,0,goodware
0.519207613859622,1.0,1.0,0.022703180212014135,0.8648790746582544,0.13258105819254654,0.625,0,goodware
0.5219387490370175,1.0,1.0,0.022775423734565765,0.8644957983193278,0.1325810747671122,0.625,0,goodware
0.5215585687088627,1.0,1.0,0.022847565280680056,0.8641133263378804,0.13258106151488547,0.625,0,goodware
0.5213563394673153,1.0,1.0,0.022919605075647227,0.8637316561844863,0.1325810518917945,0.625,0,goodware
0.5220463855302059,1.0,1.0,0.02299154334424356,0.8633507853403142,0.1325810701918267,0.625,0,goodware
0.5231709874887637,1.0,1.0,0.02306338028169014,0.8629707112970711,0.13258105819254654,0.625,0,goodware
0.5223959588140054,1.0,1.0,0.023135116121234176,0.8625914315569487,0.1325810747671122,0.625,0,goodware
0.5228858030988814,1.0,1.0,0.023206751056797793,0.8622129436325678,0.13258106151488547,0.625,0,goodware
0.5223221959286974,1.0,1.0,0.02327828531076951,0.8618352450469239,0.1325810518917945,0.625,0,goodware
0.5185400590740994,1.0,1.0,0.023349719105033008,0.8614583333333333,0.1325810701918267,0.625,0,goodware
0.517813169501131,1.0,1.0,0.023421052631578947,0.8610822060353798,0.13258105819254654,0.625,0,goodware
0.5217778396342722,1.0,1.0,0.023492286120898664,0.8607068607068606,0.1325810747671122,0.625,0,goodware
0.5217480827584774,1.0,1.0,0.02356341976370636,0.8603322949117341,0.13258106151488547,0.625,0,goodware
0.5206223344454659,1.0,1.0,0.023634453779539603,0.8599585062240664,0.1325810518917945,0.625,0,goodware
0.5221830396605142,1.0,1.0,0.023705388387440032,0.8595854922279793,0.1325810701918267,0.625,0,goodware
0.5216230419927298,1.0,1.0,0.023776223776223775,0.8592132505175983,0.13258105819254654,0.625,0,goodware
0.5233318249347942,1.0,1.0,0.02384696017367459,0.8588417786970011,0.1325810747671122,0.625,0,goodware
0.5201765419515897,1.0,1.0,0.02391759776735419,0.8584710743801653,0.13258106151488547,0.625,0,goodware
0.5196213778002974,1.0,1.0,0.02398813677399888,0.8581011351909185,0.1325810518917945,0.625,0,goodware
0.5198266908492151,1.0,1.0,0.02405857740985775,0.8577319587628867,0.1325810701918267,0.625,0,goodware
0.5191815129279096,1.0,1.0,0.024128919860627176,0.8573635427394439,0.13258105819254654,0.625,0,goodware
0.5185819062408746,1.0,1.0,0.024199164351430567,0.8569958847736625,0.1325810747671122,0.625,0,goodware
0.5194654553145731,1.0,1.0,0.024269311066731473,0.8566289825282631,0.13258106151488547,0.625,0,goodware
0.5185398332785354,1.0,1.0,0.024339360220513577,0.8562628336755647,0.1325810518917945,0.625,0,goodware
0.5209886060323258,1.0,1.0,0.024409312026281885,0.8558974358974358,0.1325810701918267,0.625,0,goodware
0.5201854873655186,1.0,1.0,0.024479166666666666,0.8555327868852459,0.13258105819254654,0.625,0,goodware
0.5216317584990127,1.0,1.0,0.024548924364177223,0.8551688843398157,0.1325810747671122,0.625,0,goodware
0.5200182907583272,1.0,1.0,0.02461858530023215,0.8548057259713702,0.13258106151488547,0.625,0,goodware
0.5189820529614195,1.0,1.0,0.024688149686110147,0.8544433094994892,0.1325810518917945,0.625,0,goodware
0.5229043328301446,1.0,1.0,0.024757617732619582,0.8540816326530613,0.1325810701918267,0.625,0,goodware
0.5227488021063299,1.0,1.0,0.02482698961937716,0.8537206931702345,0.13258105819254654,0.625,0,goodware
0.5212049839722279,1.0,1.0,0.024896265566323374,0.8533604887983707,0.1325810747671122,0.625,0,goodware
0.5178229447117078,1.0,1.0,0.024965445751883975,0.8530010172939979,0.13258106151488547,0.625,0,goodware
0.5188164860339702,1.0,1.0,0.025034530384679315,0.8526422764227642,0.1325810518917945,0.625,0,goodware
0.5179173704789497,1.0,1.0,0.025103519672867596,0.8522842639593908,0.1325810701918267,0.625,0,goodware
0.5185737633927058,1.0,1.0,0.02517241379310345,0.8519269776876268,0.13258105819254654,0.625,0,goodware
0.5166155689129889,1.0,1.0,0.025241212962802868,0.8515704154002026,0.1325810747671122,0.625,0,goodware
0.5175424747372273,1.0,1.0,0.025309917357449845,0.8512145748987854,0.13258106151488547,0.625,0,goodware
0.516550028516956,1.0,1.0,0.025378527183052065,0.8508594539939333,0.1325810518917945,0.625,0,goodware
0.517190845279111,1.0,1.0,0.02544704264516303,0.8505050505050505,0.1325810701918267,0.625,0,goodware
0.5162164582634204,1.0,1.0,0.025515463917525773,0.850151362260343,0.13258105819254654,0.625,0,goodware
0.516991960059228,1.0,1.0,0.025583791215075192,0.8497983870967742,0.1325810747671122,0.625,0,goodware
0.516323724441012,1.0,1.0,0.025652024710403544,0.8494461228600201,0.13258106151488547,0.625,0,goodware
0.5169445347977604,1.0,1.0,0.025720164606950563,0.8490945674044266,0.1325810518917945,0.625,0,goodware
0.5176073604727838,1.0,1.0,0.02578821110770966,0.8487437185929648,0.1325810701918267,0.625,0,goodware
0.518223888817761,1.0,1.0,0.02585616438356164,0.8483935742971888,0.13258105819254654,0.625,0,goodware
0.5154372078477637,1.0,1.0,0.02592402464700284,0.8480441323971916,0.1325810747671122,0.625,0,goodware
0.5163594065999347,1.0,1.0,0.025991792067782803,0.8476953907815631,0.13258106151488547,0.625,0,goodware
0.5157323936302389,1.0,1.0,0.026059466846817137,0.8473473473473474,0.1325810518917945,0.625,0,goodware
0.5163603255707426,1.0,1.0,0.02612704918458277,0.847,0.1325810701918267,0.625,0,goodware
0.519542492035016,1.0,1.0,0.026194539249146758,0.8466533466533467,0.13258105819254654,0.625,0,goodware
0.5195079577891261,1.0,1.0,0.026261937250608457,0.8463073852295409,0.1325810747671122,0.625,0,goodware
0.520854603181708,1.0,1.0,0.02632924335592276,0.845962113659023,0.13258106151488547,0.625,0,goodware
0.5217740311026535,1.0,1.0,0.026396457763524044,0.8456175298804781,0.1325810518917945,0.625,0,goodware
0.5207346811823917,1.0,1.0,0.026463580671415528,0.8452736318407961,0.1325810701918267,0.625,0,goodware
0.5213318785552858,1.0,1.0,0.02653061224489796,0.8449304174950298,0.13258105819254654,0.625,0,goodware
0.5209560679687592,1.0,1.0,0.026597552691714498,0.8445878848063555,0.1325810747671122,0.625,0,goodware
0.5230231452286157,1.0,1.0,0.02666440217607245,0.8442460317460317,0.13258106151488547,0.625,0,goodware
0.522934703051734,1.0,1.0,0.026731160893967005,0.8439048562933598,0.1325810518917945,0.625,0,goodware
0.5208098639778332,1.0,1.0,0.02679782904096954,0.8435643564356435,0.1325810701918267,0.625,0,goodware
0.5204229899207595,1.0,1.0,0.026864406779661017,0.8432245301681504,0.13258105819254654,0.625,0,goodware
0.5175761571795187,1.0,1.0,0.02693089431546832,0.8428853754940712,0.1325810747671122,0.625,0,goodware
0.5183280557550558,1.0,1.0,0.026997291809897312,0.8425468904244817,0.13258106151488547,0.625,0,goodware
0.5172393281514746,1.0,1.0,0.027063599456545174,0.8422090729783037,0.1325810518917945,0.625,0,goodware
0.522876890735182,1.0,1.0,0.027129817448592462,0.8418719211822661,0.1325810701918267,0.625,0,goodware
0.5224097830016275,1.0,1.0,0.02719594594594595,0.8415354330708662,0.13258105819254654,0.625,0,goodware
0.5207151753979636,1.0,1.0,0.02726198515175533,0.8411996066863323,0.1325810747671122,0.625,0,goodware
0.5233659063920427,1.0,1.0,0.02732793522487027,0.8408644400785854,0.13258106151488547,0.625,0,goodware
0.5243154216245952,1.0,1.0,0.027393796356530282,0.8405299313052012,0.1325810518917945,0.625,0,goodware
0.5232811456289338,1.0,1.0,0.027459568737565276,0.8401960784313726,0.1325810701918267,0.625,0,goodware
0.5238231916005659,1.0,1.0,0.027525252525252526,0.8398628795298727,0.13258105819254654,0.625,0,goodware
0.5227085367691757,1.0,1.0,0.027590847920502863,0.8395303326810176,0.1325810747671122,0.625,0,goodware
0.5233384205942554,1.0,1.0,0.027656355079554062,0.8391984359726296,0.13258106151488547,0.625,0,goodware
0.5244142334754015,1.0,1.0,0.027721774191327493,0.8388671875,0.1325810518917945,0.625,0,goodware
0.4923141668552527,0.299079500310436,0.04,0.001237623763106615,0.5,0.0,0.625,0,goodware
0.5235158899605392,1.0,1.0,0.027768456375838923,0.8385365853658536,0.09627360910890062,0.625,0,goodware
0.5240291952212195,1.0,1.0,0.02783366868541522,0.838206627680312,0.10621645255922929,0.625,0,goodware
0.5227774001317055,1.0,1.0,0.027898793567912732,0.8378773125608568,0.11343641794644006,0.625,0,goodware
0.5222564404743901,1.0,1.0,0.027963831210091394,0.8375486381322957,0.1186791884600769,0.625,0,goodware
0.5229739051104789,1.0,1.0,0.028028781798314983,0.837220602526725,0.12248624429209391,0.625,0,goodware
0.5222463302411625,1.0,1.0,0.02809364548494983,0.8368932038834951,0.12525071064529017,0.625,0,goodware
0.5225031950712198,1.0,1.0,0.028158422466624488,0.8365664403491755,0.1272581493450961,0.625,0,goodware
0.11789174607420132,1.0,1.0,0.02813961256069105,0.8367248062015504,0.12871582464016756,0.625,0,goodware
0.11789174607420132,1.0,1.0,0.028120827768122653,0.8368828654404646,0.12977431407129347,0.625,0,goodware
0.5209305362628192,1.0,1.0,0.028185456975797156,0.8365570599613152,0.13054295999290838,0.625,0,goodware
0.5213117189129397,1.0,1.0,0.028249999999999997,0.836231884057971,0.13110108654706482,0.625,0,goodware
0.5209301230737745,1.0,1.0,0.028314457035393766,0.8359073359073359,0.1315063946588619,0.625,0,goodware
0.11789174607420132,1.0,1.0,0.0282956058611006,0.8360655737704918,0.13180068364865538,0.625,0,goodware
0.11789174607420132,1.0,1.0,0.02827677977154301,0.836223506743738,0.13201438129891144,0.625,0,goodware
0.5208975515172433,1.0,1.0,0.02834109043002463,0.8358999037536092,0.1321695828393757,0.625,0,goodware
0.5220751149113464,1.0,1.0,0.028405315614617937,0.8355769230769231,0.13228225707059293,0.625,0,goodware
0.5222655521732298,1.0,1.0,0.028469455518048786,0.835254562920269,0.13236410059529835,0.625,0,goodware
0.5259534878230969,1.0,1.0,0.028533510287592212,0.8349328214971209,0.1324235059409735,0.625,0,goodware
0.5250541831943433,1.0,1.0,0.02859748010384013,0.8346116970278044,0.13246664307224143,0.625,0,goodware
0.5255644539578858,1.0,1.0,0.028661365147006894,0.8342911877394636,0.13249799232816797,0.625,0,goodware
0.5235723696109419,1.0,1.0,0.028725165562913907,0.8339712918660287,0.1325207312864512,0.625,0,goodware
0.13373670235203394,0.981969612823195,0.1,0.0004528985507246377,0.6875,0.0,0.625,0,goodware
0.5245925292850736,1.0,1.0,0.028769841272109548,0.8336520076481836,0.09624180250947609,0.625,0,goodware
0.5237929564983568,1.0,1.0,0.02883344348748367,0.8333333333333334,0.10619333597026806,0.625,0,goodware
0.5242979279900672,1.0,1.0,0.028896961695435645,0.8330152671755725,0.11341965349198616,0.625,0,goodware
0.13373670235203394,0.4173551189835674,0.08,0.00034293552809267413,0.75,0.0,0.625,0,goodware
0.5231693032385729,1.0,1.0,0.02894129288281676,0.832697807435653,0.08616994851318702,0.625,0,goodware
0.5190765163978501,1.0,1.0,0.02900461437274728,0.8323809523809524,0.09887966944730445,0.625,0,goodware
0.11789174607420132,1.0,1.0,0.028985507244100567,0.8325404376784016,0.10810882036096077,0.625,0,goodware
0.515186846378088,1.0,1.0,0.029048716265257245,0.8322243346007605,0.11481058079699635,0.625,0,goodware
0.5147662512617823,1.0,1.0,0.029111842105263158,0.8319088319088319,0.1196770354146611,0.625,0,goodware
0.11789174607420132,1.0,1.0,0.02909270217646572,0.8320683111954459,0.12321082998023439,0.625,0,goodware
0.5152042955921321,1.0,1.0,0.02915571616522709,0.8317535545023697,0.12577686780486816,0.625,0,goodware
0.5213715127282987,1.0,1.0,0.029218647404147646,0.8314393939393939,0.12764019355816014,0.625,0,goodware
0.5220702288951906,1.0,1.0,0.029281496067573,0.8311258278145696,0.1289932702599495,0.625,0,goodware
0.5212066808896583,1.0,1.0,0.02934426229508197,0.8308128544423441,0.12997578092556772,0.625,0,goodware
0.11789174607420132,1.0,1.0,0.029325032772272247,0.8309726156751652,0.130689254971884,0.625,0,goodware
0.5218452226271303,1.0,1.0,0.02938768827996286,0.8306603773584906,0.13120731849707182,0.625,0,goodware
0.5190109514677114,1.0,1.0,0.029450261777807102,0.8303487276154571,0.13158350979832883,0.625,0,goodware
0.519615703707625,1.0,1.0,0.029512753438218697,0.8300376647834276,0.1318567058783192,0.625,0,goodware
0.5188118083740484,1.0,1.0,0.02957516339869281,0.8297271872060207,0.13205506178393286,0.625,0,goodware
0.5195270801515696,1.0,1.0,0.029637491842324747,0.8294172932330828,0.13219912293778227,0.625,0,goodware
0.5193852987408655,1.0,1.0,0.029699738905705274,0.8291079812206572,0.13230370758296942,0.625,0,goodware
0.5198920051710784,1.0,1.0,0.029761904759590414,0.8287992495309568,0.13237965161657067,0.625,0,goodware
0.5191255777031337,1.0,1.0,0.02982398957438761,0.8284910965323337,0.13243482355916994,0.625,0,goodware
0.5198724231168282,1.0,1.0,0.029885993485342023,0.8281835205992509,0.13247486134916972,0.625,0,goodware
0.5218767071061079,1.0,1.0,0.029947916673639458,0.8278765201122544,0.13250396002272882,0.625,0,goodware
0.5237602126403417,1.0,1.0,0.03000975927363529,0.827570093457944,0.1325250647217795,0.625,0,goodware
0.5237569117615211,1.0,1.0,0.03007152145410611,0.8272642390289449,0.13254038987750363,0.625,0,goodware
0.5229383591853833,1.0,1.0,0.030133203383485584,0.8269589552238806,0.13255154350592485,0.625,0,goodware
0.5234492172817622,1.0,1.0,0.030194805194805198,0.8266542404473439,0.13255961741964672,0.625,0,goodware
0.5225786531008307,1.0,1.0,0.030256327067372163,0.8263500931098696,0.13256550556873514,0.625,0,goodware
0.526266043815887,1.0,1.0,0.030317769133342515,0.826046511627907,0.1325697559573385,0.625,0,goodware
0.5221327729305623,1.0,1.0,0.03037913155954538,0.8257434944237918,0.13257284237269454,0.625,0,goodware
0.5230868625718177,1.0,1.0,0.030440414512472515,0.8254410399257196,0.13257510885675516,0.625,0,goodware
0.5223736516352303,1.0,1.0,0.030501618122977348,0.825139146567718,0.1325767293751549,0.625,0,goodware
0.5228634029735282,1.0,1.0,0.030562742568518812,0.82483781278962,0.1325779314001719,0.625,0,goodware
0.44212092755779847,1.0,1.0,0.030623787979088973,0.8245370370370371,0.13257877896218273,0.625,0,goodware
0.522365061067205,1.0,1.0,0.030684754519600833,0.8242368177613321,0.1325793944184738,0.625,0,goodware
0.4624752934472564,1.0,1.0,0.03074564235463546,0.8239371534195934,0.13257986661903315,0.625,0,goodware
0.5176942200169453,1.0,1.0,0.030806451612903223,0.8236380424746076,0.1325801842193881,0.625,0,goodware
0.5187130679674626,1.0,1.0,0.03086718247004446,0.823339483394834,0.1325804401322722,0.625,0,goodware
0.5169979449393867,1.0,1.0,0.030927835053921965,0.8230414746543779,0.13258060067544264,0.625,0,goodware
0.5184215748521132,1.0,1.0,0.03098840952756336,0.822744014732965,0.1325807172537024,0.625,0,goodware
0.5175240703940989,1.0,1.0,0.03104890605366965,0.8224471021159154,0.13258082719467051,0.625,0,goodware
0.518117873938838,1.0,1.0,0.031109324758842444,0.8221507352941176,0.132580881740409,0.625,0,goodware
0.5187955735995522,1.0,1.0,0.03116966581693261,0.8218549127640037,0.1325809466365478,0.625,0,goodware
0.5195099823724467,1.0,1.0,0.03122992935370771,0.821559633027523,0.1325809684730066,0.625,0,goodware
0.5191758873003498,1.0,1.0,0.03129011553034013,0.8212648945921173,0.13258098432952892,0.625,0,goodware
0.5169846673906522,1.0,1.0,0.031350224507680866,0.8209706959706959,0.13258102113154696,0.625,0,goodware
0.5162674032015988,1.0,1.0,0.03141025641025641,0.8206770356816102,0.13258102256747434,0.625,0,goodware
0.5158313592920374,1.0,1.0,0.03147021141015671,0.8203839122486289,0.1325810488979974,0.625,0,goodware
0.5154773718972299,1.0,1.0,0.031530089631087506,0.8200913242009132,0.13258104273005408,0.625,0,goodware
0.5174831866855993,1.0,1.0,0.031589891232395514,0.8197992700729927,0.13258103825120832,0.625,0,goodware
0.5180017214712028,1.0,1.0,0.03164961637311116,0.8195077484047402,0.13258106028672703,0.625,0,goodware
0.5196028041563966,1.0,1.0,0.03170926517571885,0.819216757741348,0.13258105099996847,0.625,0,goodware
0.5213742354635523,1.0,1.0,0.03176883781057562,0.818926296633303,0.13258106954422802,0.625,0,goodware
0.5223092479498317,1.0,1.0,0.03182833439935816,0.8186363636363636,0.1325810577222934,0.625,0,goodware
0.5213889141756776,1.0,1.0,0.031887755099616506,0.818346957311535,0.13258104913780766,0.625,0,goodware
0.5218745624412272,1.0,1.0,0.031947100068589404,0.8180580762250453,0.13258106819202156,0.625,0,goodware
0.5220026534392591,1.0,1.0,0.03200636942675159,0.8177697189483227,0.13258105674039006,0.625,0,goodware
0.5218671945640665,1.0,1.0,0.032065563342754635,0.817481884057971,0.1325810737126301,0.625,0,goodware
0.5196652056734485,1.0,1.0,0.03212468193627835,0.8171945701357466,0.13258106074917433,0.625,0,goodware
0.520611277015538,1.0,1.0,0.032183725363104515,0.8169077757685352,0.13258105133577414,0.625,0,goodware
0.5192858111300077,1.0,1.0,0.032242693778708545,0.8166214995483289,0.132581069788073,0.625,0,goodware
0.5201241809845957,1.0,1.0,0.0323015873015873,0.8163357400722022,0.1325810578993612,0.625,0,goodware
0.5188217280756559,1.0,1.0,0.03236040609871382,0.8160504959422903,0.13258107455421594,0.625,0,goodware
0.5192221635731028,1.0,1.0,0.03241915028780258,0.8157657657657658,0.13258106136029105,0.625,0,goodware
0.5202753641126462,1.0,1.0,0.032477820022895024,0.8154815481548154,0.1325810517795359,0.625,0,goodware
0.518972879448626,1.0,1.0,0.03253641545773102,0.8151978417266187,0.13258107011031023,0.625,0,goodware
0.5197431058204699,1.0,1.0,0.03259493670886076,0.8149146451033243,0.13258105813335344,0.625,0,goodware
0.5190150980392411,1.0,1.0,0.03265338394160516,0.8146319569120287,0.1325810747241292,0.625,0,goodware
0.5200291437862072,1.0,1.0,0.03271175727174434,0.8143497757847533,0.13258106148367338,0.625,0,goodware
0.5186056066633326,1.0,1.0,0.03277005685160676,0.8140681003584229,0.13258105186912988,0.625,0,goodware
0.5194289386803252,1.0,1.0,0.03282828283322404,0.8137869292748433,0.13258107017536877,0.625,0,goodware
0.5208904046790013,1.0,1.0,0.032886435331230285,0.8135062611806798,0.13258105818059565,0.625,0,goodware
0.5219137556564728,1.0,1.0,0.032944514509320226,0.8132260947274352,0.1325810747584341,0.625,0,goodware
0.5205486138572328,1.0,1.0,0.033002520481370014,0.8129464285714285,0.13258106150858384,0.625,0,goodware
0.5213424724855404,1.0,1.0,0.03306045339802197,0.8126672613737734,0.13258105188721858,0.625,0,goodware
0.5238518601890882,1.0,1.0,0.03311831340962619,0.8123885918003565,0.1325810701885039,0.625,0,goodware
0.522518613736546,1.0,1.0,0.03317610062893082,0.8121104185218165,0.13258105819013366,0.625,0,goodware
0.5232921392848335,1.0,1.0,0.033233815218029754,0.8118327402135231,0.13258107476536013,0.625,0,goodware
0.5212365950507397,1.0,1.0,0.03329145728892503,0.8115555555555556,0.1325810615136132,0.625,0,goodware
0.520711609949253,1.0,1.0,0.033349026990599176,0.8112788632326821,0.13258105189087063,0.625,0,goodware
0.52069766166255,1.0,1.0,0.03340652447174701,0.8110026619343389,0.1325810701911558,0.625,0,goodware
0.5203676596374476,1.0,1.0,0.03346394984326019,0.81072695035461,0.13258105819205937,0.625,0,goodware
0.5213144947055993,1.0,1.0,0.033521303265656735,0.8104517271922055,0.13258107476675846,0.625,0,goodware
0.5200045216236315,1.0,1.0,0.03357858484909385,0.8101769911504425,0.1325810615146286,0.625,0,goodware
0.5207826321581718,1.0,1.0,0.033635794740920086,0.8099027409372237,0.13258105189160796,0.625,0,goodware
0.11789174607420132,1.0,1.0,0.03361475922952745,0.8100706713780919,0.13258107019169124,0.625,0,goodware
0.521729212782824,1.0,1.0,0.033671875000000004,0.8097969991173875,0.13258105819244817,0.625,0,goodware
0.5226957410110609,1.0,1.0,0.033728919432893446,0.8095238095238095,0.13258107476704079,0.625,0,goodware
0.5216499905676287,1.0,1.0,0.03378589263672134,0.809251101321586,0.1325810615148336,0.625,0,goodware
0.522344562768277,1.0,1.0,0.033842794757308566,0.8089788732394366,0.13258105189175684,0.625,0,goodware
0.5197809863116927,1.0,1.0,0.033899625940200934,0.8087071240105541,0.13258107019179932,0.625,0,goodware
0.5206132441852941,1.0,1.0,0.033956386292834886,0.8084358523725834,0.13258105819252666,0.625,0,goodware
0.5196398749506336,1.0,1.0,0.03401307597270487,0.8081650570676031,0.1325810747670978,0.625,0,goodware
0.5202875078684599,1.0,1.0,0.034069695086534804,0.8078947368421052,0.13258106151487498,0.625,0,goodware
0.5208406707048507,1.0,1.0,0.034126243778564574,0.8076248904469763,0.13258105189178687,0.625,0,goodware
0.5217127920612658,1.0,1.0,0.03418272219275935,0.8073555166374782,0.13258107019182114,0.625,0,goodware
0.5207407708361944,1.0,1.0,0.03423913043478261,0.8070866141732284,0.1325810581925425,0.625,0,goodware
0.5213983264453224,1.0,1.0,0.03429546866062384,0.8068181818181819,0.13258107476710929,0.625,0,goodware
0.5215959331998157,1.0,1.0,0.034351736975245066,0.8065502183406114,0.13258106151488333,0.625,0,goodware
0.11789174607420132,1.0,1.0,0.034330440171052384,0.8067190226876091,0.13258105189179298,0.625,0,goodware
0.5217192397716534,1.0,1.0,0.03438661710545131,0.8064516129032258,0.13258107019182558,0.625,0,goodware
0.5217801617724523,1.0,1.0,0.03444272445820433,0.8061846689895471,0.1325810581925457,0.625,0,goodware
0.5227057543667517,1.0,1.0,0.03449876238387235,0.8059181897302001,0.13258107476711162,0.625,0,goodware
0.5225935778163091,1.0,1.0,0.03455473098584987,0.8056521739130434,0.13258106151488502,0.625,0,goodware
0.5217027074426052,1.0,1.0,0.034610630405361,0.8053866203301476,0.1325810518917942,0.625,0,goodware
0.5222674168041342,1.0,1.0,0.034666460783363266,0.8051215277777778,0.13258107019182647,0.625,0,goodware
0.5193880758092879,1.0,1.0,0.034722222222222224,0.8048568950563747,0.13258105819254634,0.625,0,goodware
0.5201592489699238,1.0,1.0,0.03477791487503859,0.8045927209705372,0.1325810747671121,0.625,0,goodware
0.5194384994254669,1.0,1.0,0.034833538843497214,0.8043290043290043,0.13258106151488538,0.625,0,goodware
0.5198982872317501,1.0,1.0,0.034889094267308005,0.8040657439446367,0.13258105189179442,0.625,0,goodware
0.11789174607420132,1.0,1.0,0.034867610842557316,0.8042350907519447,0.13258107019182663,0.625,0,goodware
0.5187219242893832,1.0,1.0,0.034923076923076925,0.803972366148532,0.13258105819254648,0.625,0,goodware
0.11789174607420132,1.0,1.0,0.03490159902366653,0.8041415012942191,0.13258107476711217,0.625,0,goodware
0.5194315790707394,1.0,1.0,0.03495697603206342,0.8038793103448276,0.1325810615148854,0.625,0,goodware
0.11789174607420132,1.0,1.0,0.034935503682945554,0.8040482342807924,0.13258105189179448,0.625,0,goodware
0.11789174607420132,1.0,1.0,0.034914057709222936,0.8042168674698795,0.13258107019182666,0.625,0,goodware
0.11789174607420132,1.0,1.0,0.034892638036809816,0.8043852106620808,0.1325810581925465,0.625,0,goodware
0.5187076848818412,1.0,1.0,0.03494788474095545,0.8041237113402062,0.1325810747671122,0.625,0,goodware
0.5191884025160293,1.0,1.0,0.03500306372804699,0.803862660944206,0.13258106151488547,0.625,0,goodware
0.5215551163386711,1.0,1.0,0.03505817513522397,0.8036020583190394,0.1325810518917945,0.625,0,goodware
0.5222478004041508,1.0,1.0,0.03511321909937065,0.8033419023136247,0.1325810701918267,0.625,0,goodware
0.5213344782543863,1.0,1.0,0.035168195718654434,0.803082191780822,0.13258105819254654,0.625,0,goodware
0.521768473208683,1.0,1.0,0.03522310514217406,0.8028229255774166,0.1325810747671122,0.625,0,goodware
0.5181973441627529,1.0,1.0,0.035277947467443775,0.8025641025641026,0.13258106151488547,0.625,0,goodware
0.518983392633562,1.0,1.0,0.03533272283015141,0.8023057216054654,0.1325810518917945,0.625,0,goodware
0.5181621615270926,1.0,1.0,0.035387431365733385,0.8020477815699658,0.1325810701918267,0.625,0,goodware
0.518724386016745,1.0,1.0,0.03544207317073171,0.8017902813299232,0.13258105819254654,0.625,0,goodware
0.5213015220457279,1.0,1.0,0.035496648392866904,0.8015332197614992,0.1325810747671122,0.625,0,goodware
0.5221219758638374,1.0,1.0,0.035551157128037775,0.8012765957446808,0.13258106151488547,0.625,0,goodware
0.52141811479454,1.0,1.0,0.03560559951050242,0.8010204081632653,0.1325810518917945,0.625,0,goodware
0.49999950573609253,0.41108628813156345,0.46,0.0017735965457336752,0.5,0.0,0.625,0,goodware
0.518051817902575,0.4911789228143788,0.48,0.0018495684341679937,0.5,0.0363074490836459,0.625,0,goodware
0.5218647078373169,1.0,1.0,0.035616646423291314,0.8007646559048428,0.06990899655048638,0.625,0,goodware
0.5199725403156188,0.566584525362845,0.5,0.0019242610840263421,0.5,0.04550926577632832,0.625,0,goodware
0.5191279942206384,1.0,1.0,0.03564927184208148,0.800509337860781,0.0632270958079856,0.625,0,goodware
0.519831008691594,1.0,1.0,0.035703456645550254,0.8002544529262087,0.0822197560009231,0.625,0,goodware
0.5192259403558579,1.0,1.0,0.03575757575757576,0.8,0.096011241177112,0.625,0,goodware
0.5196515680962717,1.0,1.0,0.03581162932332359,0.7997459779847587,0.10602593431639888,0.625,0,goodware
0.5391081926262842,0.5435275175560631,0.02,0.05,0.8,0.0,0.625,0,goodware
0.5212646077277965,1.0,1.0,0.03584392014260561,0.799492385786802,0.08227128056567333,0.625,0,goodware
0.5220118669819549,1.0,1.0,0.035897823463457504,0.7992392223161454,0.09604867400716552,0.625,0,goodware
0.5213182858492099,1.0,1.0,0.03595166163141994,0.7989864864864865,0.1060530959049832,0.625,0,goodware
0.5217686499175281,1.0,1.0,0.036005434790384386,0.7987341772151899,0.1133178182919663,0.625,0,goodware
0.5207363844510406,1.0,1.0,0.036059143032165716,0.7984822934232715,0.11859306744175399,0.625,0,goodware
0.5262048588768427,0.6234865092009552,0.52,0.001987767584097859,0.5,0.0028270201045948714,0.625,0,goodware
0.5214804493533337,1.0,1.0,0.03609101869114211,0.7982308340353833,0.08889785059939945,0.625,0,goodware
0.4528117170314826,1.0,1.0,0.03614457831325301,0.797979797979798,0.10086053276931102,0.625,0,goodware
0.5208075986435166,1.0,1.0,0.036198073457522836,0.7977291841883936,0.10954724313954553,0.625,0,goodware
0.5212435400527266,1.0,1.0,0.03625150421439321,0.7974789915966387,0.11585506813450246,0.625,0,goodware
0.4712958005167443,1.0,1.0,0.03630487071297181,0.7972292191435768,0.12043548883116142,0.625,0,goodware
0.518051817902575,0.6759679703830846,0.52,0.001980499695739355,0.5185185185185186,0.0077448098222566795,0.625,0,goodware
0.5199725403156188,0.731652719300125,0.52,0.001979293544601675,0.5357142857142857,0.041931334849328004,0.625,0,goodware
0.5202063499980225,1.0,1.0,0.036314525818119496,0.7969798657718121,0.06525854614880551,0.625,0,goodware
0.521021639394594,1.0,1.0,0.03636772645730976,0.7967309304274937,0.08369487591505616,0.625,0,goodware
0.5201890896537691,1.0,1.0,0.03642086330674958,0.7964824120603016,0.09708239800060517,0.625,0,goodware
0.5206799908230435,1.0,1.0,0.036473936494125864,0.796234309623431,0.10680375390134775,0.625,0,goodware
0.5201129806316415,1.0,1.0,0.03652694610778443,0.7959866220735786,0.11386288621795453,0.625,0,goodware
0.5208485801394311,1.0,1.0,0.03657989228790065,0.7957393483709273,0.11898889065648055,0.625,0,goodware
0.5200474612489252,1.0,1.0,0.03663277512222905,0.7954924874791319,0.12271111086423944,0.625,0,goodware
0.5205729020448373,1.0,1.0,0.036685594737374025,0.7952460383653044,0.12541399727766595,0.625,0,goodware
0.5203467231961214,1.0,1.0,0.036738351259712726,0.795,0.12737671978953208,0.625,0,goodware
0.5197523299232878,1.0,1.0,0.0367910447761194,0.7947543713572023,0.12880192444765126,0.625,0,goodware
0.5204530214602,1.0,1.0,0.036843675425522866,0.7945091514143094,0.1298368601232334,0.625,0,goodware
0.5197320521419072,1.0,1.0,0.03689624329421489,0.7942643391521197,0.13058835284574094,0.625,0,goodware
0.4792195292798526,0.46817614106270417,0.44,0.0016359309932242497,0.7441860465116279,0.0,0.625,0,goodware
0.5200003485332779,1.0,1.0,0.03692674211364146,0.7940199335548173,0.09522287395843641,0.625,0,goodware
0.5268293455122043,0.7859224879242112,0.54,0.0020368135185532934,0.5344827586206897,0.0007565716316887295,0.625,0,goodware
0.5204200648777848,1.0,1.0,0.036957168360033855,0.7937759336099586,0.07657492415714352,0.625,0,goodware
0.5215612912061636,1.0,1.0,0.03700951248775974,0.7935323383084577,0.09191225228203662,0.625,0,goodware
0.5215191934451457,1.0,1.0,0.03706179441211045,0.7932891466445733,0.10304943748151114,0.625,0,goodware
0.5204920206566227,1.0,1.0,0.037114014257036025,0.793046357615894,0.11113671437045625,0.625,0,goodware
0.5211682332483868,1.0,1.0,0.03716617210682492,0.792803970223325,0.11700926105022669,0.625,0,goodware
0.11139162410701621,1.0,0.04,0.007352941228031699,0.5,9.415558246864131e-07,0.625,0,goodware
0.5209422572085852,1.0,1.0,0.03719620628597163,0.7925619834710744,0.08806272145613848,0.625,0,goodware
0.5174280750226685,1.0,1.0,0.03724822274618463,0.7923203963666392,0.1002541045923667,0.625,0,goodware
0.5167982897531926,1.0,1.0,0.037300177625158706,0.7920792079207921,0.10910688585240817,0.625,0,goodware
0.5211975896370512,1.0,1.0,0.037352071005917156,0.791838417147568,0.11553530313887542,0.625,0,goodware
0.5223914636157727,1.0,1.0,0.0374039030238774,0.7915980230642504,0.1202033147321728,0.625,0,goodware
0.5215238125172955,1.0,1.0,0.037455673761504174,0.7913580246913581,0.12359296367012247,0.625,0,goodware
0.5220481546159703,1.0,1.0,0.037507383340536785,0.7911184210526316,0.1260543537946433,0.625,0,goodware
0.5214071281595053,1.0,1.0,0.037559031882499865,0.7908792111750206,0.12784171411093342,0.625,0,goodware
0.5184453833743687,1.0,1.0,0.037610619469026545,0.7906403940886699,0.12913957960062053,0.625,0,goodware
0.5193873230701241,1.0,1.0,0.03766214623435674,0.7904019688269073,0.13008204811548454,0.625,0,goodware
0.5184163470576709,1.0,1.0,0.03771361225957325,0.7901639344262295,0.13076639585663252,0.625,0,goodware
0.5188458786207504,1.0,1.0,0.037765017665193204,0.78992628992629,0.13126333427197734,0.625,0,goodware
0.5204443060858022,1.0,1.0,0.03781636257152214,0.7896890343698855,0.13162421070155753,0.625,0,goodware
0.5194586624174664,1.0,1.0,0.03786764705882353,0.7894521668029436,0.1318862356480835,0.625,0,goodware
0.5198810488167627,1.0,1.0,0.03791887126017686,0.7892156862745098,0.13207652998777275,0.625,0,goodware
0.13373670235203394,0.369831236053494,0.02,0.05,0.8,0.0,0.625,0,goodware
0.5244274820158324,1.0,1.0,0.03794773928096082,0.7889795918367347,0.0960075602090073,0.625,0,goodware
0.5233423751920367,1.0,1.0,0.03799882629639649,0.7887438825448614,0.10602326138464827,0.625,0,goodware
0.5241024314475028,1.0,1.0,0.038049853372434016,0.7885085574572127,0.11329613237174985,0.625,0,goodware
0.5228347573502358,1.0,1.0,0.03810082064104685,0.7882736156351792,0.11857734284970331,0.625,0,goodware
0.5200938693817909,1.0,1.0,0.03815172818075456,0.7880390561432058,0.12241226584343845,0.625,0,goodware
0.5194697120745513,1.0,1.0,0.03820257610974584,0.7878048780487805,0.12519699127013326,0.625,0,goodware
0.5195791424811155,1.0,1.0,0.03825336454600369,0.7875710804224207,0.12721914106808957,0.625,0,goodware
0.5201185753953897,1.0,1.0,0.038304093567251465,0.7873376623376623,0.12868749881954247,0.625,0,goodware
0.522264637532805,1.0,1.0,0.03835476330433474,0.7871046228710462,0.12975377005405672,0.625,0,goodware
0.5225012452538031,1.0,1.0,0.03840537383444993,0.786871961102107,0.13052801707662118,0.625,0,goodware
0.5217158481848381,1.0,1.0,0.03845592527461512,0.7866396761133603,0.13109023576361964,0.625,0,goodware
0.11139162410701621,0.9984694479713975,0.04,0.004032258072269075,0.6666666666666667,6.422433381041148e-06,0.625,0,goodware
0.5205297838196622,1.0,1.0,0.03848396501457726,0.7864077669902912,0.09548751302888564,0.625,0,goodware
0.5222222513956633,1.0,1.0,0.03853438229241315,0.786176232821342,0.1056456295823535,0.625,0,goodware
0.5209801235802811,1.0,1.0,0.03858474082970277,0.7859450726978998,0.11302191542306621,0.625,0,goodware
0.5221040467852093,1.0,1.0,0.03863504074237156,0.7857142857142857,0.11837819787482813,0.625,0,goodware
0.52450486319733,1.0,1.0,0.03868528214614502,0.785483870967742,0.1222676802434346,0.625,0,goodware
0.5239499016019609,1.0,1.0,0.03873546511627907,0.7852538275584207,0.12509200058392592,0.625,0,goodware
0.5235217679355757,1.0,1.0,0.038785589781447305,0.7850241545893719,0.12714290217367352,0.625,0,goodware
0.52325484793736,1.0,1.0,0.038835656216393476,0.7847948511665326,0.12863213802399837,0.625,0,goodware
0.5241121755983777,1.0,1.0,0.03888566453590509,0.7845659163987138,0.12971354512018257,0.625,0,goodware
0.5230160312060984,1.0,1.0,0.03893561485457249,0.7843373493975904,0.13049883267252524,0.625,0,goodware
0.5233817097902581,1.0,1.0,0.03898550724637681,0.7841091492776886,0.13106904353830462,0.625,0,goodware
0.5236694702408298,1.0,1.0,0.039035341838910845,0.7838813151563753,0.13148312665624298,0.625,0,goodware
0.5229000600106275,1.0,1.0,0.03908511870565102,0.7836538461538461,0.13178378761224807,0.625,0,goodware
0.5236933508671333,1.0,1.0,0.03913483796026317,0.7834267413931145,0.13200211225927996,0.625,0,goodware
0.5227144698520002,1.0,1.0,0.039184499716218804,0.7832,0.13216067368704187,0.625,0,goodware
0.5230283879293386,1.0,1.0,0.03923410404624277,0.7829736211031175,0.1322757876986982,0.625,0,goodware
0.5238857767714974,1.0,1.0,0.039283651076862464,0.7827476038338659,0.1323594028665889,0.625,0,goodware
0.5248059935159156,1.0,1.0,0.03933314088030536,0.7825219473264167,0.13242009469005495,0.625,0,goodware
0.5238225354780578,1.0,1.0,0.0393825735691317,0.7822966507177034,0.1324641659958607,0.625,0,goodware
0.5241410323389751,1.0,1.0,0.0394319492557101,0.7820717131474104,0.13249619360133352,0.625,0,goodware
0.5270499699046055,1.0,1.0,0.039481268011527376,0.7818471337579618,0.13251942514279205,0.625,0,goodware
0.5278850786242026,1.0,1.0,0.039530529962060613,0.7816229116945107,0.1325363199822593,0.625,0,goodware
0.5267294033630596,1.0,1.0,0.03957973517830643,0.7813990461049285,0.13254856287343952,0.625,0,goodware
0.527218075518949,1.0,1.0,0.03962888377173525,0.7811755361397935,0.1325574530364028,0.625,0,goodware
0.5255492589972675,1.0,1.0,0.039677975853628505,0.780952380952381,0.13256393390374685,0.625,0,goodware
0.524806608263498,1.0,1.0,0.039727011494252874,0.7807295796986519,0.1325686146944077,0.625,0,goodware
0.5230189933389949,1.0,1.0,0.03977599081804997,0.7805071315372425,0.1325720389318868,0.625,0,goodware
0.5242601918845138,1.0,1.0,0.03982491389480339,0.7802850356294537,0.13257450015233796,0.625,0,goodware
0.5213778630014275,1.0,1.0,0.03987378083490917,0.7800632911392404,0.13257628736506227,0.625,0,goodware
0.5242239769480135,1.0,1.0,0.039922591748577,0.7798418972332015,0.13257761043493202,0.625,0,goodware
0.525162679521614,1.0,1.0,0.039971346704871055,0.7796208530805687,0.13257854589360063,0.625,0,goodware
0.5244007776490635,1.0,1.0,0.040020045827212074,0.7794001578531965,0.13257925046344304,0.625,0,goodware
0.5247679292569692,1.0,1.0,0.04006868918418807,0.7791798107255521,0.13257973679863383,0.625,0,goodware
0.5236187574305501,1.0,1.0,0.04011727688513596,0.7789598108747045,0.13258008995043738,0.625,0,goodware
0.5245808373762774,1.0,1.0,0.04016580903920885,0.778740157480315,0.13258037167895653,0.625,0,goodware
0.523721735898686,1.0,1.0,0.040214285714285716,0.7785208497246263,0.13258055096813717,0.625,0,goodware
0.5242264081441795,1.0,1.0,0.04026270703278074,0.7783018867924528,0.13258070644655365,0.625,0,goodware
0.5233388883306817,1.0,1.0,0.04031107306210357,0.7780832678711704,0.1325807940592869,0.625,0,goodware
0.5219012835178009,1.0,1.0,0.04035938391054694,0.7778649921507064,0.13258085767918398,0.625,0,goodware
0.5227991359030468,1.0,1.0,0.04040763968622231,0.7776470588235294,0.13258092916451042,0.625,0,goodware
0.5220658660458252,1.0,1.0,0.040455840455840456,0.7774294670846396,0.13258095578570445,0.625,0,goodware
0.5226779832827083,1.0,1.0,0.0405039863408231,0.7772122161315583,0.13258100040447393,0.625,0,goodware
0.5222402931670616,1.0,1.0,0.04055207740741843,0.7769953051643192,0.1325810075165314,0.625,0,goodware
0.5216544982823558,1.0,1.0,0.0406001137628897,0.7767787333854574,0.1325810126809447,0.625,0,goodware
0.5225388370464257,1.0,1.0,0.04064809551432135,0.7765625,0.13258104171890256,0.625,0,goodware
0.5215727676325799,1.0,1.0,0.040696022727272727,0.7763466042154566,0.13258103751696168,0.625,0,goodware
0.5221176759689887,1.0,1.0,0.040743895522186914,0.7761310452418096,0.13258105975355447,0.625,0,goodware
0.5236415913504064,1.0,1.0,0.04079171396416728,0.7759158222915044,0.13258105061280578,0.625,0,goodware
0.521637338982981,1.0,1.0,0.040839478159462025,0.7757009345794392,0.13258104397526044,0.625,0,goodware
0.5239181192220057,1.0,1.0,0.04088718821414301,0.7754863813229572,0.13258106444324244,0.625,0,goodware
0.5250347710786175,1.0,1.0,0.04093484419263456,0.7752721617418351,0.13258105401821793,0.625,0,goodware
0.5239786966146522,1.0,1.0,0.040982446214414756,0.7750582750582751,0.13258107173592718,0.625,0,goodware
0.5245237754166571,1.0,1.0,0.04102999434345849,0.7748447204968945,0.13258105931379355,0.625,0,goodware
0.5231327855346654,1.0,1.0,0.04107748868501311,0.7746314972847168,0.13258105029347383,0.625,0,goodware
0.5222081640508205,1.0,1.0,0.04112492934415203,0.7744186046511627,0.13258106903120753,0.625,0,goodware
0.5234204661453055,1.0,1.0,0.04117231638418079,0.7742060418280403,0.1325810573497641,0.625,0,goodware
0.5219676703966037,1.0,1.0,0.0412196499236258,0.7739938080495357,0.1325810741551265,0.625,0,goodware
0.5222610021614034,1.0,1.0,0.04126693002534955,0.7737819025522041,0.13258106107049267,0.625,0,goodware
0.5203710771109905,1.0,1.0,0.04131415679361251,0.7735703245749613,0.1325810515690991,0.625,0,goodware
0.5211257184080291,1.0,1.0,0.041361330332503554,0.7733590733590734,0.1325810699575017,0.625,0,goodware
0.5222271180267124,1.0,1.0,0.04140845070422535,0.7731481481481481,0.13258105802239167,0.625,0,goodware
0.5228220457929251,1.0,1.0,0.041455518026365795,0.7729375481881264,0.13258107464355443,0.625,0,goodware
0.5217440373671544,1.0,1.0,0.041502532360690764,0.7727272727272727,0.13258106142516407,0.625,0,goodware
0.5222733291245506,1.0,1.0,0.04154949381048758,0.7725173210161662,0.13258105182664343,0.625,0,goodware
0.5240487900831601,1.0,1.0,0.041596402478874285,0.7723076923076924,0.13258107014451728,0.625,0,goodware
0.5270265111384005,1.0,1.0,0.04164325842696629,0.772098385857033,0.13258105815819285,0.625,0,goodware
0.5235545590608081,1.0,1.0,0.0416900617714259,0.771889400921659,0.13258107474216632,0.625,0,goodware
0.5236443130531722,1.0,1.0,0.041736812572937945,0.7716807367613201,0.132581061496771,0.625,0,goodware
0.5245933538404975,1.0,1.0,0.04178351093383007,0.7714723926380368,0.13258105187864072,0.625,0,goodware
0.5230705692966051,1.0,1.0,0.041830156956262944,0.771264367816092,0.13258107018227508,0.625,0,goodware
0.5233308400731725,1.0,1.0,0.041876750700280116,0.7710566615620215,0.13258105818561064,0.625,0,goodware
0.5247123047812854,1.0,1.0,0.04192329228163098,0.7708492731446059,0.13258107476207573,0.625,0,goodware
0.5219964474157063,1.0,1.0,0.041969781759934634,0.7706422018348624,0.13258106151122823,0.625,0,goodware
0.5217350006864014,1.0,1.0,0.0420162192365723,0.7704354469060352,0.13258105188913877,0.625,0,goodware
0.5230441644298898,1.0,1.0,0.04206260481276049,0.7702290076335878,0.13258107018989823,0.625,0,goodware
0.5218779905760267,1.0,1.0,0.042108938547486034,0.7700228832951945,0.13258105819114618,0.625,0,goodware
0.5225850976370267,1.0,1.0,0.04215522055559792,0.7698170731707317,0.13258107476609535,0.625,0,goodware
0.5220962414423769,1.0,1.0,0.04220145089566451,0.7696115765422696,0.13258106151414709,0.625,0,goodware
0.5223839958476103,1.0,1.0,0.04224762966813368,0.769406392694064,0.13258105189125832,0.625,0,goodware
0.5226405674078658,1.0,1.0,0.042293756973290755,0.7692015209125476,0.13258107019143733,0.625,0,goodware
0.5237287024829118,1.0,1.0,0.04233983286908078,0.7689969604863222,0.1325810581922638,0.625,0,goodware
0.520769520487107,1.0,1.0,0.04238585746946456,0.7687927107061503,0.1325810747669069,0.625,0,goodware
0.5223364013151519,1.0,1.0,0.04243183083197455,0.7685887708649469,0.1325810615147364,0.625,0,goodware
0.5228743397028112,1.0,1.0,0.04247775305613807,0.768385140257771,0.13258105189168626,0.625,0,goodware
0.5246547266845543,1.0,1.0,0.042523624241322076,0.7681818181818182,0.13258107019174808,0.625,0,goodware
0.5237314108771662,1.0,1.0,0.042569444444444444,0.7679788039364118,0.13258105819248944,0.625,0,goodware
0.5238257928314084,1.0,1.0,0.042615213778589886,0.7677760968229954,0.13258107476707076,0.625,0,goodware
0.5252570447753594,1.0,1.0,0.04266093230026947,0.7675736961451247,0.13258106151485535,0.625,0,goodware
0.5262225219739564,1.0,1.0,0.042706600108102594,0.7673716012084593,0.13258105189177263,0.625,0,goodware
0.5251438508374349,1.0,1.0,0.0427522173005504,0.7671698113207547,0.1325810701918108,0.625,0,goodware
0.5257044218194792,1.0,1.0,0.042797783933518005,0.7669683257918551,0.132581058192535,0.625,0,goodware
0.5255606208314838,1.0,1.0,0.042843300119225894,0.766767143933685,0.13258107476710385,0.625,0,goodware
0.5218702612983412,1.0,1.0,0.04288876591317805,0.766566265060241,0.1325810615148794,0.625,0,goodware
0.5230215295157619,1.0,1.0,0.04293418141309836,0.7663656884875847,0.1325810518917901,0.625,0,goodware
0.5223419148069526,1.0,1.0,0.04297954671655452,0.7661654135338346,0.13258107019182347,0.625,0,goodware
0.5193236201648865,1.0,1.0,0.043024861878453044,0.7659654395191585,0.13258105819254418,0.625,0,goodware
0.5201175724692731,1.0,1.0,0.04307012701016183,0.7657657657657657,0.1325810747671105,0.625,0,goodware
0.5192547249303966,1.0,1.0,0.043115342166191915,0.7655663915978994,0.13258106151488422,0.625,0,goodware
0.5198366859651834,1.0,1.0,0.04316050744338382,0.7653673163418291,0.13258105189179362,0.625,0,goodware
0.5221378992435477,1.0,1.0,0.043205622938423935,0.7651685393258427,0.13258107019182602,0.625,0,goodware
0.5210870303832273,1.0,1.0,0.04325068870523416,0.7649700598802396,0.13258105819254604,0.625,0,goodware
0.5223558117834821,1.0,1.0,0.04329570485434127,0.7647718773373223,0.13258107476711187,0.625,0,goodware
0.5211402375660048,1.0,1.0,0.04334067143927717,0.7645739910313901,0.1325810615148852,0.625,0,goodware
0.5218220176868072,1.0,1.0,0.04338558855601102,0.7643764002987303,0.1325810518917943,0.625,0,goodware
0.5210509264928355,1.0,1.0,0.04343045630035988,0.764179104477612,0.13258107019182655,0.625,0,goodware
0.5208595590348174,1.0,1.0,0.043475274725274723,0.7639821029082774,0.13258105819254642,0.625,0,goodware
0.5218440590993911,1.0,1.0,0.04352004394045249,0.763785394932936,0.13258107476711214,0.625,0,goodware
0.52077619666455,1.0,1.0,0.043564763998459564,0.7635889798957558,0.1325810615148854,0.625,0,goodware
0.5214785133172392,1.0,1.0,0.04360943499440557,0.7633928571428572,0.13258105189179448,0.625,0,goodware
0.5244410789106261,1.0,1.0,0.04365405702324997,0.7631970260223049,0.13258107019182666,0.625,0,goodware
0.5261010306322186,1.0,1.0,0.0436986301369863,0.763001485884101,0.13258105819254648,0.625,0,goodware
0.5272818924282892,1.0,1.0,0.043743154444492754,0.7628062360801782,0.1325810747671122,0.625,0,goodware
0.5261207936588772,1.0,1.0,0.04378762999738363,0.7626112759643917,0.13258106151488544,0.625,0,goodware
0.526696347896355,1.0,1.0,0.043832056889920576,0.762416604892513,0.13258105189179448,0.625,0,goodware
0.5245795981774293,1.0,1.0,0.043876435216217036,0.7622222222222222,0.1325810701918267,0.625,0,goodware
0.52698288350666,1.0,1.0,0.04392076502732241,0.7620281273131014,0.13258105819254654,0.625,0,goodware
0.5252863251390854,1.0,1.0,0.043965046431307005,0.7618343195266273,0.1325810747671122,0.625,0,goodware
0.5261232155907758,1.0,1.0,0.04400927947884624,0.761640798226164,0.13258106151488547,0.625,0,goodware
0.5249739819367001,1.0,1.0,0.044053464263365205,0.7614475627769571,0.1325810518917945,0.625,0,goodware
0.5256280910338706,1.0,1.0,0.044097600878142684,0.7612546125461255,0.1325810701918267,0.625,0,goodware
0.5242194401491901,1.0,1.0,0.044141689373297,0.7610619469026548,0.13258105819254654,0.625,0,goodware
0.525301017365505,1.0,1.0,0.044185729856101336,0.7608695652173914,0.1325810747671122,0.625,0,goodware
0.5202756447051258,0.615938521148954,0.1,0.00035112359550561797,0.7222222222222222,0.0,0.625,0,goodware
0.5263721526041275,1.0,1.0,0.04420565832139841,0.7606774668630338,0.09627360280814859,0.625,0,goodware
0.5248333672609228,1.0,1.0,0.044249592175394196,0.760485651214128,0.10621644798394374,0.625,0,goodware
0.5255302437418553,1.0,1.0,0.044293478260869566,0.7602941176470588,0.11343641462410112,0.625,0,goodware
0.5204201766258882,1.0,1.0,0.044337316684332564,0.7601028655400441,0.11867920868382434,0.625,0,goodware
0.5202756447051258,0.5668794053260026,0.1,0.00035014005602240897,0.75,0.010094825899732771,0.625,0,goodware
0.5196216970329737,1.0,1.0,0.04435702658421716,0.7599118942731278,0.08894325526089224,0.625,0,goodware
0.5206424466085804,1.0,1.0,0.0444007592248297,0.7597212032281732,0.10089352256192763,0.625,0,goodware
0.5195490520826357,1.0,1.0,0.04444444444444444,0.7595307917888563,0.10957117774938321,0.625,0,goodware
0.5202460333240991,1.0,1.0,0.04448808234881375,0.7593406593406593,0.11587247032798051,0.625,0,goodware
0.5197950327346367,1.0,1.0,0.04453167298609019,0.7591508052708639,0.12044812541623437,0.625,0,goodware
0.5182531601980245,1.0,1.0,0.044575216447341026,0.7589612289685442,0.12377073269905643,0.625,0,goodware
0.5192926127644146,1.0,1.0,0.04461871282349266,0.7587719298245614,0.12618346466156025,0.625,0,goodware
0.5182736400558299,1.0,1.0,0.044662162162162164,0.7585829072315559,0.12793544345159852,0.625,0,goodware
0.5188834921552037,1.0,1.0,0.04470556456833493,0.7583941605839416,0.12920766571030148,0.625,0,goodware
0.5172094531922444,1.0,1.0,0.04474892008927348,0.7582056892778993,0.13013146396351613,0.625,0,goodware
0.5147253724600295,1.0,1.0,0.044792228815251134,0.7580174927113703,0.1308022791243592,0.625,0,goodware
0.5155604192502474,1.0,1.0,0.04483549083640216,0.7578295702840495,0.13128941591176252,0.625,0,goodware
0.5148634013255148,1.0,1.0,0.04487870619946092,0.75764192139738,0.13164312475240447,0.625,0,goodware
0.5178632157608383,1.0,1.0,0.04492187500865588,0.7574545454545455,0.1318999952247705,0.625,0,goodware
0.5189189806215665,1.0,1.0,0.0449649973103717,0.7572674418604651,0.13208649629877575,0.625,0,goodware
0.5150699373619412,1.0,1.0,0.04500807319409829,0.7570806100217865,0.1322219238637456,0.625,0,goodware
0.5099993279788121,1.0,1.0,0.04505110274918828,0.7568940493468795,0.13232028969022883,0.625,0,goodware
0.5108450407902944,1.0,1.0,0.04509408602150537,0.7567077592458303,0.13239169269687107,0.625,0,goodware
0.5101270406874479,1.0,1.0,0.045137023114531036,0.7565217391304347,0.13244356717903602,0.625,0,goodware
0.5241524055903637,1.0,1.0,0.045179914073784036,0.7563359884141926,0.13248121051983164,0.625,0,goodware
0.5236254700955907,1.0,1.0,0.045222758987981226,0.756150506512301,0.13250854519341715,0.625,0,goodware
0.5236835940020642,1.0,1.0,0.045265557945703944,0.7559652928416486,0.13252841951659317,0.625,0,goodware
0.522195870140116,1.0,1.0,0.045308310991957104,0.7557803468208093,0.1325428259583413,0.625,0,goodware
0.5202756447051258,0.5287402807211394,0.1,0.00034549474852535786,0.7727272727272727,2.776230323042611e-05,0.625,0,goodware
0.5225758177694062,1.0,1.0,0.04532672737300662,0.7555956678700361,0.09625345286301988,0.625,0,goodware
0.523063757216631,1.0,1.0,0.04536937901209397,0.7554112554112554,0.10620179586263001,0.625,0,goodware
0.5214000629645327,1.0,1.0,0.04541198502451956,0.7552271088680605,0.11342579663538158,0.625,0,goodware
0.5193467389297461,1.0,1.0,0.045454545454545456,0.7550432276657061,0.11867147580586775,0.625,0,goodware
0.5176370576249942,1.0,1.0,0.045497060404206854,0.7548596112311015,0.1224806437550257,0.625,0,goodware
0.5168950484738071,1.0,1.0,0.04553952991742988,0.7546762589928058,0.12524664382100129,0.625,0,goodware
0.5171889380406484,1.0,1.0,0.04558195408145553,0.7544931703810208,0.12725517195221667,0.625,0,goodware
0.5193477269727115,1.0,1.0,0.04562433298339258,0.7543103448275862,0.12871368715954531,0.625,0,goodware
0.5185784731662948,1.0,1.0,0.04566666666666667,0.7541277817659727,0.12977276194191628,0.625,0,goodware
0.5185140057609718,1.0,1.0,0.04570895523259424,0.7539454806312769,0.1305418329155267,0.625,0,goodware
0.5192411669203995,1.0,1.0,0.04575119872426956,0.7537634408602151,0.13110026812097186,0.625,0,goodware
0.5219099247682736,1.0,1.0,0.0457933972281901,0.7535816618911175,0.13150577527673615,0.625,0,goodware
0.5209445589948076,1.0,1.0,0.04583555083072275,0.7534001431639227,0.13180025902385745,0.625,0,goodware
0.5235928842979362,1.0,1.0,0.045877659574468085,0.7532188841201717,0.13201407295804685,0.625,0,goodware
0.5221550263303475,1.0,1.0,0.04591972356003306,0.7530378842030021,0.1321693589379281,0.625,0,goodware
0.5206127905241239,1.0,1.0,0.04596174282969132,0.7528571428571429,0.1322820944847848,0.625,0,goodware
0.5209951184682375,1.0,1.0,0.04600371746920655,0.7526766595289079,0.13236395728733313,0.625,0,goodware
0.5215462588305224,1.0,1.0,0.04604564756421345,0.7524964336661911,0.13242342713580235,0.625,0,goodware
0.5203179078752428,1.0,1.0,0.046087533156498675,0.7523164647184605,0.13246658584794666,0.625,0,goodware
0.5233142130556074,1.0,1.0,0.046129374345968796,0.7521367521367521,0.13249795077479667,0.625,0,goodware
0.5221322393598072,1.0,1.0,0.04617117117408799,0.7519572953736655,0.13252070111251293,0.625,0,goodware
0.5226700385413828,1.0,1.0,0.04621292372589565,0.751778093883357,0.1325372212470783,0.625,0,goodware
0.527753198171651,1.0,1.0,0.04625463208630384,0.7515991471215352,0.13254924260772932,0.625,0,goodware
0.5267283792436792,1.0,1.0,0.046296296296296294,0.7514204545454546,0.1325579466247651,0.625,0,goodware
0.5282615699466802,1.0,1.0,0.04633791645508817,0.7512420156139106,0.1325642923225019,0.625,0,goodware
0.5272486438953768,1.0,1.0,0.04637949260334507,0.7510638297872341,0.13256887495982167,0.625,0,goodware
0.5262811646770477,1.0,1.0,0.04642102482539154,0.7508858965272855,0.13257220263724484,0.625,0,goodware
0.5258097535937613,1.0,1.0,0.04646251320542636,0.7507082152974505,0.13257464431342122,0.625,0,goodware
0.5227011530476374,1.0,1.0,0.04650395778364116,0.7505307855626326,0.13257639204748606,0.625,0,goodware
0.5234512401179532,1.0,1.0,0.04654535865856852,0.7503536067892503,0.13257768644998197,0.625,0,goodware
0.5243387797618849,1.0,1.0,0.046586715870086226,0.7501766784452297,0.13257860109185174,0.625,0,goodware
0.5232444607227218,1.0,1.0,0.04662802950181323,0.75,0.1325792652581141,0.625,0,goodware
0.5237863471947618,1.0,1.0,0.04666929963724425,0.7498235709244884,0.13257977282935157,0.625,0,goodware
0.5254353365651021,1.0,1.0,0.04671052631578947,0.7496473906911143,0.13258011611410633,0.625,0,goodware
0.5248462977293576,1.0,1.0,0.04675170963530758,0.7494714587737843,0.13258039067768174,0.625,0,goodware
0.5220777335723685,1.0,1.0,0.04679284963489913,0.7492957746478873,0.13258056476404217,0.625,0,goodware
0.5233816215584874,1.0,1.0,0.04683394639748658,0.7491203377902885,0.1325806911766755,0.625,0,goodware
0.522569854751551,1.0,1.0,0.04687500000586968,0.748945147679325,0.13258080825886037,0.625,0,goodware
0.5208822936804334,1.0,1.0,0.04691601049868767,0.7487702037947996,0.13258086799018978,0.625,0,goodware
0.5190117363330232,1.0,1.0,0.04695697797313385,0.7485955056179776,0.1325809366518382,0.625,0,goodware
0.5198316265458641,1.0,1.0,0.046997902467542,0.7484210526315789,0.1325809612226199,0.625,0,goodware
0.5189237236337249,1.0,1.0,0.047038784064147035,0.7482468443197756,0.13258097906466798,0.625,0,goodware
0.5195265593919736,1.0,1.0,0.04707962284506268,0.7480728801681851,0.13258101730847283,0.625,0,goodware
0.5225376554083758,1.0,1.0,0.04712041884816754,0.7478991596638656,0.13258101979135298,0.625,0,goodware
0.5230331707322073,1.0,1.0,0.04716117216999798,0.7477256822953113,0.1325810468821193,0.625,0,goodware
0.5240285475876431,1.0,1.0,0.047201882848131226,0.7475524475524475,0.13258104126622625,0.625,0,goodware
0.5229914749253394,1.0,1.0,0.0472425509641235,0.7473794549266247,0.13258103718825126,0.625,0,goodware
0.5235221431550835,1.0,1.0,0.04728317659941128,0.7472067039106145,0.13258105951486168,0.625,0,goodware
0.5244984724770281,1.0,1.0,0.047323759791122716,0.7470341939986043,0.13258105043947926,0.625,0,goodware
0.5251388782233803,1.0,1.0,0.047364300635145504,0.7468619246861925,0.13258106913722925,0.625,0,goodware
0.5260913551241806,1.0,1.0,0.04740479916831043,0.7466898954703833,0.1325810574267517,0.625,0,goodware
0.5253737219204208,1.0,1.0,0.047445255471503696,0.7465181058495822,0.1325810489232003,0.625,0,goodware
0.5207986005085442,1.0,1.0,0.04748566962549321,0.7463465553235908,0.1325810680361846,0.625,0,goodware
0.5185613942870877,1.0,1.0,0.04752604166666667,0.7461752433936022,0.13258105662722924,0.625,0,goodware
0.5196457316150551,1.0,1.0,0.04756637169027124,0.746004169562196,0.13258107363045843,0.625,0,goodware
0.5187546306217091,1.0,1.0,0.047606659732401226,0.7458333333333333,0.13258106068950548,0.625,0,goodware
0.5186936047529823,1.0,1.0,0.04764690587328135,0.7456627342123525,0.13258105129244566,0.625,0,goodware
0.5195201652748679,1.0,1.0,0.04768711019301949,0.7454923717059639,0.13258106975661005,0.625,0,goodware
0.5238863904163734,1.0,1.0,0.04772727272727273,0.7453222453222453,0.1325810578765144,0.625,0,goodware
0.5248520092521979,1.0,1.0,0.047767393570655736,0.7451523545706371,0.13258107453762577,0.625,0,goodware
0.525840667900978,1.0,1.0,0.04780747275853612,0.7449826989619377,0.1325810613482441,0.625,0,goodware
0.5249446676214079,1.0,1.0,0.04784751037048555,0.7448132780082988,0.13258105177078805,0.625,0,goodware
0.5254544782354843,1.0,1.0,0.04788750648596023,0.7446440912232204,0.13258107010395795,0.625,0,goodware
0.5205779610525175,1.0,1.0,0.04792746113989637,0.744475138121547,0.13258105812874071,0.625,0,goodware
0.5199438518273809,1.0,1.0,0.04796737442628403,0.7443064182194616,0.13258107472077968,0.625,0,goodware
0.5215358549374814,1.0,1.0,0.04800724637977376,0.7441379310344828,0.13258106148124113,0.625,0,goodware
0.5188258868958546,1.0,1.0,0.04804707707929247,0.7439696760854584,0.13258105186736371,0.625,0,goodware
0.517769719632109,1.0,1.0,0.04808686660365295,0.743801652892562,0.1325810701740863,0.625,0,goodware
0.5176644253714449,1.0,1.0,0.0481266149870801,0.7436338609772883,0.13258105817966434,0.625,0,goodware
0.5182779386691188,1.0,1.0,0.04816632232294712,0.7434662998624484,0.13258107475775785,0.625,0,goodware
0.5145413435078433,1.0,1.0,0.048205988645197005,0.743298969072165,0.1325810615080928,0.625,0,goodware
0.5136334197386443,1.0,1.0,0.04824561403212006,0.7431318681318682,0.13258105188686203,0.625,0,goodware
0.5152880126179173,1.0,1.0,0.048285198561893804,0.742964996568291,0.13258107018824494,0.625,0,goodware
0.5152306630502218,1.0,1.0,0.04832474226804124,0.742798353909465,0.13258105818994564,0.625,0,goodware
0.5210873706887406,1.0,1.0,0.048364245243326325,0.7426319396847156,0.1325810747652236,0.625,0,goodware
0.5197182974744349,1.0,1.0,0.04840370752099391,0.7424657534246575,0.13258106151351404,0.625,0,goodware
0.5207170728373512,1.0,1.0,0.04844312917870568,0.7422997946611909,0.13258105189079866,0.625,0,goodware
0.5198539157748393,1.0,1.0,0.0484825102940119,0.7421340629274966,0.13258107019110354,0.625,0,goodware
0.5201152851822562,1.0,1.0,0.04852185089974293,0.7419685577580315,0.13258105819202143,0.625,0,goodware
0.5228467807582051,1.0,1.0,0.04856115108806106,0.7418032786885246,0.13258107476673092,0.625,0,goodware
0.5233803214348662,1.0,1.0,0.048600410891522144,0.7416382252559727,0.13258106151460858,0.625,0,goodware
0.5242572416765914,1.0,1.0,0.0486396303871672,0.7414733969986358,0.13258105189159344,0.625,0,goodware
0.5233183815710324,1.0,1.0,0.048678809651927106,0.7413087934560327,0.1325810701916807,0.625,0,goodware
0.4507245935846009,1.0,1.0,0.04865384615384615,0.7414850136239782,0.1325810581924405,0.625,0,goodware
0.2993760635145404,0.4283273925317602,0.02,0.05,0.8,0.0,0.625,0,goodware
0.5238405478327454,1.0,1.0,0.048668032789857416,0.7413206262763785,0.09627361243118365,0.625,0,goodware
0.5202756447051258,0.49828399740743856,0.1,0.00032964135016951864,0.7916666666666666,4.0592529337857286e-14,0.625,0,goodware
0.12708470022442964,1.0,1.0,0.048618219043803215,0.7414965986394557,0.0771289706146089,0.625,0,goodware
0.45889970716473305,1.0,1.0,0.048657289002557544,0.7413324269204622,0.09231457255292458,0.625,0,goodware
0.4555333225742889,1.0,1.0,0.048696319027308366,0.7411684782608696,0.10334160164736719,0.625,0,goodware
0.4828498271421541,1.0,1.0,0.04873530914962172,0.7410047522063815,0.11134884788432994,0.625,0,goodware
0.4512915099289555,1.0,1.0,0.04877425944544722,0.7408412483039348,0.11716330158530477,0.625,0,goodware
0.48106342084576625,1.0,1.0,0.048813169990626834,0.7406779661016949,0.1213854843716935,0.625,0,goodware
0.11789174607420132,1.0,1.0,0.048788265306122444,0.7408536585365854,0.12445139495002504,0.625,0,goodware
0.11789174607420132,1.0,1.0,0.048763386036429955,0.7410291130670277,0.12667772695623736,0.625,0,goodware
0.4481376569094214,1.0,1.0,0.04880224261254724,0.7408660351826792,0.12829435151355764,0.625,0,goodware
0.47905696572930645,1.0,1.0,0.048841059599682976,0.7407031778228532,0.1294682617896032,0.625,0,goodware
0.44054433582490166,1.0,1.0,0.048879837073143514,0.7405405405405405,0.13032072039783144,0.625,0,goodware
0.47514693118641327,1.0,1.0,0.04891857506361323,0.7403781228899392,0.13093970749141232,0.625,0,goodware
0.11789174607420132,1.0,1.0,0.04889369278610668,0.74055330634278,0.1313892093995852,0.625,0,goodware
0.11789174607420132,1.0,1.0,0.048868835793505656,0.7407282535401214,0.1317155896919645,0.625,0,goodware
0.11789174607420132,1.0,1.0,0.04884400406208198,0.7409029649595688,0.13195259040891383,0.625,0,goodware
0.11789174607420132,1.0,1.0,0.04881919756812565,0.741077441077441,0.1321247134389691,0.625,0,goodware
0.11789174607420132,1.0,1.0,0.04879441624365482,0.7412516823687753,0.13224967520117942,0.625,0,goodware
0.11789174607420132,1.0,1.0,0.04876966007987894,0.7414256893073302,0.1323404412994901,0.625,0,goodware
0.11789174607420132,1.0,1.0,0.048744929009031865,0.7415994623655914,0.13240632576741523,0.625,0,goodware
0.11789174607420132,1.0,1.0,0.0487202230077,0.741773002014775,0.13245416770670712,0.625,0,goodware
0.11789174607420132,1.0,1.0,0.048695542052487294,0.7419463087248321,0.1324889333524614,0.625,0,goodware
0.5202756447051258,0.47344568544957805,0.1,0.0003258602710954924,0.8076923076923077,4.3806329784026876e-05,0.625,0,goodware
0.520306697780338,1.0,1.0,0.04870951417885622,0.7417840375586855,0.09622503569914344,0.625,0,goodware
0.5208823014795237,1.0,1.0,0.04874810318958585,0.7416219839142091,0.10618116076801912,0.625,0,goodware
0.5202135921018132,1.0,1.0,0.04878665318209514,0.7414601473543201,0.11341079084819136,0.625,0,goodware
0.5207901946010276,1.0,1.0,0.04882516423023791,0.7412985274431058,0.11866060200149191,0.625,0,goodware
0.522039019181126,1.0,1.0,0.048863636363636366,0.7411371237458194,0.1224727243917247,0.625,0,goodware
0.5226156742655567,1.0,1.0,0.048902069670615216,0.740975935828877,0.12524091707121165,0.625,0,goodware
0.5217971508239434,1.0,1.0,0.04894046418054196,0.7408149632598531,0.12725101347868864,0.625,0,goodware
0.5222140135096633,1.0,1.0,0.04897881996679842,0.7406542056074766,0.12871064293804244,0.625,0,goodware
0.525139561516548,1.0,1.0,0.049017137102664615,0.7404936624416277,0.12977057613534274,0.625,0,goodware
0.5259944126432501,1.0,1.0,0.049055415617128464,0.7403333333333333,0.1305402207954329,0.625,0,goodware
0.5252746281078046,1.0,1.0,0.04909365559796438,0.7401732178547635,0.1310991224867782,0.625,0,goodware
0.5255230489782204,1.0,1.0,0.049131857073908894,0.7400133155792277,0.13150494337563307,0.625,0,goodware
0.5222938553955699,1.0,1.0,0.049170020117775895,0.739853626081171,0.1317996298008166,0.625,0,goodware
0.5229679488839178,1.0,1.0,0.0492081448022786,0.7396941489361701,0.1320136412279779,0.625,0,goodware
0.5223217409483794,1.0,1.0,0.0492462311557789,0.7395348837209302,0.132169020228276,0.625,0,goodware
0.5227678177379075,1.0,1.0,0.049284279265507505,0.7393758300132802,0.13228187376187855,0.625,0,goodware
0.5214145050227535,1.0,1.0,0.04932228915957815,0.7392169873921699,0.1323637970096195,0.625,0,goodware
0.5212847725196808,1.0,1.0,0.04936026091024375,0.7390583554376657,0.13242328549254195,0.625,0,goodware
0.522151342604225,1.0,1.0,0.0493981945896577,0.7388999337309476,0.1324665082598163,0.625,0,goodware
0.5210605346001372,1.0,1.0,0.04943609022556391,0.7387417218543046,0.13249786916227868,0.625,0,goodware
0.5217525660423049,1.0,1.0,0.04947394790465594,0.7385837193911318,0.13252066712597504,0.625,0,goodware
0.5215259023025948,1.0,1.0,0.049511767654432784,0.7384259259259259,0.13253719656778845,0.625,0,goodware
0.522978142086634,1.0,1.0,0.049549549546593206,0.738268341044283,0.13254919940512885,0.625,0,goodware
0.5231871202870723,1.0,1.0,0.04958729365273763,0.7381109643328929,0.13255794053665904,0.625,0,goodware
0.5238958191615528,1.0,1.0,0.049625,0.737953795379538,0.1325642626170001,0.625,0,goodware
0.522945326022345,1.0,1.0,0.0496626686745431,0.7377968337730871,0.13256887867470635,0.625,0,goodware
0.5232122999400125,1.0,1.0,0.04970029970325911,0.7376400791034937,0.13257220533480454,0.625,0,goodware
0.5209218483155205,1.0,1.0,0.04973789315729944,0.7374835309617918,0.13257462098564723,0.625,0,goodware
0.5202581292622651,1.0,1.0,0.049775449107718264,0.7373271889400922,0.13257640039498592,0.625,0,goodware
0.521066580377398,1.0,1.0,0.04981296758104738,0.7371710526315789,0.13257766722432598,0.625,0,goodware
0.5202227612467085,1.0,1.0,0.04985044866292518,0.7370151216305063,0.13257861241852234,0.625,0,goodware
0.5205007656466151,1.0,1.0,0.04988789237964479,0.7368593955321945,0.1325792734829644,0.625,0,goodware
0.5239606720401203,1.0,1.0,0.04992529880181695,0.7367038739330269,0.13257975351423582,0.625,0,goodware
0.5261202111642052,1.0,1.0,0.04996266799995621,0.7365485564304461,0.13258012737610478,0.625,0,goodware
0.5249719093552748,1.0,1.0,0.05,0.7363934426229508,0.13258037356787017,0.625,0,goodware
0.5255213064735432,1.0,1.0,0.050037294887068484,0.7362385321100917,0.1325805776275058,0.625,0,goodware
0.5268593173173228,1.0,1.0,0.05007455268686349,0.7360838244924689,0.13258070051746654,0.625,0,goodware
0.5258084369399234,1.0,1.0,0.05011177346946161,0.7359293193717278,0.13258078975388635,0.625,0,goodware
0.5262943310474952,1.0,1.0,0.05014895730484431,0.7357750163505559,0.1325808798406153,0.625,0,goodware
0.5270524882232274,1.0,1.0,0.05018610421836228,0.7356209150326798,0.13258091996920823,0.625,0,goodware
0.524411131160085,1.0,1.0,0.05022321429462362,0.7354670150228608,0.13258097439635672,0.625,0,goodware
0.5269340510222043,1.0,1.0,0.0502602875587464,0.735313315926893,0.13258098863076356,0.625,0,goodware
0.5259783195665677,1.0,1.0,0.050297324080279524,0.7351598173515982,0.1325809989670636,0.625,0,goodware
0.5238389512485677,1.0,1.0,0.050334323928677885,0.735006518904824,0.13258103176057992,0.625,0,goodware
0.5244808260625854,1.0,1.0,0.050371287128712874,0.7348534201954398,0.1325810302857358,0.625,0,goodware
0.5236217823091517,1.0,1.0,0.050408213764486585,0.7347005208333333,0.13258105450260618,0.625,0,goodware
0.5243237714867244,1.0,1.0,0.05044510386054082,0.7345478204294079,0.13258104679983504,0.625,0,goodware
0.5239928317068487,1.0,1.0,0.05048195748590315,0.7343953185955787,0.13258104120647562,0.625,0,goodware
0.5241956916977067,1.0,1.0,0.050518774709508205,0.7342430149447694,0.13258106243269177,0.625,0,goodware
0.5249123458707095,1.0,1.0,0.050555555555555555,0.7340909090909091,0.1325810525582586,0.625,0,goodware
0.5240982092161869,1.0,1.0,0.05059230010764719,0.7339390006489293,0.132581070675779,0.625,0,goodware
0.524690105483568,1.0,1.0,0.050629008389756015,0.7337872892347601,0.132581058543968,0.625,0,goodware
0.5242528530525838,1.0,1.0,0.05066568047039457,0.7336357744653272,0.1325810497344658,0.625,0,goodware
0.5244866155515641,1.0,1.0,0.05070231641798343,0.7334844559585492,0.13258106862528435,0.625,0,goodware
0.5257402821165622,1.0,1.0,0.05073891625615764,0.7333333333333334,0.1325810570550034,0.625,0,goodware
0.11789174607420132,1.0,1.0,0.05071393403157889,0.7335058214747736,0.13258107394108629,0.625,0,goodware
0.5248439477945007,1.0,1.0,0.05075049212896158,0.733354880413704,0.13258106091506758,0.625,0,goodware
0.5254672669739191,1.0,1.0,0.050787014261655536,0.7332041343669251,0.13258105145623736,0.625,0,goodware
0.5226631640543896,1.0,1.0,0.05082350049759944,0.7330535829567463,0.13258106987554724,0.625,0,goodware
0.5237864417646758,1.0,1.0,0.05085995085995086,0.7329032258064516,0.1325810579628805,0.625,0,goodware
0.5218566744295648,1.0,1.0,0.05089636543133691,0.7327530625402966,0.13258107460034046,0.625,0,goodware
0.5231866406993961,1.0,1.0,0.050932744234693995,0.7326030927835052,0.1325810613937843,0.625,0,goodware
0.11789174607420132,1.0,1.0,0.050907752695746475,0.7327752736638764,0.13258105180385704,0.625,0,goodware
0.5220159448112278,1.0,1.0,0.05094409024627074,0.7326254826254825,0.13258107012797096,0.625,0,goodware
0.5225627969071921,1.0,1.0,0.050980392156862744,0.732475884244373,0.13258105814617777,0.625,0,goodware
0.5242424427699626,1.0,1.0,0.05101665850967417,0.7323264781491002,0.13258107473344155,0.625,0,goodware
0.5215791682200801,1.0,1.0,0.05105288932717237,0.7321772639691715,0.13258106149043555,0.625,0,goodware
0.5242254984839483,1.0,1.0,0.051089084676412,0.732028241335045,0.13258105187404023,0.625,0,goodware
0.5221316955993768,1.0,1.0,0.05112524462435871,0.7318794098781269,0.13258107017893445,0.625,0,goodware
0.521501944143262,1.0,1.0,0.05116136919315404,0.7317307692307693,0.13258105818318483,0.625,0,goodware
0.5223251166022765,1.0,1.0,0.05119745846447197,0.7315823190262651,0.13258107476031422,0.625,0,goodware
0.5211956056438632,1.0,1.0,0.05123351246023816,0.7314340588988476,0.1325810615099491,0.625,0,goodware
0.5218550723236116,1.0,1.0,0.05126953124701572,0.7312859884836852,0.13258105188820996,0.625,0,goodware
0.5211114673293455,1.0,1.0,0.051305514891279734,0.7311381074168798,0.13258107018922377,0.625,0,goodware
0.5250513228366825,1.0,1.0,0.05134146341463415,0.7309904153354633,0.1325810581906564,0.625,0,goodware
0.5262974927033899,1.0,1.0,0.05137737689828083,0.7308429118773947,0.13258107476573971,0.625,0,goodware
0.5198889977114762,1.0,1.0,0.05141325536361059,0.7306955966815571,0.13258106151388882,0.625,0,goodware
0.5237368600022152,1.0,1.0,0.05144909887670083,0.7305484693877551,0.13258105189107078,0.625,0,goodware
0.5230576963078529,1.0,1.0,0.05148490750354186,0.7304015296367112,0.13258107019130116,0.625,0,goodware
0.523450444444472,1.0,1.0,0.051520681265206814,0.7302547770700637,0.13258105819216492,0.625,0,goodware
0.5243649276246973,1.0,1.0,0.05155642024243094,0.7301082113303627,0.13258107476683512,0.625,0,goodware
0.5232076170663466,1.0,1.0,0.051592124456076936,0.7299618320610687,0.13258106151468424,0.625,0,goodware
0.5239089031743167,1.0,1.0,0.05162779397174222,0.729815638906548,0.13258105189164837,0.625,0,goodware
0.5215247513638664,1.0,1.0,0.05166342885493809,0.7296696315120712,0.13258107019172058,0.625,0,goodware
0.5211929013237983,1.0,1.0,0.05169902912621359,0.7295238095238095,0.1325810581924695,0.625,0,goodware
0.521959092175015,1.0,1.0,0.05173459486584266,0.7293781725888324,0.13258107476705627,0.625,0,goodware
0.5208628423027142,1.0,1.0,0.05177012609416658,0.7292327203551046,0.13258106151484483,0.625,0,goodware
0.5213118180131484,1.0,1.0,0.05180562287630843,0.7290874524714829,0.132581051891765,0.625,0,goodware
0.5218583654781516,1.0,1.0,0.051841085277306145,0.7289423685877137,0.13258107019180526,0.625,0,goodware
0.5226346186585998,1.0,1.0,0.051876513317191286,0.7287974683544304,0.13258105819253097,0.625,0,goodware
0.5214420852624446,1.0,1.0,0.05191190707578177,0.7286527514231499,0.13258107476710093,0.625,0,goodware
0.521931581230056,1.0,1.0,0.051947266572904015,0.7285082174462705,0.13258106151487725,0.625,0,goodware
0.5236413015566186,1.0,1.0,0.05198259187321238,0.7283638660770688,0.13258105189178854,0.625,0,goodware
0.5235164697879002,1.0,1.0,0.052017883041276955,0.728219696969697,0.13258107019182236,0.625,0,goodware
0.5231037835637122,1.0,1.0,0.05205314009661836,0.7280757097791798,0.13258105819254337,0.625,0,goodware
0.523960621695521,1.0,1.0,0.052088363118603695,0.7279319041614123,0.13258107476710992,0.625,0,goodware
0.5225453797683571,1.0,1.0,0.052123552126550975,0.727788279773157,0.1325810615148838,0.625,0,goodware
0.5231498199355951,1.0,1.0,0.05215870718465132,0.7276448362720402,0.13258105189179328,0.625,0,goodware
0.5236671967659439,1.0,1.0,0.05219382835701253,0.7275015733165513,0.1325810701918258,0.625,0,goodware
0.5258251371723628,1.0,1.0,0.0522289156626506,0.7273584905660377,0.1325810581925459,0.625,0,goodware
0.5246042050023352,1.0,1.0,0.05226396918048702,0.7272155876807039,0.13258107476711173,0.625,0,goodware
0.5246206533235307,1.0,1.0,0.052298988929337764,0.727072864321608,0.1325810615148851,0.625,0,goodware
0.5256540152424385,1.0,1.0,0.05233397497293614,0.7269303201506592,0.13258105189179425,0.625,0,goodware
0.5258090094326354,1.0,1.0,0.052368927374933004,0.7267879548306149,0.1325810701918265,0.625,0,goodware
0.5245360587332832,1.0,1.0,0.052403846153846155,0.7266457680250784,0.1325810581925464,0.625,0,goodware
0.5264468513884645,1.0,1.0,0.05243873138815645,0.7265037593984962,0.13258107476711212,0.625,0,goodware
0.524734587329706,1.0,1.0,0.05247358309618412,0.7263619286161553,0.13258106151488538,0.625,0,goodware
0.525128086175531,1.0,1.0,0.05250840134121004,0.7262202753441802,0.13258105189179442,0.625,0,goodware
0.5254033743332698,1.0,1.0,0.05254318618643343,0.726078799249531,0.13258107019182663,0.625,0,goodware
0.5239226455724169,1.0,1.0,0.05257793764988009,0.7259375,0.13258105819254648,0.625,0,goodware
0.5269058339711928,1.0,1.0,0.052612655809595274,0.7257963772642099,0.13258107476711217,0.625,0,goodware
0.5278647996829902,1.0,1.0,0.052647340683409705,0.7256554307116105,0.13258106151488544,0.625,0,goodware
0.5258506640518653,1.0,1.0,0.052681992334157005,0.7255146600124767,0.13258105189179448,0.625,0,goodware
0.5264052973472605,1.0,1.0,0.052716610824590046,0.7253740648379052,0.1325810701918267,0.625,0,goodware
0.5273120950385245,1.0,1.0,0.052751196172248806,0.7252336448598131,0.1325810581925465,0.625,0,goodware
0.5273981719913139,1.0,1.0,0.0527857484547478,0.725093399750934,0.1325810747671122,0.625,0,goodware
0.5260558052995712,1.0,1.0,0.052820267689434354,0.7249533291848165,0.13258106151488547,0.625,0,goodware
0.5257730691351286,1.0,1.0,0.05285475393870006,0.7248134328358209,0.1325810518917945,0.625,0,goodware
0.5274914755546173,1.0,1.0,0.052889207264856616,0.7246737103791174,0.1325810701918267,0.625,0,goodware
0.5226631708186011,1.0,1.0,0.052923627684964204,0.7245341614906833,0.13258105819254654,0.625,0,goodware
0.523708882813105,1.0,1.0,0.05295801527621148,0.7243947858472999,0.1325810747671122,0.625,0,goodware
0.526510348587791,1.0,1.0,0.05299237005546838,0.7242555831265509,0.13258106151488547,0.625,0,goodware
0.5263036705397914,1.0,1.0,0.053026692084689575,0.7241165530068197,0.1325810518917945,0.625,0,goodware
0.527663250626739,1.0,1.0,0.0530609814257507,0.7239776951672863,0.1325810701918267,0.625,0,goodware
0.5262349005548312,1.0,1.0,0.0530952380952381,0.7238390092879257,0.13258105819254654,0.625,0,goodware
0.5260212909422023,1.0,1.0,0.05312946216991936,0.723700495049505,0.1325810747671122,0.625,0,goodware
0.5264406670231034,1.0,1.0,0.05316365366619295,0.7235621521335807,0.13258106151488547,0.625,0,goodware
0.5282789130093184,1.0,1.0,0.05319781264558171,0.7234239802224969,0.1325810518917945,0.625,0,goodware
0.5261250513902767,1.0,1.0,0.053231939169530174,0.7232859789993824,0.1325810701918267,0.625,0,goodware
0.5250797873266687,1.0,1.0,0.053266033254156776,0.7231481481481481,0.13258105819254654,0.625,0,goodware
0.5260232066171694,1.0,1.0,0.05330009497581273,0.7230104873534855,0.1325810747671122,0.625,0,goodware
0.5251494930252102,1.0,1.0,0.05333412435043091,0.7228729963008631,0.13258106151488547,0.625,0,goodware
0.5287478804061607,1.0,1.0,0.05336812143910722,0.722735674676525,0.1325810518917945,0.625,0,goodware
0.5286512233152818,1.0,1.0,0.053402086302860155,0.7225985221674878,0.1325810701918267,0.625,0,goodware
0.5282764297931456,1.0,1.0,0.053436018957345975,0.7224615384615385,0.13258105819254654,0.625,0,goodware
0.5245099646665785,1.0,1.0,0.05346991947850418,0.7223247232472325,0.1325810747671122,0.625,0,goodware
0.5238967826967473,1.0,1.0,0.05350378788180784,0.7221880762138906,0.13258106151488547,0.625,0,goodware
0.5232188630188085,1.0,1.0,0.05353762422793081,0.722051597051597,0.1325810518917945,0.625,0,goodware
0.5209848866087909,1.0,1.0,0.0535714285774704,0.721915285451197,0.1325810701918267,0.625,0,goodware
0.5262539010118065,1.0,1.0,0.05360520094562647,0.7217791411042944,0.13258105819254654,0.625,0,goodware
0.5270041570008673,1.0,1.0,0.05363894140793137,0.7216431637032495,0.1325810747671122,0.625,0,goodware
0.5264932949547498,1.0,1.0,0.053672649979404005,0.7215073529411764,0.13258106151488547,0.625,0,goodware
0.5238547312492061,1.0,1.0,0.05370632672030109,0.7213717085119412,0.1325810518917945,0.625,0,goodware
0.5212858156108767,1.0,1.0,0.0537399716908035,0.7212362301101591,0.1325810701918267,0.625,0,goodware
0.5248700574144998,1.0,1.0,0.05377358490566038,0.7211009174311926,0.13258105819254654,0.625,0,goodware
0.5268099097440297,1.0,1.0,0.053807166440001386,0.7209657701711492,0.1325810747671122,0.625,0,goodware
0.5288140286657017,1.0,1.0,0.053840716308396944,0.7208307880268785,0.13258106151488547,0.625,0,goodware
0.5255066751023797,1.0,1.0,0.05387423457069133,0.7206959706959707,0.1325810518917945,0.625,0,goodware
0.5245566654981033,1.0,1.0,0.05390772128665376,0.720561317876754,0.1325810701918267,0.625,0,goodware
0.5281652471010825,1.0,1.0,0.053941176470588235,0.7204268292682927,0.13258105819254654,0.625,0,goodware
0.524782752992366,1.0,1.0,0.053974600197226164,0.7202925045703839,0.1325810747671122,0.625,0,goodware
0.5256883783292775,1.0,1.0,0.054007992480695,0.7201583434835566,0.13258106151488547,0.625,0,goodware
0.52377157173595,1.0,1.0,0.05404135338043128,0.7200243457090687,0.1325810518917945,0.625,0,goodware
0.5251310012180339,1.0,1.0,0.05407468295579728,0.7198905109489051,0.1325810701918267,0.625,0,goodware
0.5272855393840173,1.0,1.0,0.05410798122065728,0.7197568389057751,0.13258105819254654,0.625,0,goodware
0.5258879382001024,1.0,1.0,0.054141248249348864,0.7196233292831106,0.1325810747671122,0.625,0,goodware
0.525483683825697,1.0,1.0,0.05417448405556197,0.7194899817850637,0.13258106151488547,0.625,0,goodware
0.5275397135036017,1.0,1.0,0.05420768869833002,0.7193567961165048,0.1325810518917945,0.625,0,goodware
0.5253346414608664,1.0,1.0,0.05424086223661295,0.71922377198302,0.1325810701918267,0.625,0,goodware
0.5282416739147351,1.0,1.0,0.05427400468384075,0.7190909090909091,0.13258105819254654,0.625,0,goodware
0.5287313298776866,1.0,1.0,0.05430711611396148,0.7189582071471835,0.1325810747671122,0.625,0,goodware
0.527495803780986,1.0,1.0,0.05434019654023296,0.7188256658595642,0.13258106151488547,0.625,0,goodware
0.5278874387135886,1.0,1.0,0.05437324602129009,0.7186932849364791,0.1325810518917945,0.625,0,goodware
0.5282286066291267,1.0,1.0,0.054406264615694935,0.7185610640870617,0.1325810701918267,0.625,0,goodware
0.5262047063653433,1.0,1.0,0.0544392523364486,0.718429003021148,0.13258105819254654,0.625,0,goodware
0.5257618113635173,1.0,1.0,0.05447220925711386,0.7182971014492754,0.1325810747671122,0.625,0,goodware
0.5264442969508463,1.0,1.0,0.05450513539052172,0.7181653590826795,0.13258106151488547,0.625,0,goodware
0.5202756447051258,0.45283941593084176,0.1,0.0002996164908574141,0.8214285714285714,0.0,0.625,0,goodware
0.5252386773240718,1.0,1.0,0.05451259328964404,0.7180337756332931,0.09627361418308376,0.625,0,goodware
0.5272291460183717,1.0,1.0,0.05454545454545454,0.7179023508137432,0.1062164359846636,0.625,0,goodware
0.5258801864785964,1.0,1.0,0.05457828519082886,0.7177710843373494,0.1134364275471155,0.625,0,goodware
0.5226652743042609,1.0,1.0,0.05461108523824413,0.7176399759181216,0.11867919543159758,0.625,0,goodware
0.5233791401561233,1.0,1.0,0.05464385474557074,0.7175090252707581,0.12248622599206174,0.625,0,goodware
0.5222905619859832,1.0,1.0,0.054676593770607684,0.7173782321106434,0.12525072124641737,0.625,0,goodware
0.5230273564022513,1.0,1.0,0.054709302325581396,0.7172475961538461,0.12725813277053039,0.625,0,goodware
0.5228703848605754,1.0,1.0,0.054741980483299514,0.7171171171171171,0.12871583715515883,0.625,0,goodware
0.5225676013397272,1.0,1.0,0.05477462825582232,0.7169867947178872,0.12977432315904164,0.625,0,goodware
0.5223561177471825,1.0,1.0,0.05480724570063468,0.7168566286742651,0.1305429416928762,0.625,0,goodware
0.5211338506235405,1.0,1.0,0.054839832875150804,0.716726618705036,0.13110109826406274,0.625,0,goodware
0.5190362840853024,1.0,1.0,0.05487238979118329,0.7165967645296585,0.13150637808429622,0.625,0,goodware
0.5188572426542439,1.0,1.0,0.05490491652116676,0.7164670658682635,0.13180069675203684,0.625,0,goodware
0.5199663471868148,1.0,1.0,0.054937413076749674,0.7163375224416517,0.13201439081391855,0.625,0,goodware
0.5239955348999372,1.0,1.0,0.054969879515035715,0.7162081339712918,0.1321695645393435,0.625,0,goodware
0.5239955348999372,1.0,1.0,0.05500231589305863,0.7160789001793186,0.1322822690128813,0.625,0,goodware
0.519131708525865,1.0,1.0,0.05503472222222222,0.7159498207885304,0.13236408402073266,0.625,0,goodware
0.5262038794983204,1.0,1.0,0.0550670985745921,0.715820895522388,0.13242351916314893,0.625,0,goodware
0.5271278761676287,1.0,1.0,0.05509944496140997,0.7156921241050119,0.13246665267351063,0.625,0,goodware
0.5220461565243031,1.0,1.0,0.055131761439402585,0.7155635062611807,0.1324979740281358,0.625,0,goodware
0.5218344386243862,1.0,1.0,0.05516404806522742,0.715435041716329,0.1325207432742249,0.625,0,goodware
0.523095617192099,1.0,1.0,0.055196304849884525,0.7153067301965456,0.13253725186276252,0.625,0,goodware
0.5222476485581135,1.0,1.0,0.05522853186507445,0.7151785714285714,0.13254926483928148,0.625,0,goodware
0.5232719929898941,1.0,1.0,0.0552607291216371,0.7150505651397978,0.13255796276818407,0.625,0,goodware
0.523095617192099,1.0,1.0,0.05529289667592646,0.714922711058264,0.1325642787603994,0.625,0,goodware
0.5242921355431395,1.0,1.0,0.055325034584227994,0.714795008912656,0.13256889039722153,0.625,0,goodware
0.5195078669913061,1.0,1.0,0.05535714285714286,0.7146674584323041,0.132572213847097,0.625,0,goodware
0.5177953710428176,1.0,1.0,0.05538922156601047,0.714540059347181,0.13257465245344552,0.625,0,goodware
0.5223587937321874,1.0,1.0,0.05542127072127382,0.7144128113879004,0.1325763979583564,0.625,0,goodware
0.5242921355431395,1.0,1.0,0.055453290378918295,0.7142857142857143,0.13257766545496996,0.625,0,goodware
0.5196913665224331,1.0,1.0,0.05548528059486142,0.7141587677725119,0.132578611133706,0.625,0,goodware
0.5209220308425162,1.0,1.0,0.05551724137931034,0.714031971580817,0.1325792725499963,0.625,0,goodware
0.521824808620294,1.0,1.0,0.05554917280324721,0.713905325443787,0.13257977812434543,0.625,0,goodware
0.5255158690098473,1.0,1.0,0.05558107487672291,0.71377882909521,0.13258011995906077,0.625,0,goodware
0.5236770705036801,1.0,1.0,0.055612947655358326,0.7136524822695036,0.1325803681819912,0.625,0,goodware
0.521824808620294,1.0,1.0,0.05564479119470709,0.713526284701713,0.13258057371655457,0.625,0,goodware
0.5260751598010595,1.0,1.0,0.055676605504587154,0.7134002361275089,0.13258069767753328,0.625,0,goodware
0.5176849949292326,1.0,1.0,0.05570839065562718,0.7132743362831858,0.1325808129794525,0.625,0,goodware
0.5184805523197019,1.0,1.0,0.05574014665749072,0.7131485849056604,0.13258087141804295,0.625,0,goodware
0.5177821916897745,1.0,1.0,0.05577187356543815,0.7130229817324691,0.1325809138531659,0.625,0,goodware
0.5179695525481003,1.0,1.0,0.05580357143466328,0.7128975265017667,0.13258096995519797,0.625,0,goodware
0.51995394673615,1.0,1.0,0.05583524027459954,0.7127722189523249,0.13258098540582064,0.625,0,goodware
0.5195588389216083,1.0,1.0,0.055866880155525864,0.7126470588235294,0.13258102191309526,0.625,0,goodware
0.5230210782870102,1.0,1.0,0.05589849108672319,0.7125220458553791,0.13258102313499487,0.625,0,goodware
0.5207591430942077,1.0,1.0,0.05593007312309535,0.7123971797884842,0.13258102402227603,0.625,0,goodware
0.5191543436898712,1.0,1.0,0.05596162631948026,0.7122724603640634,0.13258104995440037,0.625,0,goodware
0.5224547159998817,1.0,1.0,0.055993150684931506,0.7121478873239437,0.13258104349716002,0.625,0,goodware
0.5214636959861293,1.0,1.0,0.05602464628938201,0.7120234604105572,0.13258106409607023,0.625,0,goodware
0.5223058144350782,1.0,1.0,0.05605611314173468,0.7118991793669402,0.13258105376611917,0.625,0,goodware
0.522108237021478,1.0,1.0,0.056087551296540736,0.7117750439367312,0.13258104626503578,0.625,0,goodware
0.5240700363406505,1.0,1.0,0.05611896080828614,0.7116510538641686,0.13258106610596077,0.625,0,goodware
0.5226374794660743,1.0,1.0,0.05615034168564921,0.71152720889409,0.13258105522559915,0.625,0,goodware
0.5249709096699879,1.0,1.0,0.05618169399822046,0.7114035087719298,0.132581072612666,0.625,0,goodware
0.5214137445443048,1.0,1.0,0.056213017754529415,0.7112799532437171,0.13258105995043654,0.625,0,goodware
0.5240598393013813,1.0,1.0,0.0562443130087785,0.7111565420560748,0.1325810507557715,0.625,0,goodware
0.5214625157333709,1.0,1.0,0.05627557981510557,0.7110332749562172,0.13258106936690456,0.625,0,goodware
0.5202756447051258,0.43549846165073874,0.1,0.0002916472235022085,0.8333333333333334,5.990163420843686e-10,0.625,0,goodware
0.5202756447051258,0.42072750030075,0.1,0.0002915111940622676,0.84375,0.0363074564437181,0.625,0,goodware
0.5240587010923252,1.0,1.0,0.056255676660629514,0.7109101516919487,0.06990898990749983,0.625,0,goodware
0.5239841851818985,1.0,1.0,0.056286881522147114,0.7107871720116619,0.08707179091475922,0.625,0,goodware
0.5202756447051258,0.40801361441113376,0.1,0.00029110386587550175,0.8529411764705882,0.033046509818282166,0.625,0,goodware
0.518986929252207,1.0,1.0,0.056292517006802725,0.7106643356643356,0.07227691965651092,0.625,0,goodware
0.5181462674192828,1.0,1.0,0.056323662747118274,0.7105416423995341,0.08879127762626722,0.625,0,goodware
0.5199243370079119,1.0,1.0,0.05635478024771999,0.7104190919674039,0.1007831449133972,0.625,0,goodware
0.5233147018918813,1.0,1.0,0.05638586956217313,0.7102966841186736,0.10949102713230344,0.625,0,goodware
0.5184306794881081,1.0,1.0,0.056416930743979556,0.7101744186046511,0.11581426902790655,0.625,0,goodware
0.5168366459029924,1.0,1.0,0.05644796380090498,0.7100522951772226,0.12040586260145361,0.625,0,goodware
0.5163794417270442,1.0,1.0,0.05647896880153706,0.7099303135888502,0.12374006720068328,0.625,0,goodware
0.520126830314758,1.0,1.0,0.05650994575349751,0.7098084735925712,0.12616117287356055,0.625,0,goodware
0.5182176456352197,1.0,1.0,0.056540894710013466,0.7096867749419953,0.12791925629244288,0.625,0,goodware
0.5180206267970967,1.0,1.0,0.05657181572424922,0.7095652173913043,0.12919591141892245,0.625,0,goodware
0.517808248470777,1.0,1.0,0.056602708803611734,0.7094438006952491,0.130122928596801,0.625,0,goodware
0.5173000324041398,1.0,1.0,0.05663357401635999,0.7093225246091488,0.1307961061238858,0.625,0,goodware
0.517014618583703,1.0,1.0,0.05666441136975865,0.7092013888888888,0.1312849083522885,0.625,0,goodware
0.515351881110381,1.0,1.0,0.05669522091670036,0.7090803932909195,0.1316398515926826,0.625,0,goodware
0.5168235314348016,1.0,1.0,0.056726002710015565,0.7089595375722544,0.13189761842271824,0.625,0,goodware
0.517231414401236,1.0,1.0,0.05675675675675675,0.708838821490468,0.13208477038638589,0.625,0,goodware
0.5228873344648658,1.0,1.0,0.05678748312485763,0.7087182448036952,0.13222069581331514,0.625,0,goodware
0.5263901718333415,1.0,1.0,0.056818181821230086,0.7085978072706289,0.13231937270456937,0.625,0,goodware
0.5211297842793592,1.0,1.0,0.05684885289843594,0.7084775086505191,0.13239102682866827,0.625,0,goodware
0.5202756447051258,0.3969702816901816,0.1,0.00028841716660562157,0.8611111111111112,0.0001379865324002777,0.625,0,goodware
0.5189379293011427,1.0,1.0,0.05685393258426966,0.70835734870317,0.09617341032891359,0.625,0,goodware
0.5206449865160375,1.0,1.0,0.05688454628047777,0.7082373271889402,0.10614369330329909,0.625,0,goodware
0.5230428929242164,1.0,1.0,0.056915132468246435,0.7081174438687392,0.11338358388683907,0.625,0,goodware
0.5237148919772049,1.0,1.0,0.05694569119982564,0.7079976985040276,0.11864082306149999,0.625,0,goodware
0.5234862741228118,1.0,1.0,0.05697622252740431,0.7078780908568143,0.12245838529167215,0.625,0,goodware
0.5233961395908204,1.0,1.0,0.057006726457399105,0.7077586206896551,0.12523048086050345,0.625,0,goodware
0.5229482964568423,1.0,1.0,0.05703720305710358,0.7076392877656519,0.12724345950467192,0.625,0,goodware
0.521575066687691,1.0,1.0,0.057067652332797036,0.7075200918484501,0.1287051576275026,0.625,0,goodware
0.5232843743295194,1.0,1.0,0.05709807433640546,0.7074010327022375,0.12976656823090932,0.625,0,goodware
0.524153123312668,1.0,1.0,0.057128469119794315,0.7072821100917431,0.1305373353577284,0.625,0,goodware
0.5241146040465388,1.0,1.0,0.057158836689038026,0.707163323782235,0.1310970022239566,0.625,0,goodware
0.5247808091965981,1.0,1.0,0.05718917711111469,0.7070446735395188,0.1315034288312304,0.625,0,goodware
0.5272426015503,1.0,1.0,0.05721949039196293,0.7069261591299371,0.1317985300159409,0.625,0,goodware
0.525066406214605,1.0,1.0,0.05724977658318825,0.7068077803203661,0.13201281744070892,0.625,0,goodware
0.5285170228615459,1.0,1.0,0.057280035736336145,0.7066895368782161,0.13216844724511784,0.625,0,goodware
0.5239477826367305,1.0,1.0,0.05731026785714286,0.7065714285714286,0.13228143245997903,0.625,0,goodware
0.5257668266635389,1.0,1.0,0.057340473012274226,0.7064534551684751,0.1323635018050266,0.625,0,goodware
0.5264592188582755,1.0,1.0,0.05737065120733235,0.7063356164383562,0.13242307113002744,0.625,0,goodware
0.5263647241495732,1.0,1.0,0.057400802493605574,0.7062179121505989,0.1324663273347157,0.625,0,goodware
0.5276838763973223,1.0,1.0,0.0574309269223229,0.7061003420752565,0.13249776305564148,0.625,0,goodware
0.5236190730405751,1.0,1.0,0.05746102449888642,0.7059829059829059,0.13252056480043956,0.625,0,goodware
0.5249850924992967,1.0,1.0,0.057491095289652905,0.7058656036446469,0.13253714754365734,0.625,0,goodware
0.5272596666889467,1.0,1.0,0.057521139299891874,0.7057484348321001,0.13254916380630596,0.625,0,goodware
0.5274508595090933,1.0,1.0,0.05755115658057801,0.7056313993174061,0.1325578894031918,0.625,0,goodware
0.5269180645441123,1.0,1.0,0.057581147182627135,0.7055144968732234,0.13256425077110678,0.625,0,goodware
0.5277062818667092,1.0,1.0,0.05761111111111111,0.7053977272727272,0.13256884478731842,0.625,0,goodware
0.5274011591050886,1.0,1.0,0.05764104843208088,0.7052810902896082,0.1325722060136515,0.625,0,goodware
0.5248277184923228,1.0,1.0,0.05767095915047732,0.7051645856980704,0.13257462147859125,0.625,0,goodware
0.5263353145991283,1.0,1.0,0.05770084331696472,0.7050482132728304,0.13257637546599751,0.625,0,goodware
0.5273132253405379,1.0,1.0,0.057730700982149094,0.7049319727891157,0.13257767440934864,0.625,0,goodware
0.526590467706972,1.0,1.0,0.057760532150776055,0.7048158640226629,0.13257859234855812,0.625,0,goodware
0.5229480924737199,1.0,1.0,0.05779033688859372,0.704699886749717,0.13257928419666953,0.625,0,goodware
0.5248301422699647,1.0,1.0,0.05782011520021829,0.7045840407470289,0.1325797612939819,0.625,0,goodware
0.525889978345893,1.0,1.0,0.05784986713600698,0.7044683257918551,0.13258010773770942,0.625,0,goodware
0.5223029771743846,1.0,1.0,0.057879592746259215,0.7043527416619559,0.1325803845951685,0.625,0,goodware
0.5263426591074513,1.0,1.0,0.05790929203539823,0.7042372881355932,0.13258056034723134,0.625,0,goodware
0.5264444581004325,1.0,1.0,0.05793896506887244,0.7041219649915302,0.13258071325717463,0.625,0,goodware
0.521929504235448,1.0,1.0,0.057968611850977195,0.7040067720090293,0.1325807990048124,0.625,0,goodware
0.5252164153170518,1.0,1.0,0.05799823243176583,0.7038917089678511,0.13258086127037227,0.625,0,goodware
0.5253802741605511,1.0,1.0,0.0580278268612345,0.7037767756482525,0.13258093177224864,0.625,0,goodware
0.5240676296906904,1.0,1.0,0.05805739514348786,0.7036619718309859,0.13258095767931088,0.625,0,goodware
0.5245290798228858,1.0,1.0,0.058086937343677626,0.7035472972972974,0.1325810017795146,0.625,0,goodware
0.5241817787278304,1.0,1.0,0.058116453465782106,0.7034327518289252,0.13258100851501578,0.625,0,goodware
0.5178027748408642,1.0,1.0,0.05814594355955399,0.7033183352080989,0.1325810134059931,0.625,0,goodware
0.5185036934318832,1.0,1.0,0.05817540767468934,0.7032040472175379,0.13258104224539585,0.625,0,goodware
0.5179048900924028,1.0,1.0,0.05820484581497798,0.7030898876404494,0.13258103789927422,0.625,0,goodware
0.5183671136629133,1.0,1.0,0.05823425804527793,0.7029758562605277,0.13258106003117037,0.625,0,goodware
0.5195624920629294,1.0,1.0,0.05826364436925421,0.7028619528619529,0.1325810508143963,0.625,0,goodware
0.5224137888446103,1.0,1.0,0.05829300483636205,0.7027481772293886,0.1325810441216452,0.625,0,goodware
0.5220904242704657,1.0,1.0,0.0583223394960005,0.7026345291479821,0.1325810645495396,0.625,0,goodware
0.5217351146184448,1.0,1.0,0.058351648351648355,0.7025210084033613,0.1325810540954055,0.625,0,goodware
0.5219742792336001,1.0,1.0,0.05838093146787286,0.7024076147816349,0.13258107179197687,0.625,0,goodware
0.5230885034984258,1.0,1.0,0.05841018884802944,0.7022943480693901,0.13258105935449396,0.625,0,goodware
0.5223984105044546,1.0,1.0,0.058439420541278965,0.7021812080536913,0.13258105032302842,0.625,0,goodware
0.5228703290938482,1.0,1.0,0.058468626596726636,0.7020681945220794,0.13258106905266856,0.625,0,goodware
0.5223952876000696,1.0,1.0,0.058497807017543854,0.7019553072625698,0.132581057365348,0.625,0,goodware
0.5191885503928174,1.0,1.0,0.05852696186801003,0.7018425460636516,0.13258107416644274,0.625,0,goodware
0.5185192679814968,1.0,1.0,0.05855609115117459,0.7017299107142857,0.13258106107870993,0.625,0,goodware
0.5219924400125912,1.0,1.0,0.05858519491590718,0.701617401003904,0.1325810515750661,0.625,0,goodware
0.5221479054873649,1.0,1.0,0.058614273211022215,0.701505016722408,0.1325810699618346,0.625,0,goodware
0.5211015223803659,1.0,1.0,0.05864332603938731,0.7013927576601671,0.13258105802553805,0.625,0,goodware
0.5226177730714043,1.0,1.0,0.058672353464996885,0.7012806236080178,0.13258107464583915,0.625,0,goodware
0.5221207248519729,1.0,1.0,0.05870135549059805,0.7011686143572621,0.13258106142682313,0.625,0,goodware
0.5236436709110218,1.0,1.0,0.058730332164772206,0.7010567296996664,0.13258105182784813,0.625,0,goodware
0.5200371474395984,1.0,1.0,0.058759283536046,0.7009449694274597,0.13258107014539208,0.625,0,goodware
0.5195542133854617,1.0,1.0,0.0587882096069869,0.7008333333333333,0.1325810581588281,0.625,0,goodware
0.5197455556280534,1.0,1.0,0.05881711044130713,0.7007218212104387,0.1325810747426276,0.625,0,goodware
0.5194468128948839,1.0,1.0,0.05884598604145506,0.7006104328523862,0.13258106149710597,0.625,0,goodware
0.5189112952951183,1.0,1.0,0.05887483645572681,0.7004991680532446,0.13258105187888397,0.625,0,goodware
0.5199747059651889,1.0,1.0,0.05890366173236431,0.7003880266075388,0.1325810701824517,0.625,0,goodware
0.5191126005517421,1.0,1.0,0.05893246187363834,0.7002770083102493,0.1325810581857389,0.625,0,goodware
0.521568650235167,1.0,1.0,0.05896123694298179,0.7001661129568106,0.13258107476216885,0.625,0,goodware
0.5208282193329735,1.0,1.0,0.058989986942547736,0.7000553403431101,0.13258106151129584,0.625,0,goodware
0.5219865796167192,1.0,1.0,0.059018711920350055,0.6999446902654867,0.1325810518891879,0.625,0,goodware
0.5204523395010077,1.0,1.0,0.05904741192434885,0.6998341625207296,0.1325810701899339,0.625,0,goodware
0.5194804158611033,1.0,1.0,0.05907608695652174,0.6997237569060774,0.13258105819117208,0.625,0,goodware
0.5230937381214268,1.0,1.0,0.05910473708002499,0.6996134732192159,0.13258107476611417,0.625,0,goodware
0.5231128164805651,1.0,1.0,0.059133362296719914,0.6995033112582781,0.13258106151416071,0.625,0,goodware
0.5218449866158996,1.0,1.0,0.059161962654341003,0.6993932708218422,0.13258105189126823,0.625,0,goodware
0.5179506635561184,1.0,1.0,0.0591905382005695,0.6992833517089305,0.13258107019144455,0.625,0,goodware
0.5189287836884213,1.0,1.0,0.05921908893709328,0.6991735537190082,0.132581058192269,0.625,0,goodware
0.5181136231505714,1.0,1.0,0.059247614926794714,0.6990638766519823,0.1325810747669107,0.625,0,goodware
0.5187496543935476,1.0,1.0,0.05927611617124675,0.6989543203082003,0.13258106151473914,0.625,0,goodware
0.5166783639917537,1.0,1.0,0.059304592717907424,0.6988448844884488,0.13258105189168826,0.625,0,goodware
0.5175812699082255,1.0,1.0,0.05933304461418194,0.6987355689939527,0.13258107019174953,0.625,0,goodware
0.5166672515512555,1.0,1.0,0.05936147186147186,0.6986263736263736,0.1325810581924905,0.625,0,goodware
0.5172894090731422,1.0,1.0,0.05938987452238835,0.6985172981878089,0.13258107476707154,0.625,0,goodware
0.5163936513423488,1.0,1.0,0.05941825259821938,0.6984083424807903,0.1325810615148559,0.625,0,goodware
0.5171561024844044,1.0,1.0,0.05944660613614934,0.6982995063082831,0.13258105189177305,0.625,0,goodware
0.5165557352554473,1.0,1.0,0.05947493518331025,0.6981907894736843,0.1325810701918111,0.625,0,goodware
0.5171590653967918,1.0,1.0,0.05950323974082074,0.698082191780822,0.1325810581925352,0.625,0,goodware
0.5178352773014732,1.0,1.0,0.059531519871023376,0.6979737130339541,0.13258107476710398,0.625,0,goodware
0.5184345765336436,1.0,1.0,0.0595597755749245,0.6978653530377668,0.1325810615148795,0.625,0,goodware
0.5155360229878565,1.0,1.0,0.05958800689943768,0.6977571115973742,0.13258105189179017,0.625,0,goodware
0.5164355777938505,1.0,1.0,0.05961621389142459,0.697648988518316,0.13258107019182352,0.625,0,goodware
0.5158792020666353,1.0,1.0,0.059644396551724134,0.6975409836065574,0.13258105819254423,0.625,0,goodware
0.5164890060598376,1.0,1.0,0.059672554942413004,0.6974330966684872,0.13258107476711056,0.625,0,goodware
0.5196993825194973,1.0,1.0,0.05970068906421916,0.697325327510917,0.13258106151488425,0.625,0,goodware
0.48742867983120014,0.23083398405421715,0.04,0.0001159017153197653,0.6666666666666667,0.0,0.625,0,goodware
0.5196979966154291,1.0,1.0,0.05970309811283749,0.6972176759410802,0.09627361418308314,0.625,0,goodware
0.5208635510763493,1.0,1.0,0.059731182795698924,0.6971101417666303,0.10621643598466313,0.625,0,goodware
0.5217630137537904,1.0,1.0,0.059759243345387604,0.6970027247956403,0.11343642754711517,0.625,0,goodware
0.5208047598939363,1.0,1.0,0.05978727976240963,0.6968954248366013,0.11867919543159733,0.625,0,goodware
0.5213836898254028,1.0,1.0,0.05981529209315698,0.6967882416984214,0.12248622599206156,0.625,0,goodware
0.48742867983120014,1.0,0.02,0.05,0.8,0.0,0.625,0,goodware
0.5209957231387392,1.0,1.0,0.0598175965665236,0.6966811751904244,0.0909506836868844,0.625,0,goodware
0.5230374736069073,1.0,1.0,0.059845559854741506,0.6965742251223491,0.10235121494727581,0.625,0,goodware
0.5229702716163084,1.0,1.0,0.059873499145427736,0.6964673913043478,0.11062967959059619,0.625,0,goodware
0.5211371171791024,1.0,1.0,0.05990141448472319,0.6963606735469854,0.11664107826115855,0.625,0,goodware
0.5208119143549675,1.0,1.0,0.05992930591871819,0.6962540716612378,0.12100627236432995,0.625,0,goodware
0.5180023426339531,1.0,1.0,0.05995717344753747,0.6961475854584915,0.12417603053703985,0.625,0,goodware
0.5187607838602666,1.0,1.0,0.05998501713247103,0.6960412147505424,0.1264777713300207,0.625,0,goodware
0.5177467973364511,1.0,1.0,0.060012836973536196,0.6959349593495935,0.12814915393920062,0.625,0,goodware
0.5231900654186113,1.0,1.0,0.060040633016613595,0.6958288190682557,0.12936282671884247,0.625,0,goodware
0.49146990601502255,1.0,0.04,0.025,0.5,0.0020381101989183107,0.625,0,goodware
0.48910052513850955,0.9405706874705435,0.06,0.03409090835200855,0.5,0.03778742072912763,0.625,0,goodware
0.48409274457957596,0.7667580695807233,0.08,0.04166666708058782,0.5,0.06374675832487611,0.625,0,goodware
0.4894893002784838,0.6351799821609359,0.1,0.048076922636060324,0.5,0.08259709272620432,0.625,0,goodware
0.48153854525596523,0.5426197259707156,0.12,0.05357142720295462,0.5,0.09628524385592276,0.625,0,goodware
0.4860860292924629,0.4671251016876162,0.14,0.058333333333333334,0.5,0.10622490112054288,0.625,0,goodware
0.4860860292924629,0.4329190006674707,0.14,0.05468749918509276,0.5625,0.11344255286063451,0.625,0,goodware
0.5227817501375338,1.0,1.0,0.05988917306965815,0.6957227937195452,0.013865598880398988,0.625,0,goodware
0.5210157546088008,1.0,1.0,0.05991691521395085,0.6956168831168832,0.04637593959093278,0.625,0,goodware
0.5237288052325544,1.0,1.0,0.05994463372779133,0.6955110870740941,0.0699832903917265,0.625,0,goodware
0.5246939091607691,1.0,1.0,0.05997232865657663,0.6954054054054054,0.08712576075363669,0.625,0,goodware
0.5237420419386601,1.0,1.0,0.06,0.6952998379254457,0.09957373153237749,0.625,0,goodware
0.524266018714765,1.0,1.0,0.06002764781857404,0.6951943844492441,0.10861283355350633,0.625,0,goodware
0.5230346737697816,1.0,1.0,0.060055272111887395,0.6950890447922289,0.1151765475651347,0.625,0,goodware
0.49254161685691666,0.41269289037357837,0.16,0.041666666045784964,0.5555555555555556,0.01263488364429908,0.625,0,goodware
0.5237555529620246,1.0,1.0,0.06005734919894597,0.6949838187702265,0.08709634548314363,0.625,0,goodware
0.5248469573096888,1.0,1.0,0.06008492569002123,0.6948787061994609,0.09955237166366332,0.625,0,goodware
0.5240232490135754,1.0,1.0,0.06011247878671387,0.6947737068965517,0.10859732310363249,0.625,0,goodware
0.5245198736742831,1.0,1.0,0.06014000848840443,0.6946688206785137,0.11516528466775348,0.625,0,goodware
0.5231315681717634,1.0,1.0,0.06016751484004558,0.6945640473627557,0.11993460326920684,0.625,0,goodware
0.5227408324351926,1.0,1.0,0.06019499788654159,0.6944593867670791,0.12339786265119809,0.625,0,goodware
0.5234821717320549,1.0,1.0,0.06022245762711864,0.6943548387096774,0.125912681388428,0.625,0,goodware
0.522820759891314,1.0,1.0,0.06024989412179036,0.6942504030091349,0.12773883881780712,0.625,0,goodware
0.5230660385324584,1.0,1.0,0.06027730736968061,0.6941460794844254,0.12906487681127757,0.625,0,goodware
0.48547931920819754,0.39150720063794,0.18,0.033088234946080146,0.55,0.002553135903270151,0.625,0,goodware
0.5215966456533772,1.0,1.0,0.06027918782333828,0.6940418679549114,0.0944195565566086,0.625,0,goodware
0.4900177239972951,0.380405845542338,0.2,0.03472222199226603,0.5454545454545454,0.02771087147858492,0.625,0,goodware
0.5220122579959636,1.0,1.0,0.060281065097869055,0.6939377682403434,0.07615134096089934,0.625,0,goodware
0.5216752244910756,1.0,1.0,0.06030840726961949,0.6938337801608578,0.09160466777543017,0.625,0,goodware
0.5216378103275268,1.0,1.0,0.060335726348313946,0.6937299035369775,0.1028260853052605,0.625,0,goodware
0.5226149819116802,1.0,1.0,0.06036302237838399,0.6936261381896089,0.1109745273841827,0.625,0,goodware
0.4919629312729491,0.3491590914521999,0.22,0.033536585170835485,0.5416666666666667,0.01568955436185647,0.625,0,goodware
0.5226565292710958,1.0,1.0,0.06036482497747285,0.6935224839400429,0.08488065199152964,0.625,0,goodware
0.49556297017007744,0.3371782228653252,0.24,0.034883720833524104,0.5384615384615384,0.03463760567509068,0.625,0,goodware
0.47659623889477,0.31370858284871794,0.26,0.036931817881639836,0.5357142857142857,0.061459511172201095,0.625,0,goodware
0.5259552497833876,1.0,1.0,0.06034119629923609,0.6934189406099518,0.051644840133147185,0.625,0,goodware
0.5251417925572384,1.0,1.0,0.060368421052631585,0.6933155080213904,0.07380929715499138,0.625,0,goodware
0.5256339206833885,1.0,1.0,0.06039562290471345,0.6932121859967932,0.08990401219856455,0.625,0,goodware
0.5234918894472287,1.0,1.0,0.06042280185410306,0.6931089743589743,0.10159115598994317,0.625,0,goodware
0.5244923443455555,1.0,1.0,0.06044995794482498,0.6930058729311266,0.1100777635527177,0.625,0,goodware
0.5237799140270005,1.0,1.0,0.060477091220857024,0.6929028815368197,0.11624032716336492,0.625,0,goodware
0.5242664145559183,1.0,1.0,0.06050420168067226,0.6928000000000001,0.1207152442826502,0.625,0,goodware
0.5232171444088178,1.0,1.0,0.060531289383304356,0.6926972281449894,0.1239647244362824,0.625,0,goodware
0.5193294959567563,1.0,1.0,0.0605583543271281,0.6925945657964838,0.12632430749641627,0.625,0,goodware
0.5156294091548953,1.0,1.0,0.06058539655592852,0.6924920127795526,0.12803771633270516,0.625,0,goodware
0.5152590279283098,1.0,1.0,0.06061241611344427,0.6923895689196381,0.12928193107293479,0.625,0,goodware
0.51568462609619,1.0,1.0,0.06063941299790356,0.6922872340425532,0.1301853916809659,0.625,0,goodware
0.5218703524890377,1.0,1.0,0.06066638726810394,0.6921850079744817,0.13084146363749558,0.625,0,goodware
0.5225935567870215,1.0,1.0,0.06069333892217647,0.6920828905419767,0.13131784466460744,0.625,0,goodware
0.5217979469665548,1.0,1.0,0.060720268003668997,0.6919808815719597,0.13166376826233306,0.625,0,goodware
0.5224187648272973,1.0,1.0,0.0607471745560834,0.6918789808917197,0.13191498549134245,0.625,0,goodware
0.5195529652728502,1.0,1.0,0.06077405857740585,0.6917771883289124,0.13209738146558198,0.625,0,goodware
0.5201717908191402,1.0,1.0,0.06080092012619996,0.6916755037115588,0.13222985333737786,0.625,0,goodware
0.5194250053878792,1.0,1.0,0.060827759200355866,0.6915739268680445,0.13232602243134214,0.625,0,goodware
0.5201233048990102,1.0,1.0,0.06085457584318662,0.6914724576271186,0.13239585552099273,0.625,0,goodware
0.5198667566006944,1.0,1.0,0.06088137009795959,0.6913710958178931,0.1324465900101094,0.625,0,goodware
0.5204017863017804,1.0,1.0,0.06090814196242171,0.6912698412698413,0.13248340554553734,0.625,0,goodware
0.5196959097425458,1.0,1.0,0.06093489149490485,0.6911686938127974,0.13251016438340374,0.625,0,goodware
0.5204245300824646,1.0,1.0,0.06096161869306099,0.6910676532769556,0.13252957001196553,0.625,0,goodware
0.5222743311281981,1.0,1.0,0.060988323599970654,0.6909667194928685,0.13254366138938437,0.625,0,goodware
0.5237817891124344,1.0,1.0,0.06101500625866908,0.6908658922914467,0.13255391911139866,0.625,0,goodware
0.523916574107454,1.0,1.0,0.061041666666666675,0.6907651715039578,0.13256134246314238,0.625,0,goodware
0.48839950147762673,0.3092929521369706,0.28,0.02430555559579789,0.5333333333333333,1.4316558837668137e-05,0.625,0,goodware
0.5231792636656819,1.0,1.0,0.06104288093558571,0.6906645569620253,0.09626321647609372,0.625,0,goodware
0.5236723717207734,1.0,1.0,0.06106949645972533,0.6905640484976279,0.10620888570032103,0.625,0,goodware
0.5227759926365598,1.0,1.0,0.061096089856308836,0.690463645943098,0.11343094491478307,0.625,0,goodware
0.5263384865929035,1.0,1.0,0.061122661122661126,0.6903633491311216,0.1186752142237125,0.625,0,goodware
0.5217666441070552,1.0,1.0,0.06114921031665364,0.6902631578947369,0.12248335840385453,0.625,0,goodware
0.5226967406243019,1.0,1.0,0.06117573743551837,0.690163072067333,0.12524861506048393,0.625,0,goodware
0.49537710926579864,0.30789160871633514,0.3,0.023734177107746796,0.53125,0.0053244485259579255,0.625,0,goodware
0.5220762457552264,1.0,1.0,0.061176836867823034,0.6900630914826498,0.09240727057048724,0.625,0,goodware
0.5225468439972872,1.0,1.0,0.06120331950207469,0.6899632159747766,0.10340889450757902,0.625,0,goodware
0.5222407757378507,1.0,1.0,0.0612297801832839,0.6898634453781513,0.11139773377367612,0.625,0,goodware
0.5181732238582116,1.0,1.0,0.061256218908500124,0.6897637795275591,0.11719880002407165,0.625,0,goodware
0.5190233755371471,1.0,1.0,0.061282635720138645,0.6896642182581323,0.12141123837441352,0.625,0,goodware
0.517574543007336,1.0,1.0,0.06130903066057051,0.6895647614053487,0.12447011993366323,0.625,0,goodware
0.49588682301122716,0.2898909867230257,0.32,0.02325581388901607,0.5294117647058824,0.005889758270356882,0.625,0,goodware
0.49588682301122716,0.299079500310436,0.04,0.0003501400561393276,0.5,0.0,0.625,0,goodware
0.518909820513502,1.0,1.0,0.06128465039607186,0.6894654088050314,0.06680336518947803,0.625,0,goodware
0.5180785223186452,1.0,1.0,0.061311000824107176,0.6893661602933473,0.08481664468830945,0.625,0,goodware
0.5186558158827504,1.0,1.0,0.06133732948103512,0.6892670157068063,0.09789698792534238,0.625,0,goodware
0.5191412313631824,1.0,1.0,0.06136363636363636,0.6891679748822606,0.10739524717447921,0.625,0,goodware
0.5198630337633056,1.0,1.0,0.06138992152910151,0.6890690376569037,0.11429242025545239,0.625,0,goodware
0.5195806155328256,1.0,1.0,0.06141618497412114,0.6889702038682697,0.11930077366507588,0.625,0,goodware
0.5174632483410195,1.0,1.0,0.061442426740683245,0.688871473354232,0.12293758439333202,0.625,0,goodware
0.51675630450001,1.0,1.0,0.06146864687073237,0.6887728459530026,0.12557847475238332,0.625,0,goodware
0.5162075210084177,1.0,1.0,0.061494845360824744,0.6886743215031315,0.1274961306451273,0.625,0,goodware
0.5158934710890354,1.0,1.0,0.06152102226793142,0.6885758998435054,0.12888865910240083,0.625,0,goodware
0.5179834490176314,1.0,1.0,0.061547177588519575,0.6884775808133472,0.12989981764004216,0.625,0,goodware
0.5183484922566889,1.0,1.0,0.06157331136435745,0.6883793642522147,0.1306340693824603,0.625,0,goodware
0.5199880640124289,1.0,1.0,0.06159942363717021,0.68828125,0.1311672705556778,0.625,0,goodware
0.52172966750043,1.0,1.0,0.061625514403292184,0.6881832378969287,0.13155442902646747,0.625,0,goodware
0.5226664705684251,1.0,1.0,0.06165158371947689,0.6880853277835588,0.13183558890141805,0.625,0,goodware
0.5218208817572418,1.0,1.0,0.061677631581970614,0.6879875195007801,0.1320397277126601,0.625,0,goodware
0.5222904334255404,1.0,1.0,0.06170365803232403,0.6878898128898129,0.13218796290256343,0.625,0,goodware
0.522269152201228,1.0,1.0,0.06172966311204499,0.6877922077922078,0.13229562896814612,0.625,0,goodware
0.5221770092233796,1.0,1.0,0.061755646817248454,0.6876947040498442,0.13237378533864338,0.625,0,goodware
0.5199317312574896,1.0,1.0,0.06178160920447242,0.6875973015049299,0.13243056376661433,0.625,0,goodware
0.5208783815275608,1.0,1.0,0.061807550269744785,0.6875,0.13247176810514336,0.625,0,goodware
0.5196343710411493,1.0,1.0,0.06183347005440069,0.687402799377916,0.1325016885936067,0.625,0,goodware
0.5204510366952491,1.0,1.0,0.06185936859973286,0.6873056994818653,0.13252344060267343,0.625,0,goodware
0.5193188748518706,1.0,1.0,0.06188524590163934,0.68720870015536,0.13253921052506867,0.625,0,goodware
0.5195174030569919,1.0,1.0,0.06191110201644454,0.687111801242236,0.1325506871201918,0.625,0,goodware
0.5205644755352747,1.0,1.0,0.06193693693996046,0.6870150025866528,0.13255899555601874,0.625,0,goodware
0.5193424584259547,1.0,1.0,0.061962750713308826,0.6869183040330921,0.1325650287182338,0.625,0,goodware
0.5200921644400406,1.0,1.0,0.06198854337756924,0.6868217054263566,0.13256943497844317,0.625,0,goodware
0.5194259161277788,1.0,1.0,0.062014314928425365,0.6867252066115703,0.13257260929419654,0.625,0,goodware
0.52044200001469,1.0,1.0,0.062040065421989886,0.6866288074341765,0.13257493960700892,0.625,0,goodware
0.519098600502439,1.0,1.0,0.06206579485386139,0.686532507739938,0.13257660647462405,0.625,0,goodware
0.5199008044420684,1.0,1.0,0.06209150326495021,0.6864363073749356,0.13257781686884534,0.625,0,goodware
0.5212622582072148,1.0,1.0,0.0621171906961249,0.686340206185567,0.13257872108275842,0.625,0,goodware
0.5222864720478525,1.0,1.0,0.062142857142857146,0.6862442040185471,0.13257935238938878,0.625,0,goodware
0.5210022735185385,1.0,1.0,0.062168502661049854,0.6861483007209063,0.13257983609965002,0.625,0,goodware
0.5217751982987805,1.0,1.0,0.062194127246090594,0.6860524961399896,0.13258016205776918,0.625,0,goodware
0.5242353164562235,1.0,1.0,0.062219730938680315,0.6859567901234568,0.13258039875192545,0.625,0,goodware
0.5229792084760548,1.0,1.0,0.06224531377947858,0.6858611825192802,0.1325805959148854,0.625,0,goodware
0.5237327656555884,1.0,1.0,0.06227087576374746,0.6857656731757451,0.1325807137968286,0.625,0,goodware
0.5215960965709511,1.0,1.0,0.06229641694718198,0.6856702619414483,0.13258082468446464,0.625,0,goodware
0.5211278403605467,1.0,1.0,0.06232193732496107,0.6855749486652978,0.13258087991762557,0.625,0,goodware
0.5210369639762773,1.0,1.0,0.06234743693757836,0.685479733196511,0.13258092002512917,0.625,0,goodware
0.5204923305122247,1.0,1.0,0.06237291582548632,0.6853846153846154,0.13258097443696365,0.625,0,goodware
0.5214382293222006,1.0,1.0,0.06239837398373984,0.6852895950794464,0.13258098866025025,0.625,0,goodware
0.5202093228977821,1.0,1.0,0.06242381146782792,0.6851946721311475,0.13258102427629645,0.625,0,goodware
0.5209669640083298,1.0,1.0,0.0624492282727232,0.685099846390169,0.13258102485103102,0.625,0,goodware
0.5220065061198172,1.0,1.0,0.06247462443871395,0.6850051177072671,0.13258102526837395,0.625,0,goodware
0.5229707859652485,1.0,1.0,0.06250000000604755,0.6849104859335038,0.13258105085925326,0.625,0,goodware
0.5220093459417117,1.0,1.0,0.06252535496957404,0.6848159509202454,0.13258104415421804,0.625,0,goodware
0.5226830777345473,1.0,1.0,0.06255068938457821,0.6847215125191619,0.13258106457319233,0.625,0,goodware
0.5201541513406641,1.0,1.0,0.06257600324582879,0.6846271705822268,0.13258105411258092,0.625,0,goodware
0.5209900973886145,1.0,1.0,0.0626012965934106,0.6845329249617151,0.13258104651661856,0.625,0,goodware
0.5200923801561044,1.0,1.0,0.0626265694673679,0.6844387755102042,0.1325810662886474,0.625,0,goodware
0.5207212271510893,1.0,1.0,0.06265182186234818,0.6843447220805712,0.13258105535825687,0.625,0,goodware
0.5211876415713563,1.0,1.0,0.06267705383343386,0.6842507645259939,0.13258107270899527,0.625,0,goodware
0.5220620150056209,1.0,1.0,0.06270226537519202,0.684156902699949,0.13258106002038594,0.625,0,goodware
0.5211670290000133,1.0,1.0,0.06272745652750598,0.6840631364562118,0.13258105080656518,0.625,0,goodware
0.521805406886702,1.0,1.0,0.06275262733021883,0.683969465648855,0.1325810694037884,0.625,0,goodware
0.5218711902985945,1.0,1.0,0.06277777777777778,0.6838758901322481,0.1325810576203133,0.625,0,goodware
0.5220112673560914,1.0,1.0,0.06280290792506464,0.6837824097610574,0.13258107435158556,0.625,0,goodware
0.5220642006600305,1.0,1.0,0.06282801776644718,0.6836890243902439,0.13258106121315122,0.625,0,goodware
0.5228192360978103,1.0,1.0,0.0628531073416091,0.6835957338750636,0.13258105167269046,0.625,0,goodware
0.5228871790545772,1.0,1.0,0.06287817669019416,0.683502538071066,0.13258107003272449,0.625,0,goodware
0.5220711998054027,1.0,1.0,0.06290322580645161,0.6834094368340944,0.13258105807701465,0.625,0,goodware
0.5226184802324365,1.0,1.0,0.06292825474506444,0.683316430020284,0.13258107468321884,0.625,0,goodware
0.519399247860172,1.0,1.0,0.0629532635002033,0.6832235174860619,0.13258106145396636,0.625,0,goodware
0.5201686149283765,1.0,1.0,0.06297825211135417,0.6831306990881458,0.13258105184755817,0.625,0,goodware
0.5195268521264549,1.0,1.0,0.06300322061796342,0.6830379746835443,0.1325810701597045,0.625,0,goodware
0.5199699926716975,1.0,1.0,0.0630281690140845,0.6829453441295547,0.13258105816922103,0.625,0,goodware
0.5188082836022865,1.0,1.0,0.06305309735420336,0.6828528072837633,0.13258107475017442,0.625,0,goodware
0.5195200429420846,1.0,1.0,0.06307800563229574,0.6827603640040445,0.1325810615025861,0.625,0,goodware
0.5188690223624719,1.0,1.0,0.06310289388765175,0.6826680141485599,0.13258105188286334,0.625,0,goodware
0.5193337651130904,1.0,1.0,0.06312776215952223,0.6825757575757576,0.13258107018534132,0.625,0,goodware
0.5216057975803291,1.0,1.0,0.06315261044176707,0.6824835941443715,0.1325810581878372,0.625,0,goodware
0.5223003233379166,1.0,1.0,0.06317743878867685,0.6823915237134208,0.13258107476369255,0.625,0,goodware
0.5214632650196908,1.0,1.0,0.06320224719403464,0.6822995461422088,0.13258106151240226,0.625,0,goodware
0.5218819858717069,1.0,1.0,0.06322703569693652,0.6822076612903225,0.13258105188999134,0.625,0,goodware
0.5182394498310708,1.0,1.0,0.06325180433643962,0.6821158690176322,0.1325810701905173,0.625,0,goodware
0.5190201129523425,1.0,1.0,0.06327655310621243,0.6820241691842901,0.13258105819159574,0.625,0,goodware
0.5182746912072612,1.0,1.0,0.06330128206035188,0.6819325616507297,0.13258107476642178,0.625,0,goodware
0.518819470871296,1.0,1.0,0.06332599119245055,0.6818410462776661,0.1325810615143841,0.625,0,goodware
0.5211787957491749,1.0,1.0,0.06335068054141232,0.6817496229260935,0.13258105189143046,0.625,0,goodware
0.5219895424367877,1.0,1.0,0.06337535014610238,0.6816582914572864,0.13258107019156232,0.625,0,goodware
0.5213654201119626,1.0,1.0,0.0634,0.6815670517327976,0.13258105819235455,0.625,0,goodware
0.5217955328539128,1.0,1.0,0.06342463015701016,0.6814759036144578,0.1325810747669728,0.625,0,goodware
0.5191644391573589,1.0,1.0,0.06344924061053706,0.6813848469643753,0.13258106151478424,0.625,0,goodware
0.5198634927314117,1.0,1.0,0.06347383139929418,0.6812938816449348,0.13258105189172098,0.625,0,goodware
0.5193304363089322,1.0,1.0,0.06349840256195655,0.6812030075187969,0.1325810701917733,0.625,0,goodware
0.519740825798797,1.0,1.0,0.06352295409181637,0.6811122244488979,0.13258105819250776,0.625,0,goodware
0.5212835129012807,1.0,1.0,0.06354748604258834,0.6810215322984476,0.13258107476708408,0.625,0,goodware
0.5220303387275337,1.0,1.0,0.06357199840749037,0.6809309309309309,0.132581061514865,0.625,0,goodware
0.5214127374710275,1.0,1.0,0.06359649122504733,0.680840420210105,0.13258105189177966,0.625,0,goodware
0.5218470429777712,1.0,1.0,0.06362096453374588,0.68075,0.13258107019181592,0.625,0,goodware
0.5207910199818705,1.0,1.0,0.06364541832669322,0.6806596701649175,0.13258105819253868,0.625,0,goodware
0.5215359996458419,1.0,1.0,0.06366985265741541,0.6805694305694305,0.1325810747671065,0.625,0,goodware
0.5209361249716211,1.0,1.0,0.06369426751894623,0.6804792810783824,0.13258106151488133,0.625,0,goodware
0.5213566651982317,1.0,1.0,0.06371866294962361,0.6803892215568863,0.1325810518917915,0.625,0,goodware
0.5202076478919204,1.0,1.0,0.06374303898774762,0.6802992518703241,0.1325810701918245,0.625,0,goodware
0.5210160452418453,1.0,1.0,0.06376739562624253,0.6802093718843469,0.13258105819254493,0.625,0,goodware
0.5202611987649941,1.0,1.0,0.06379173291844742,0.680119581464873,0.13258107476711106,0.625,0,goodware
0.5207355144425032,1.0,1.0,0.06381605085721394,0.6800298804780877,0.13258106151488463,0.625,0,goodware
0.5201594125284175,1.0,1.0,0.06384034948069485,0.679940268790443,0.1325810518917939,0.625,0,goodware
0.5208955209069819,1.0,1.0,0.06386462882700536,0.6798507462686567,0.13258107019182624,0.625,0,goodware
0.5201707289968641,1.0,1.0,0.06388888888888888,0.6797613127797115,0.1325810581925462,0.625,0,goodware
0.5206791383908347,1.0,1.0,0.06391312971949906,0.6796719681908548,0.13258107476711198,0.625,0,goodware
0.5204743187226017,1.0,1.0,0.0639373513115075,0.6795827123695977,0.1325810615148853,0.625,0,goodware
0.5200843862368495,1.0,1.0,0.06396155370288355,0.6794935451837141,0.1325810518917944,0.625,0,goodware
0.5208052637065441,1.0,1.0,0.06398573693155919,0.6794044665012406,0.13258107019182658,0.625,0,goodware
0.5201583232764171,1.0,1.0,0.06400990099009901,0.6793154761904762,0.13258105819254645,0.625,0,goodware
0.5204136846826432,1.0,1.0,0.06403404593147283,0.6792265741199801,0.13258107476711217,0.625,0,goodware
0.5207444288611649,1.0,1.0,0.06405817174817426,0.6791377601585729,0.1325810615148854,0.625,0,goodware
0.5220016338740654,1.0,1.0,0.06408227847799082,0.6790490341753344,0.13258105189179448,0.625,0,goodware
0.13373670235203394,0.21983150207117802,0.04,0.00010974539068784781,0.5,0.0,0.625,0,goodware
0.5218026705569369,1.0,1.0,0.0640810276679842,0.678960396039604,0.0962736091089006,0.625,0,goodware
0.5208319308776365,1.0,1.0,0.06410509680874191,0.6788718456209797,0.10621645255922926,0.625,0,goodware
0.5215052813665335,1.0,1.0,0.06412914692245056,0.6787833827893175,0.11343641794644004,0.625,0,goodware
0.5212516296421574,1.0,1.0,0.06415317804672419,0.6786950074147307,0.1186791884600769,0.625,0,goodware
0.517956439194375,1.0,1.0,0.06417719021914012,0.6786067193675889,0.1224862442920939,0.625,0,goodware
0.5173670814184701,1.0,1.0,0.06420118343195266,0.6785185185185185,0.12525071064529017,0.625,0,goodware
0.5214839318786535,1.0,1.0,0.06422515773776369,0.6784304047384008,0.12725814934509608,0.625,0,goodware
0.5226718003507479,1.0,1.0,0.06424911312875801,0.6783423778983719,0.12871582464016756,0.625,0,goodware
0.5218852974787259,1.0,1.0,0.06427304964237118,0.6782544378698225,0.12977431407129347,0.625,0,goodware
0.5223916934492289,1.0,1.0,0.06429696731600221,0.6781665845243963,0.13054295999290838,0.625,0,goodware
0.5216856831629184,1.0,1.0,0.06432086614173228,0.6780788177339901,0.13110108654706482,0.625,0,goodware
0.5188147382544142,1.0,1.0,0.06434474617198405,0.6779911373707533,0.1315063946588619,0.625,0,goodware
0.5197577823829654,1.0,1.0,0.06436860739877,0.6779035433070866,0.13180068364865538,0.625,0,goodware
0.5188644556209645,1.0,1.0,0.06439244985934874,0.677816035415642,0.13201438129891144,0.625,0,goodware
0.5192784559353242,1.0,1.0,0.06441627359094262,0.6777286135693215,0.1321695828393757,0.625,0,goodware
0.520850242942625,1.0,1.0,0.06444007858546169,0.6776412776412777,0.13228225707059293,0.625,0,goodware
0.5199378415884898,1.0,1.0,0.06446386489515085,0.6775540275049117,0.13236410059529835,0.625,0,goodware
0.5202058746218794,1.0,1.0,0.06448763251185219,0.6774668630338734,0.1324235059409735,0.625,0,goodware
0.524791235341542,1.0,1.0,0.064511381472649,0.6773797841020608,0.13246664307224143,0.625,0,goodware
0.5237618963527395,1.0,1.0,0.06453511181458861,0.6772927905836195,0.13249799232816797,0.625,0,goodware
0.52451746946786,1.0,1.0,0.06455882352941177,0.6772058823529412,0.1325207312864512,0.625,0,goodware
0.5231654694730388,1.0,1.0,0.06458251666918718,0.6771190592846643,0.13253726843732822,0.625,0,goodware
0.5206877145313538,1.0,1.0,0.06460619122558843,0.6770323212536729,0.13254925159312198,0.625,0,goodware
0.5201164892711083,1.0,1.0,0.06462984723552508,0.6769456681350954,0.13255795314949886,0.625,0,goodware
0.5200614044725416,1.0,1.0,0.06465348473587103,0.6768590998043054,0.13256429706043155,0.625,0,goodware
0.520505426655285,1.0,1.0,0.06467710371819961,0.6767726161369193,0.1325688784002645,0.625,0,goodware
0.522697887004614,1.0,1.0,0.06470070423440484,0.6766862170087977,0.13257223042166272,0.625,0,goodware
0.5230953865982075,1.0,1.0,0.06472428627599364,0.6765999022960429,0.13257463920244372,0.625,0,goodware
0.5223283332270394,1.0,1.0,0.06474784987970346,0.676513671875,0.13257638833615495,0.625,0,goodware
0.11139162410701621,0.7851821787720616,0.04,0.00027563395813986563,0.75,0.0,0.625,0,goodware
0.521190381586528,1.0,1.0,0.06474609375,0.6764275256222547,0.09627115005124899,0.625,0,goodware
0.5228077470773076,1.0,1.0,0.06476962125074713,0.6763414634146341,0.10621466691667909,0.625,0,goodware
0.5216161282686059,1.0,1.0,0.06479313036991566,0.6762554851292053,0.1134351213039206,0.625,0,goodware
0.5226978634973813,1.0,1.0,0.06481662114407852,0.6761695906432749,0.11867824690443181,0.625,0,goodware
0.5248776144971171,1.0,1.0,0.06484009360977343,0.6760837798343887,0.12248556058229063,0.625,0,goodware
0.5243800037756413,1.0,1.0,0.0648635477582846,0.6759980525803311,0.12525021417011276,0.625,0,goodware
0.5238316464438285,1.0,1.0,0.06488698364115565,0.6759124087591241,0.12725778883008282,0.625,0,goodware
0.5235813983900347,1.0,1.0,0.06491040124960573,0.6758268482490273,0.1287155628525578,0.625,0,goodware
0.5244569812966579,1.0,1.0,0.06493380062003866,0.6757413709285367,0.12977412397448723,0.625,0,goodware
0.5234376011659697,1.0,1.0,0.06495718178882329,0.6756559766763848,0.13054282195427974,0.625,0,goodware
0.5237893028510269,1.0,1.0,0.06498054474708172,0.6755706653715396,0.13110098631045522,0.625,0,goodware
0.5240804581920416,1.0,1.0,0.06500388954618716,0.675485436893204,0.13150632187213607,0.625,0,goodware
0.5232989909931601,1.0,1.0,0.06502721617719745,0.6754002911208151,0.1318006307946485,0.625,0,goodware
0.5241131123030519,1.0,1.0,0.06505052467634877,0.6753152279340446,0.1320143429190282,0.625,0,goodware
0.5232069722957772,1.0,1.0,0.06507381507984258,0.6752302472127969,0.13216955496985722,0.625,0,goodware
0.5235080434517007,1.0,1.0,0.06509708737864077,0.6751453488372092,0.13228223683317047,0.625,0,goodware
0.5241354382713361,1.0,1.0,0.06512034162394753,0.6750605326876513,0.13236408589991183,0.625,0,goodware
0.5250627211591903,1.0,1.0,0.06514357780666112,0.6749757986447241,0.13242349526993355,0.625,0,goodware
0.5241566986419008,1.0,1.0,0.06516679596285163,0.6748911465892597,0.13246663532347663,0.625,0,goodware
0.5244616304740278,1.0,1.0,0.06518999612855467,0.674806576402321,0.13249798670140925,0.625,0,goodware
0.5273895856325271,1.0,1.0,0.06521317829457365,0.6747220879652005,0.13252072720058608,0.625,0,goodware
0.5282437230872563,1.0,1.0,0.06523634251194511,0.6746376811594204,0.13253726547038086,0.625,0,goodware
0.5271647895624946,1.0,1.0,0.06525948877140958,0.674553355866731,0.1325492494386762,0.625,0,goodware
0.5276376450774312,1.0,1.0,0.06528261710887251,0.674469111969112,0.1325579515850502,0.625,0,goodware
0.5258615742079705,1.0,1.0,0.06530572756020515,0.6743849493487699,0.13256429592440855,0.625,0,goodware
0.5251827014164785,1.0,1.0,0.06532882011605415,0.6743008678881388,0.13256887757534255,0.625,0,goodware
0.5233273728181803,1.0,1.0,0.0653518948272899,0.6742168674698795,0.13257222982264635,0.625,0,goodware
0.5244065170067949,1.0,1.0,0.06537495168449683,0.6741329479768786,0.1325746387674686,0.625,0,goodware
0.5214907396013493,1.0,1.0,0.06539799072341729,0.6740491092922485,0.13257638802029822,0.625,0,goodware
0.5242938616004572,1.0,1.0,0.0654210119797596,0.6739653512993262,0.13257768352564306,0.625,0,goodware
0.5252231796531988,1.0,1.0,0.06544401544401544,0.6738816738816739,0.132578598968346,0.625,0,goodware
0.5245406864506925,1.0,1.0,0.06546700116689033,0.6737980769230769,0.1325792890036227,0.625,0,goodware
0.524892692243832,1.0,1.0,0.06548996913881443,0.6737145603075445,0.13257976478454606,0.625,0,goodware
0.5237757287678346,1.0,1.0,0.0655129193953684,0.6736311239193083,0.132580110272379,0.625,0,goodware
0.5247345106558043,1.0,1.0,0.06553585197209906,0.6735477676428229,0.1325803864357166,0.625,0,goodware
0.5239562187543181,1.0,1.0,0.06555876685934489,0.6734644913627639,0.1325805616837435,0.625,0,goodware
0.5244434478151669,1.0,1.0,0.06558166410764785,0.6733812949640288,0.13258071422768172,0.625,0,goodware
0.5235433848123708,1.0,1.0,0.06560454370728559,0.6732981783317353,0.13258079970954514,0.625,0,goodware
0.5219698168078867,1.0,1.0,0.06562740569367845,0.6732151413512218,0.13258086178211323,0.625,0,goodware
0.5228519962309169,1.0,1.0,0.06565025010221325,0.673132183908046,0.1325809321438489,0.625,0,goodware
0.522194382276898,1.0,1.0,0.06567307692307692,0.6730493058879847,0.132580957949148,0.625,0,goodware
0.5227880086186155,1.0,1.0,0.06569588620664925,0.6729665071770334,0.13258100197545658,0.625,0,goodware
0.5226740308647945,1.0,1.0,0.065718677943057,0.672883787661406,0.13258100865729885,0.625,0,goodware
0.5220281105102813,1.0,1.0,0.06574145216756166,0.6728011472275335,0.1325810135093118,0.625,0,goodware
0.5229290653337795,1.0,1.0,0.06576420891539148,0.672718585762064,0.13258104232042064,0.625,0,goodware
0.5220452631107269,1.0,1.0,0.0657869481765835,0.6726361031518624,0.1325810379537534,0.625,0,goodware
0.52257185284127,1.0,1.0,0.06580967000135662,0.6725536992840095,0.1325810600707304,0.625,0,goodware
0.523820525029,1.0,1.0,0.06583237437968846,0.6724713740458015,0.13258105084312277,0.625,0,goodware
0.5219723383864149,1.0,1.0,0.06585506134668308,0.6723891273247496,0.13258104414250488,0.625,0,goodware
0.5238530116466555,1.0,1.0,0.06587773093741145,0.6723069590085796,0.13258106456468682,0.625,0,goodware
0.5249567646999406,1.0,1.0,0.06590038314176246,0.672224868985231,0.13258105410640467,0.625,0,goodware
0.523997067738367,1.0,1.0,0.06592301800979544,0.6721428571428572,0.1325810717999639,0.625,0,goodware
0.5245221343683166,1.0,1.0,0.06594563553134047,0.6720609233698238,0.1325810593602937,0.625,0,goodware
0.5232085592492334,1.0,1.0,0.06596823574134557,0.6719790675547098,0.1325810503272399,0.625,0,goodware
0.5225529169492816,1.0,1.0,0.06599081867472587,0.6718972895863053,0.13258106905572672,0.625,0,goodware
0.5238336790955906,1.0,1.0,0.06601338432122371,0.6718155893536122,0.1325810573675687,0.625,0,goodware
0.5224679828184655,1.0,1.0,0.06603593273074018,0.6717339667458433,0.13258107416805529,0.625,0,goodware
0.5227478721364318,1.0,1.0,0.06605846389295941,0.6716524216524217,0.1325810610798809,0.625,0,goodware
0.13373670235203394,0.2113352654231165,0.04,0.00010561892689042542,0.6666666666666667,2.1392609905745985e-14,0.625,0,goodware
0.5208625504261121,1.0,1.0,0.06605574647413094,0.6715709539629806,0.09627361395370916,0.625,0,goodware
0.5216402409900355,1.0,1.0,0.06607824427480916,0.6714895635673624,0.10621643581810343,0.625,0,goodware
0.5224607362398502,1.0,1.0,0.06610072492317416,0.6714082503556188,0.113436427426168,0.625,0,goodware
0.5230529372016832,1.0,1.0,0.0661231884088034,0.6713270142180094,0.11867919534377167,0.625,0,goodware
0.5220472299241227,1.0,1.0,0.06614563476634192,0.6712458550450024,0.12248622592828703,0.625,0,goodware
0.5225411739333383,1.0,1.0,0.06616806403040232,0.6711647727272727,0.1252507212001074,0.625,0,goodware
0.5243946522066937,1.0,1.0,0.06619047619047619,0.6710837671557028,0.12725813273690248,0.625,0,goodware
0.527349524834961,1.0,1.0,0.06621287129614607,0.6710028382213813,0.12871583713073992,0.625,0,goodware
0.5238450255215737,1.0,1.0,0.06623524933684653,0.6709219858156028,0.1297743231413099,0.625,0,goodware
0.5239795521210743,1.0,1.0,0.06625761034707058,0.6708412098298677,0.1305429416800003,0.625,0,goodware
0.524930139901409,1.0,1.0,0.06627995436127895,0.6707605101558809,0.13110109825471292,0.625,0,goodware
0.5234912560485331,1.0,1.0,0.0663022813688213,0.6706798866855523,0.13150637807750687,0.625,0,goodware
0.5237392602838126,1.0,1.0,0.06632459141912563,0.6705993393109957,0.13180069674710676,0.625,0,goodware
0.5251064432714475,1.0,1.0,0.06634688450148525,0.6705188679245283,0.13201439081033856,0.625,0,goodware
0.522254535714043,1.0,1.0,0.06636916065024237,0.6704384724186705,0.13216956453674392,0.625,0,goodware
0.5219928894598618,1.0,1.0,0.06639141989970727,0.6703581526861451,0.1322822690109936,0.625,0,goodware
0.5232928602517625,1.0,1.0,0.06641366223908919,0.6702779086198776,0.13236408401936192,0.625,0,goodware
0.5222152063775496,1.0,1.0,0.06643588771766287,0.6701977401129944,0.13242351916215353,0.625,0,goodware
0.5229008941367584,1.0,1.0,0.06645809632458188,0.6701176470588235,0.13246665267278784,0.625,0,goodware
0.5224659036783438,1.0,1.0,0.06648028809403903,0.6700376293508936,0.13249797402761096,0.625,0,goodware
0.5226352850506506,1.0,1.0,0.0665024630601953,0.6699576868829338,0.13252074327384378,0.625,0,goodware
0.5228829099715157,1.0,1.0,0.06652462121212122,0.6698778195488722,0.1325372518624858,0.625,0,goodware
0.5239653888652581,1.0,1.0,0.06654676259893941,0.669798027242837,0.13254926483908053,0.625,0,goodware
0.5211176722700895,1.0,1.0,0.06656888720966526,0.6697183098591549,0.13255796276803816,0.625,0,goodware
0.5226658143806897,1.0,1.0,0.06659099507834346,0.669638667292351,0.13256427876029342,0.625,0,goodware
0.5231851918937263,1.0,1.0,0.06661308623898707,0.6695590994371482,0.1325688903971446,0.625,0,goodware
0.5249156891495004,1.0,1.0,0.0666351606805293,0.6694796061884669,0.13257221384704115,0.625,0,goodware
0.5240647315978212,1.0,1.0,0.06665721845194197,0.6694001874414246,0.13257465245340494,0.625,0,goodware
0.5241222291714338,1.0,1.0,0.06667925954210381,0.6693208430913349,0.13257639795832693,0.625,0,goodware
0.5255682752458302,1.0,1.0,0.06670128398491261,0.6692415730337078,0.13257766545494856,0.625,0,goodware
0.526547552297991,1.0,1.0,0.06672329181423484,0.669162377164249,0.13257861113369046,0.625,0,goodware
0.5255550401661423,1.0,1.0,0.06674528301886792,0.6690832553788588,0.13257927254998503,0.625,0,goodware
0.5260967582460622,1.0,1.0,0.06676725764763404,0.6690042075736325,0.13257977812433724,0.625,0,goodware
0.5259270053212484,1.0,1.0,0.06678921568927673,0.6689252336448599,0.13258011995905483,0.625,0,goodware
0.522201156343795,1.0,1.0,0.06681115717754824,0.6688463334890238,0.1325803681819869,0.625,0,goodware
0.5234032145735699,1.0,1.0,0.06683308214616965,0.6687675070028012,0.13258057371655144,0.625,0,goodware
0.5227922254923723,1.0,1.0,0.06685499058380415,0.668688754083061,0.13258069767753095,0.625,0,goodware
0.519806180620133,1.0,1.0,0.0668768825391254,0.6686100746268657,0.13258081297945085,0.625,0,goodware
0.5206089919090767,1.0,1.0,0.0668987580007433,0.6685314685314685,0.13258087141804176,0.625,0,goodware
0.5198096682251401,1.0,1.0,0.06692061700226579,0.668452935694315,0.132580913853165,0.625,0,goodware
0.5203757078615817,1.0,1.0,0.06694245957726977,0.6683744760130415,0.13258096995519733,0.625,0,goodware
0.5223730491096154,1.0,1.0,0.06696428571428571,0.6682960893854748,0.1325809854058202,0.625,0,goodware
0.5213419916085555,1.0,1.0,0.06698609546183995,0.6682177757096324,0.13258102191309493,0.625,0,goodware
0.5225945390579448,1.0,1.0,0.0670078888084102,0.6681395348837209,0.13258102313499462,0.625,0,goodware
0.5214619156368355,1.0,1.0,0.0670296657874613,0.6680613668061367,0.13258102402227587,0.625,0,goodware
0.5221239318778799,1.0,1.0,0.0670514264324273,0.6679832713754648,0.13258104995440023,0.625,0,goodware
0.5212540499033794,1.0,1.0,0.06707317073170732,0.6679052484904784,0.1325810434971599,0.625,0,goodware
0.5209836462072776,1.0,1.0,0.06709489873368155,0.6678272980501393,0.13258106409607015,0.625,0,goodware
0.5219617149286436,1.0,1.0,0.067116610426697,0.6677494199535963,0.13258105376611912,0.625,0,goodware
0.5209846024065261,1.0,1.0,0.06713830584407664,0.6676716141001855,0.13258104626503572,0.625,0,goodware
0.5216650311744058,1.0,1.0,0.06715998501911284,0.6675938803894297,0.13258106610596074,0.625,0,goodware
0.5246351306912581,1.0,1.0,0.0671816479400749,0.667516218721038,0.13258105522559913,0.625,0,goodware
0.5262424541211986,1.0,1.0,0.06720329465519796,0.667438628994905,0.132581072612666,0.625,0,goodware
0.5274126299258131,1.0,1.0,0.06722492515269979,0.6673611111111111,0.1325810599504365,0.625,0,goodware
0.5263464437239701,1.0,1.0,0.06724653946576266,0.6672836649699213,0.13258105075577148,0.625,0,goodware
0.5269018170786242,1.0,1.0,0.0672681376275385,0.6672062904717854,0.13258106936690456,0.625,0,goodware
0.5249310189333434,1.0,1.0,0.06728971962616823,0.667128987517337,0.13258105759353017,0.625,0,goodware
0.5274490967690698,1.0,1.0,0.06731128550974305,0.6670517560073936,0.132581074332137,0.625,0,goodware
0.5257212495951584,1.0,1.0,0.06733283526635289,0.666974595842956,0.13258106119902865,0.625,0,goodware
0.5265789937043469,1.0,1.0,0.06735436892904059,0.6668975069252078,0.13258105166243542,0.625,0,goodware
0.5255042390897577,1.0,1.0,0.06737588653081884,0.6668204891555145,0.13258107002527778,0.625,0,goodware
0.5261401231786436,1.0,1.0,0.0673973880597015,0.6667435424354243,0.1325810580716072,0.625,0,goodware
0.5244590756252233,1.0,1.0,0.06741887356363703,0.6666666666666667,0.13258107467929223,0.625,0,goodware
0.5255368242268084,1.0,1.0,0.06744034303058893,0.6665898617511521,0.13258106145111506,0.625,0,goodware
0.5266035042773571,1.0,1.0,0.06746179649346176,0.6665131275909719,0.13258105184548769,0.625,0,goodware
0.5251572198597594,1.0,1.0,0.06748323398513012,0.6664364640883977,0.13258107015820103,0.625,0,goodware
0.5258333319773895,1.0,1.0,0.06750465549348231,0.6663598711458812,0.13258105816812932,0.625,0,goodware
0.45272202121141825,0.5592863377248122,0.08,0.00018996960487182603,0.6666666666666667,0.0,0.625,0,goodware
0.5207059187977304,1.0,1.0,0.06750093040865156,0.6662833486660533,0.09627361241836453,0.625,0,goodware
0.5199158656974802,1.0,1.0,0.0675223214255769,0.6662068965517242,0.10621643470321451,0.625,0,goodware
0.5209332778308269,1.0,1.0,0.06754369654745394,0.6661305147058824,0.11343642661659237,0.625,0,goodware
0.5202756447051258,0.3873008421867485,0.1,0.00023737181920687546,0.868421052631579,0.0,0.625,0,goodware
0.519925909390429,1.0,1.0,0.0675399479837065,0.6660542030316949,0.0861787928550568,0.625,0,goodware
0.5206018138291801,1.0,1.0,0.0675612927221597,0.6659779614325069,0.09888609175714677,0.625,0,goodware
0.5201116144265752,1.0,1.0,0.06758262160859395,0.6659017898118402,0.10811348391471276,0.625,0,goodware
0.5186079182351503,1.0,1.0,0.06760393467561918,0.6658256880733945,0.11481396723245026,0.625,0,goodware
0.5196460254693634,1.0,1.0,0.06762523191094619,0.6657496561210454,0.11967949447131745,0.625,0,goodware
0.5187072788840402,1.0,1.0,0.06764651336208913,0.6656736938588451,0.12321261562206184,0.625,0,goodware
0.519298290501438,1.0,1.0,0.06766777901670991,0.6655978011910215,0.1257781644468628,0.625,0,goodware
0.517609889135612,1.0,1.0,0.06768902890731313,0.6655219780219781,0.12764113511342418,0.625,0,goodware
0.5152133388318796,1.0,1.0,0.06771026306637398,0.6654462242562929,0.12899395396947605,0.625,0,goodware
0.5160509867722863,1.0,1.0,0.06773148148148148,0.6653705397987191,0.12997627740054418,0.625,0,goodware
0.5154159259978495,1.0,1.0,0.06775268420001121,0.6652949245541838,0.13068961548675134,0.625,0,goodware
0.5182951616094988,1.0,1.0,0.0677738712095038,0.665219378427788,0.13120758028457563,0.625,0,goodware
0.5193313679740662,1.0,1.0,0.06779504254233007,0.6651439013248058,0.13158369989505814,0.625,0,goodware
0.5155380329762953,1.0,1.0,0.0678161982308316,0.665068493150685,0.13185684391689195,0.625,0,goodware
0.5106152239378652,1.0,1.0,0.0678373382624769,0.6649931538110452,0.13205516202050188,0.625,0,goodware
0.5114672255396705,1.0,1.0,0.0678584626845041,0.6649178832116789,0.13219919572447866,0.625,0,goodware
0.5108041710063549,1.0,1.0,0.0678795714843339,0.66484268125855,0.13230376043695488,0.625,0,goodware
0.52461378440279,1.0,1.0,0.06790066469420444,0.6647675478577939,0.1323796899964384,0.625,0,goodware
0.5241407282834762,1.0,1.0,0.06792174234632478,0.6646924829157175,0.13243485142867711,0.625,0,goodware
0.5240594977372217,1.0,1.0,0.06794280442804428,0.6646174863387978,0.132474881586584,0.625,0,goodware
0.5226405895881516,1.0,1.0,0.0679638509864647,0.6645425580336823,0.13250397471810937,0.625,0,goodware
0.5230308490901737,1.0,1.0,0.06798488200888805,0.6644676979071884,0.1325250753928151,0.625,0,goodware
0.5235024236117604,1.0,1.0,0.06800589752742095,0.6643929058663028,0.1325403976262653,0.625,0,goodware
0.5217685722243478,1.0,1.0,0.06802689757414107,0.6643181818181818,0.1325515491326813,0.625,0,goodware
0.5199892018647402,1.0,1.0,0.06804788213627992,0.66424352567015,0.1325596215055102,0.625,0,goodware
0.5181912630006996,1.0,1.0,0.06806885126080388,0.6641689373297003,0.13256550853568133,0.625,0,goodware
0.5174997566635228,1.0,1.0,0.06808980493489766,0.6640944167044939,0.13256975811178343,0.625,0,goodware
0.5177839678798679,1.0,1.0,0.06811074319053737,0.6640199637023594,0.13257284393714253,0.625,0,goodware
0.5199336009094201,1.0,1.0,0.06813166605967041,0.6639455782312925,0.13257510999277772,0.625,0,goodware
0.5192108811900319,1.0,1.0,0.06815257352941176,0.6638712601994561,0.13257673020007654,0.625,0,goodware
0.5190296842349893,1.0,1.0,0.06817346564659343,0.663797009515179,0.13257793199918802,0.625,0,goodware
0.519655991906942,1.0,1.0,0.06819434239828412,0.6637228260869565,0.13257877939715765,0.625,0,goodware
0.522364955313723,1.0,1.0,0.06821520381633056,0.6636487098234496,0.1325793947343304,0.625,0,goodware
0.521442664174,1.0,1.0,0.06823604993255093,0.6635746606334841,0.13257986684839212,0.625,0,goodware
0.5239453456332419,1.0,1.0,0.06825688073394495,0.6635006784260515,0.13258018438593694,0.625,0,goodware
0.5227382390203552,1.0,1.0,0.0682776962672113,0.6634267631103075,0.13258044025321145,0.625,0,goodware
0.5212554743028969,1.0,1.0,0.06829849651930393,0.6633529145955717,0.13258060076326256,0.625,0,goodware
0.5216450061264771,1.0,1.0,0.06831928152194125,0.6632791327913279,0.13258071731747273,0.625,0,goodware
0.5221808870669767,1.0,1.0,0.06834005130681332,0.6632054176072235,0.13258082724097728,0.625,0,goodware
0.5209975171688085,1.0,1.0,0.06836080586080587,0.6631317689530686,0.13258088177403465,0.625,0,goodware
0.523760368533444,1.0,1.0,0.06838154523048522,0.6630581867388363,0.13258094666096504,0.625,0,goodware
0.5226470830609541,1.0,1.0,0.06840226940269187,0.6629846708746618,0.13258096849073714,0.625,0,goodware
0.5231696831245298,1.0,1.0,0.06842297840901695,0.6629112212708428,0.1325809843424039,0.625,0,goodware
0.5279022544001016,1.0,1.0,0.0684436722810235,0.6628378378378379,0.13258102114089615,0.625,0,goodware
0.5269573798276935,1.0,1.0,0.06846435100548445,0.6627645204862674,0.13258102257426327,0.625,0,goodware
0.5284915866657717,1.0,1.0,0.06848501462883486,0.6626912691269127,0.13258104890292716,0.625,0,goodware
0.5275505796514205,1.0,1.0,0.06850566313780289,0.6626180836707152,0.1325810427336338,0.625,0,goodware
0.5266247962804459,1.0,1.0,0.06852629656385355,0.662544964028777,0.13258103825380774,0.625,0,goodware
0.5262100981355734,1.0,1.0,0.06854691493842383,0.6624719101123595,0.1325810602886146,0.625,0,goodware
0.5230274195872177,1.0,1.0,0.06856751824817518,0.6623989218328841,0.13258105100133916,0.625,0,goodware
0.523812674001797,1.0,1.0,0.06858810653941226,0.6623259991019308,0.1325810695452233,0.625,0,goodware
0.5247168575061766,1.0,1.0,0.06860867979875229,0.6622531418312387,0.13258105772301615,0.625,0,goodware
0.5237059814563838,1.0,1.0,0.0686292380575351,0.6621803499327052,0.13258104913833246,0.625,0,goodware
0.5242298041278634,1.0,1.0,0.06864978134707266,0.6621076233183856,0.13258106819240262,0.625,0,goodware
0.5256727332002801,1.0,1.0,0.06867030965391621,0.662034961900493,0.1325810567406668,0.625,0,goodware
0.5251510286164296,1.0,1.0,0.06869082302424098,0.6619623655913979,0.13258107371283104,0.625,0,goodware
0.5224149372957254,1.0,1.0,0.06871132144455443,0.6618898343036275,0.13258106074932025,0.625,0,goodware
0.5237764915519616,1.0,1.0,0.06873180494607226,0.6618173679498658,0.1325810513358801,0.625,0,goodware
0.5230341064272717,1.0,1.0,0.06875227355998247,0.661744966442953,0.13258106978814993,0.625,0,goodware
0.5212044163209659,1.0,1.0,0.06877272727272728,0.6616726296958855,0.13258105789941704,0.625,0,goodware
0.5193784209678942,1.0,1.0,0.06879316613035345,0.6616003576218149,0.13258107455425652,0.625,0,goodware
0.520204756783159,1.0,1.0,0.06881359011925989,0.6615281501340482,0.1325810613603205,0.625,0,goodware
0.5193632829960643,1.0,1.0,0.06883399927053917,0.6614560071460474,0.1325810517795573,0.625,0,goodware
0.5199496195175323,1.0,1.0,0.06885439361525642,0.6613839285714286,0.13258107011032574,0.625,0,goodware
0.5227964632109353,1.0,1.0,0.06887477313974591,0.6613119143239625,0.1325810581333647,0.625,0,goodware
0.5232882690402751,1.0,1.0,0.068895137889927,0.6612399643175736,0.13258107472413738,0.625,0,goodware
0.5242804132970204,1.0,1.0,0.06891548785209117,0.6611680784663397,0.13258106148367932,0.625,0,goodware
0.5233281892132162,1.0,1.0,0.06893582305720893,0.661096256684492,0.13258105186913421,0.625,0,goodware
0.5238406991317469,1.0,1.0,0.06895614353622342,0.6610244988864142,0.13258107017537193,0.625,0,goodware
0.5248512799970515,1.0,1.0,0.06897644927536231,0.6609528049866429,0.1325810581805979,0.625,0,goodware
0.5255762099760362,1.0,1.0,0.06899674032041839,0.6608811748998664,0.13258107475843575,0.625,0,goodware
0.5265476642455283,1.0,1.0,0.06901701665757692,0.6608096085409252,0.13258106150858504,0.625,0,goodware
0.5258898901483391,1.0,1.0,0.06903727831768733,0.660738105824811,0.13258105188721947,0.625,0,goodware
0.5210948423750541,1.0,1.0,0.06905752533157186,0.6606666666666667,0.1325810701885045,0.625,0,goodware
0.5189247330900733,1.0,1.0,0.06907775768535263,0.6605952909817858,0.13258105819013416,0.625,0,goodware
0.520000187586931,1.0,1.0,0.0690979754246968,0.6605239786856127,0.13258107476536046,0.625,0,goodware
0.5191635930739307,1.0,1.0,0.06911817853568468,0.6604527296937417,0.13258106151361343,0.625,0,goodware
0.5191188322743507,1.0,1.0,0.06913836704904555,0.6603815439219166,0.13258105189087083,0.625,0,goodware
0.5199246754651589,1.0,1.0,0.06915854099548165,0.6603104212860311,0.13258107019115595,0.625,0,goodware
0.5241517665091207,1.0,1.0,0.06917870036101083,0.6602393617021276,0.13258105819205945,0.625,0,goodware
0.5251324018855524,1.0,1.0,0.06919884519117554,0.6601683650863979,0.13258107476675854,0.625,0,goodware
0.5261199268480501,1.0,1.0,0.06921897547195222,0.6600974313551815,0.13258106151462865,0.625,0,goodware
0.525301725838145,1.0,1.0,0.06923909123395097,0.6600265604249669,0.13258105189160801,0.625,0,goodware
0.5257945148456213,1.0,1.0,0.06925919250775511,0.6599557522123893,0.13258107019169124,0.625,0,goodware
0.5207738023355917,1.0,1.0,0.06927927927927928,0.6598850066342327,0.1325810581924482,0.625,0,goodware
0.5201971184369868,1.0,1.0,0.06929935159394214,0.659814323607427,0.13258107476704079,0.625,0,goodware
0.5217693394275119,1.0,1.0,0.0693194094376174,0.65974370304905,0.1325810615148336,0.625,0,goodware
0.5190839104045697,1.0,1.0,0.06933945284079701,0.6596731448763251,0.13258105189175684,0.625,0,goodware
0.518077484791926,1.0,1.0,0.06935948183394623,0.6596026490066225,0.13258107019179935,0.625,0,goodware
0.5179868245195447,1.0,1.0,0.06937949640287769,0.6595322153574581,0.1325810581925267,0.625,0,goodware
0.5185849620778161,1.0,1.0,0.06939949659288716,0.6594618438464932,0.1325810747670978,0.625,0,goodware
0.5148298716752214,1.0,1.0,0.06941948238974674,0.6593915343915344,0.13258106151487498,0.625,0,goodware
0.5139662876662772,1.0,1.0,0.06943945382383118,0.6593212869105333,0.13258105189178687,0.625,0,goodware
0.5156989524411675,1.0,1.0,0.06945941092548866,0.6592511013215859,0.13258107019182114,0.625,0,goodware
0.5157472744951529,1.0,1.0,0.06947935368043087,0.6591809775429327,0.1325810581925425,0.625,0,goodware
0.5213306864401183,1.0,1.0,0.06949928213383162,0.6591109154929577,0.13258107476710929,0.625,0,goodware
0.5199778254587568,1.0,1.0,0.06951919627136252,0.6590409150901892,0.13258106151488333,0.625,0,goodware
0.5209644620542794,1.0,1.0,0.06953909612328203,0.6589709762532981,0.13258105189179298,0.625,0,goodware
0.5201794816904155,1.0,1.0,0.06955898171982221,0.6589010989010988,0.13258107019182558,0.625,0,goodware
0.5204278058239821,1.0,1.0,0.06957885304659497,0.6588312829525483,0.1325810581925457,0.625,0,goodware
0.5229008876427806,1.0,1.0,0.06959871014865296,0.6587615283267457,0.13258107476711162,0.625,0,goodware
0.5233064632334269,1.0,1.0,0.06961855301156847,0.6586918349429324,0.13258106151488502,0.625,0,goodware
0.5241914933985771,1.0,1.0,0.0696383816654846,0.6586222027204914,0.1325810518917942,0.625,0,goodware
0.5233437953010857,1.0,1.0,0.06965819614051819,0.6585526315789474,0.13258107019182647,0.625,0,goodware
0.5238468795608751,1.0,1.0,0.06967799642218246,0.6584831214379658,0.13258105819254634,0.625,0,goodware
0.5203377666588596,1.0,1.0,0.06969778255540983,0.6584136722173533,0.1325810747671121,0.625,0,goodware
0.5209316637321627,1.0,1.0,0.06971755452567428,0.6583442838370566,0.13258106151488538,0.625,0,goodware
0.5203344398569286,1.0,1.0,0.06973731236300452,0.6582749562171628,0.13258105189179442,0.625,0,goodware
0.5208937145202492,1.0,1.0,0.06975705609740314,0.6582056892778994,0.13258107019182663,0.625,0,goodware
0.5220551294758936,1.0,1.0,0.06977678571428572,0.6581364829396326,0.13258105819254648,0.625,0,goodware
0.5226511105467488,1.0,1.0,0.06979650125846525,0.6580673371228685,0.13258107476711217,0.625,0,goodware
0.5218998554668473,1.0,1.0,0.0698162027153186,0.6579982517482518,0.1325810615148854,0.625,0,goodware
0.5223029994123751,1.0,1.0,0.06983589011476093,0.6579292267365662,0.13258105189179448,0.625,0,goodware
0.5249152853670731,1.0,1.0,0.06985556348668148,0.6578602620087336,0.13258107019182666,0.625,0,goodware
0.5257630108947114,1.0,1.0,0.06987522281639928,0.6577913574858141,0.1325810581925465,0.625,0,goodware
0.5251265340144358,1.0,1.0,0.06989486814860882,0.6577225130890052,0.1325810747671122,0.625,0,goodware
0.5253611392878663,1.0,1.0,0.06991449946859082,0.6576537287396425,0.13258106151488547,0.625,0,goodware
0.5222573706656686,1.0,1.0,0.06993411680614786,0.657585004359198,0.1325810518917945,0.625,0,goodware
0.5229463486630712,1.0,1.0,0.0699537201910567,0.657516339869281,0.1325810701918267,0.625,0,goodware
0.5223753603650575,1.0,1.0,0.06997330960854092,0.6574477351916377,0.13258105819254654,0.625,0,goodware
0.5228054847644914,1.0,1.0,0.0699928851031773,0.6573791902481498,0.1325810747671122,0.625,0,goodware
0.5217018804452498,1.0,1.0,0.07001244666015154,0.6573107049608355,0.13258106151488547,0.625,0,goodware
0.5215539432603279,1.0,1.0,0.07003199430915448,0.6572422792518486,0.1325810518917945,0.625,0,goodware
0.5224358553567923,1.0,1.0,0.07005152807985131,0.6571739130434783,0.1325810701918267,0.625,0,goodware
0.5214298385981442,1.0,1.0,0.07007104795737122,0.6571056062581486,0.13258105819254654,0.625,0,goodware
0.5221011148513882,1.0,1.0,0.07009055398617411,0.6570373588184188,0.1325810747671122,0.625,0,goodware
0.48058782302615655,0.892350250613552,0.1,0.000232688011892972,0.7222222222222222,0.0,0.625,0,goodware
0.5218503716935338,1.0,1.0,0.07008516678198908,0.6569691706469822,0.09627360280814859,0.625,0,goodware
0.5233476978250924,1.0,1.0,0.07010464704388586,0.6569010416666667,0.10621644798394374,0.625,0,goodware
0.52364024544803,1.0,1.0,0.0701241134751773,0.6568329718004338,0.11343641462410112,0.625,0,goodware
0.5243720806658292,1.0,1.0,0.07014356612020038,0.656764960971379,0.11867920868382434,0.625,0,goodware
0.5234934237763698,1.0,1.0,0.07016300496398443,0.6566970091027309,0.12248623561515268,0.625,0,goodware
0.5237483618654909,1.0,1.0,0.07018243003600198,0.656629116117851,0.12525070434453817,0.625,0,goodware
0.5212986743518401,1.0,1.0,0.07020184136570022,0.6565612819402339,0.12725814476981054,0.625,0,goodware
0.5207098117390052,1.0,1.0,0.0702212389380531,0.6564935064935065,0.1287158213178286,0.625,0,goodware
0.5215388795874651,1.0,1.0,0.07024062279728238,0.656425789701428,0.1297743364112684,0.625,0,goodware
0.5207688731078726,1.0,1.0,0.07025999292832531,0.6563581314878892,0.13054295131596713,0.625,0,goodware
0.5210340868738317,1.0,1.0,0.07027934936054528,0.6562905317769131,0.13110108024631278,0.625,0,goodware
0.5241843002573272,1.0,1.0,0.07029869212328049,0.6562229904926534,0.1315063900835764,0.625,0,goodware
0.5263149412538972,1.0,1.0,0.07031802120141342,0.6561555075593952,0.13180068032631645,0.625,0,goodware
0.5252564627094916,1.0,1.0,0.07033733663905142,0.6560880829015544,0.1320144040661453,0.625,0,goodware
0.5257869113692322,1.0,1.0,0.07035663842104066,0.6560207164436771,0.13216957416243447,0.625,0,goodware
0.5268405856555796,1.0,1.0,0.07037592657663626,0.6559534081104401,0.1322822507698409,0.625,0,goodware
0.5258747852202059,1.0,1.0,0.07039520113506828,0.6558861578266495,0.1323640960200128,0.625,0,goodware
0.526343522269859,1.0,1.0,0.07041446208112875,0.6558189655172414,0.1324235026186346,0.625,0,goodware
0.5272820806026532,1.0,1.0,0.07043370945881137,0.6557518311072814,0.1324666659257374,0.625,0,goodware
0.5247174042837116,1.0,1.0,0.07045294325287228,0.6556847545219638,0.13249798365122675,0.625,0,goodware
0.5272861581485435,1.0,1.0,0.07047216349245915,0.6556177356866122,0.13252072498569917,0.625,0,goodware
0.5264021841618476,1.0,1.0,0.07049137020669477,0.6555507745266782,0.13253726386204268,0.625,0,goodware
0.5242655884782772,1.0,1.0,0.0705105633802817,0.655483870967742,0.13254924827078304,0.625,0,goodware
0.5249246464565569,1.0,1.0,0.07052974305710082,0.6554170249355116,0.13255797602041083,0.625,0,goodware
0.5241283925817071,1.0,1.0,0.07054890922181917,0.655350236355823,0.13256428838349033,0.625,0,goodware
0.5248128098899069,1.0,1.0,0.07056806190347789,0.6552835051546392,0.13256887209951246,0.625,0,goodware
0.524331087372392,1.0,1.0,0.07058720113109328,0.6552168312580506,0.13257222584637715,0.625,0,goodware
0.5246166242632421,1.0,1.0,0.07060632688927944,0.6551502145922747,0.1325746358801048,0.625,0,goodware
0.5253424390537984,1.0,1.0,0.07062543922180521,0.6550836550836551,0.13257641121058317,0.625,0,goodware
0.5245917438577138,1.0,1.0,0.07064453811324956,0.6550171526586621,0.1325776750780609,0.625,0,goodware
0.5251675196993323,1.0,1.0,0.07066362359254784,0.654950707243892,0.13257859283414286,0.625,0,goodware
0.5245596310707058,1.0,1.0,0.07068269568861077,0.6548843187660669,0.13257928454927648,0.625,0,goodware
0.524857374045665,1.0,1.0,0.0707017543859649,0.6548179871520343,0.13257976155002707,0.625,0,goodware
0.5261095244077976,1.0,1.0,0.07072079972826788,0.6547517123287672,0.13258013321128753,0.625,0,goodware
0.5252826704320842,1.0,1.0,0.07073983170001151,0.6546854942233633,0.13258037780508217,0.625,0,goodware
0.5258885518855285,1.0,1.0,0.07075885033002624,0.6546193327630454,0.1325805554166171,0.625,0,goodware
0.5231151165468185,1.0,1.0,0.070777855647118,0.6545532278751603,0.1325807096768134,0.625,0,goodware
0.5242418838651812,1.0,1.0,0.0707968476357268,0.6544871794871795,0.13258079640493675,0.625,0,goodware
0.5221878088912086,1.0,1.0,0.07081582633939976,0.654421187526698,0.1325808846702697,0.625,0,goodware
0.52356540343537,1.0,1.0,0.07083479174254258,0.6543552519214346,0.13258092347625686,0.625,0,goodware
0.5224808320974667,1.0,1.0,0.07085374387388159,0.6542893725992318,0.1325809516551849,0.625,0,goodware
0.5230092992805389,1.0,1.0,0.0708726827621187,0.6542235494880546,0.13258099740510082,0.625,0,goodware
0.5246507376107918,1.0,1.0,0.0708916083916084,0.6541577825159914,0.13258100533853964,0.625,0,goodware
0.5218931575551036,1.0,1.0,0.07091052080578804,0.6540920716112533,0.13258103638722163,0.625,0,goodware
0.5244706430939038,1.0,1.0,0.07092941998897814,0.654026416702173,0.132581033645367,0.625,0,goodware
0.5223583965672037,1.0,1.0,0.07094830596980171,0.6539608177172062,0.13258103165437204,0.625,0,goodware
0.5218226425411053,1.0,1.0,0.07096717877685751,0.6538952745849298,0.13258105549644017,0.625,0,goodware
0.1261660874599347,1.0,0.14,0.00031934306569343066,0.5625,0.0,0.625,0,goodware
0.5226639611645807,1.0,1.0,0.07096127007166006,0.6538297872340426,0.09627361100960305,0.625,0,goodware
0.5216143768149631,1.0,1.0,0.07098011859381287,0.6537643555933645,0.1062164336802438,0.625,0,goodware
0.5222546032463417,1.0,1.0,0.0709989539719443,0.6536989795918368,0.11343640423748398,0.625,0,goodware
0.5213150519730774,1.0,1.0,0.07101777623455278,0.653633659158521,0.11867920114159143,0.625,0,goodware
0.5251999933255049,1.0,1.0,0.07103658536585365,0.6535683942225998,0.12248623013836794,0.625,0,goodware
0.5264535624768631,1.0,1.0,0.07105538140906005,0.6535031847133759,0.12525072425725398,0.625,0,goodware
0.5200829532648656,1.0,1.0,0.07107416434835401,0.6534380305602716,0.12725813495684632,0.625,0,goodware
0.5237068504210632,1.0,1.0,0.0710929342121563,0.6533729316928298,0.12871581419215467,0.625,0,goodware
0.5233876102149247,1.0,1.0,0.07111169102886372,0.6533078880407125,0.12977433123696652,0.625,0,goodware
0.5238303166827374,1.0,1.0,0.07113043478260869,0.6532428995337007,0.1305429475586531,0.625,0,goodware
0.5247617151579497,1.0,1.0,0.07114916551649685,0.653177966101695,0.13110110252349147,0.625,0,goodware
0.5236870021182547,1.0,1.0,0.07116788321462769,0.6531130876747141,0.1315063811772761,0.625,0,goodware
0.5243678426237026,1.0,1.0,0.07118658790532102,0.6530482641828959,0.13180067385901553,0.625,0,goodware
0.5218910921297801,1.0,1.0,0.07120527961687276,0.6529834955564959,0.13201439936992046,0.625,0,goodware
0.5216288070568839,1.0,1.0,0.07122395833333334,0.6529187817258884,0.13216957075227556,0.625,0,goodware
0.5224160032506405,1.0,1.0,0.07124262409770162,0.6528541226215645,0.13228227352439645,0.625,0,goodware
0.5213982415102213,1.0,1.0,0.0712612768939955,0.6527895181741336,0.1323640872967648,0.625,0,goodware
0.5218315081081544,1.0,1.0,0.07127991675043453,0.6527249683143219,0.1324234962842569,0.625,0,goodware
0.5223170383751646,1.0,1.0,0.0712985436952146,0.652660472972973,0.13246666132603463,0.625,0,goodware
0.523115156150625,1.0,1.0,0.07131715771230503,0.6525960320810469,0.13249798031115728,0.625,0,goodware
0.5219995050803147,1.0,1.0,0.07133575884459863,0.6525316455696202,0.13252074783663542,0.625,0,goodware
0.5224731431611069,1.0,1.0,0.0713543470760326,0.6524673133698862,0.13253725517575227,0.625,0,goodware
0.5239264919476013,1.0,1.0,0.07137292243472704,0.6524030354131535,0.13254924196324214,0.625,0,goodware
0.5238447921091188,1.0,1.0,0.07139148494877849,0.6523388116308471,0.13255797144019554,0.625,0,goodware
0.5235120072549944,1.0,1.0,0.07141003460207612,0.6522746419545071,0.13256428505757167,0.625,0,goodware
0.5243748830907702,1.0,1.0,0.07142857143740741,0.6522105263157895,0.13256889496990765,0.625,0,goodware
0.5230349592507539,1.0,1.0,0.07144709543862973,0.6521464646464646,0.13257221716754838,0.625,0,goodware
0.5236226694946491,1.0,1.0,0.07146560663376447,0.6520824568784181,0.1325746295779821,0.625,0,goodware
0.5241180589429335,1.0,1.0,0.07148410505080965,0.65201850294365,0.1325764066343023,0.625,0,goodware
0.526194135729556,1.0,1.0,0.07150259067357513,0.6519546027742749,0.13257767175499924,0.625,0,goodware
0.524844850403196,1.0,1.0,0.07152106354474376,0.651890756302521,0.1325786157084667,0.625,0,goodware
0.5250227458804709,1.0,1.0,0.07153952364809395,0.6518269634607308,0.13257927587195417,0.625,0,goodware
0.5259810394229082,1.0,1.0,0.07155797101154922,0.6517632241813602,0.13257975524899832,0.625,0,goodware
0.5261446598417746,1.0,1.0,0.07157640566300971,0.6516995383969786,0.13258012863580104,0.625,0,goodware
0.5246377115142943,1.0,1.0,0.0715948275862069,0.6516359060402684,0.13258037448259732,0.625,0,goodware
0.5267819606930524,1.0,1.0,0.07161323682371971,0.6515723270440252,0.13258057829173414,0.625,0,goodware
0.5251017015699716,1.0,1.0,0.0716316333592485,0.6515088013411567,0.13258070099979524,0.625,0,goodware
0.5254782318264,1.0,1.0,0.07165001722061959,0.6514453288646838,0.13258079010412888,0.625,0,goodware
0.5257351275874976,1.0,1.0,0.07166838843563604,0.6513819095477387,0.1325808800949436,0.625,0,goodware
0.5243049362941272,1.0,1.0,0.07168674698795181,0.6513185433235664,0.13258092015388848,0.625,0,goodware
0.52729781183536,1.0,1.0,0.07170509292004258,0.651255230125523,0.1325809745304621,0.625,0,goodware
0.5282287471604086,1.0,1.0,0.0717234262155315,0.6511919698870765,0.13258098872814406,0.625,0,goodware
0.5262935467590911,1.0,1.0,0.07174174690214846,0.6511287625418061,0.13258099903777634,0.625,0,goodware
0.5266944174452046,1.0,1.0,0.07176005500760019,0.6510656080234016,0.1325810318119279,0.625,0,goodware
0.5276645757666166,1.0,1.0,0.07177835051546391,0.6510025062656641,0.1325810303230221,0.625,0,goodware
0.5276414409551902,1.0,1.0,0.07179663346811284,0.6509394572025052,0.13258105452968158,0.625,0,goodware
0.5264390274438104,1.0,1.0,0.07181490384909375,0.6508764607679466,0.1325810468194958,0.625,0,goodware
0.526173157727939,1.0,1.0,0.07183316168604079,0.6508135168961202,0.13258104122075226,0.625,0,goodware
0.5275359927572276,1.0,1.0,0.0718514070065651,0.6507506255212677,0.13258106244305876,0.625,0,goodware
0.5230369768620191,1.0,1.0,0.07186963979416809,0.6506877865777407,0.1325810525657866,0.625,0,goodware
0.5240610722768013,1.0,1.0,0.0718878600911211,0.650625,0.13258107068124542,0.625,0,goodware
0.5269078356368919,1.0,1.0,0.0719060678808954,0.6505622657226156,0.13258105854793745,0.625,0,goodware
0.526588279228568,1.0,1.0,0.07192426319103015,0.6504995836802665,0.13258104973734824,0.625,0,goodware
0.5280092584407627,1.0,1.0,0.0719424460490416,0.6504369538077404,0.13258106862737742,0.625,0,goodware
0.5266487664430426,1.0,1.0,0.07196061643835616,0.6503743760399334,0.1325810570565233,0.625,0,goodware
0.5263296432849678,1.0,1.0,0.071978774401144,0.6503118503118503,0.13258107394218993,0.625,0,goodware
0.5267410691084109,1.0,1.0,0.07199691992080175,0.6502493765586035,0.132581060915869,0.625,0,goodware
0.5286197902448004,1.0,1.0,0.07201505302477426,0.6501869547154133,0.1325810514568193,0.625,0,goodware
0.5265069545613594,1.0,1.0,0.0720331737404836,0.650124584717608,0.13258106987596982,0.625,0,goodware
0.5255252466383251,1.0,1.0,0.07205128205128206,0.6500622665006226,0.13258105796318737,0.625,0,goodware
0.5263130090822911,1.0,1.0,0.07206937799923924,0.65,0.1325810746005633,0.625,0,goodware
0.5253873417193347,1.0,1.0,0.07208746156767801,0.6499377851513894,0.13258106139394613,0.625,0,goodware
0.5289800346733735,1.0,1.0,0.07210553278394957,0.6498756218905473,0.1325810518039745,0.625,0,goodware
0.5290636438978631,1.0,1.0,0.0721235916753826,0.6498135101533361,0.13258107012805626,0.625,0,goodware
0.5285657436696928,1.0,1.0,0.07214163822525597,0.6497514498757249,0.13258105814623972,0.625,0,goodware
0.524846967744427,1.0,1.0,0.07215967247553952,0.6496894409937888,0.13258107473348657,0.625,0,goodware
0.5242683434671236,1.0,1.0,0.07217769440948303,0.6496274834437086,0.13258106149046822,0.625,0,goodware
0.5236467950283703,1.0,1.0,0.0721957040543449,0.6495655771617708,0.13258105187406394,0.625,0,goodware
0.521494395004743,1.0,1.0,0.07221370143736097,0.6495037220843672,0.13258107017895165,0.625,0,goodware
0.5266674100839245,1.0,1.0,0.07223168654173764,0.649441918147995,0.13258105818319735,0.625,0,goodware
0.5273809074350856,1.0,1.0,0.07224965940934554,0.6493801652892561,0.1325810747603233,0.625,0,goodware
0.5268797299775201,1.0,1.0,0.07226762002336226,0.6493184634448574,0.1325810615099557,0.625,0,goodware
0.5243555664320837,1.0,1.0,0.07228556841095402,0.6492568125516103,0.13258105188821476,0.625,0,goodware
0.5218372700059034,1.0,1.0,0.07230350459926455,0.64919521254643,0.13258107018922724,0.625,0,goodware
0.5252468535101731,1.0,1.0,0.07232142857142856,0.6491336633663367,0.13258105819065896,0.625,0,goodware
0.5271151245942809,1.0,1.0,0.07233934036921814,0.6490721649484537,0.13258107476574155,0.625,0,goodware
0.5292234482279989,1.0,1.0,0.07235723997573952,0.6490107172300082,0.13258106151389015,0.625,0,goodware
0.5259240922187071,1.0,1.0,0.07237512741806736,0.6489493201483313,0.13258105189107178,0.625,0,goodware
0.5249172006158345,1.0,1.0,0.07239300272325402,0.6488879736408566,0.13258107019130186,0.625,0,goodware
0.5284796563491081,1.0,1.0,0.07241086587436332,0.6488266776451215,0.13258105819216542,0.625,0,goodware
0.5252335642740096,1.0,1.0,0.07242871691306943,0.6487654320987655,0.13258107476683548,0.625,0,goodware
0.5259095766749464,1.0,1.0,0.07244655582240797,0.648704236939531,0.13258106151468452,0.625,0,goodware
0.5242531352304486,1.0,1.0,0.0724643826293628,0.6486430921052632,0.1325810518916486,0.625,0,goodware
0.5254259821191942,1.0,1.0,0.07248219736089559,0.6485819975339088,0.13258107019172072,0.625,0,goodware
0.5272721122954058,1.0,1.0,0.0725,0.6485209531635168,0.13258105819246957,0.625,0,goodware
0.5258925660436488,1.0,1.0,0.07251779058825293,0.6484599589322382,0.13258107476705633,0.625,0,goodware
0.5258139218064828,1.0,1.0,0.07253556910862022,0.6483990147783252,0.1325810615148449,0.625,0,goodware
0.5279619766728609,1.0,1.0,0.07255333558799558,0.6483381206401313,0.13258105189176503,0.625,0,goodware
0.5257654136231429,1.0,1.0,0.0725710900532506,0.6482772764561116,0.13258107019180526,0.625,0,goodware
0.5285079336893008,1.0,1.0,0.07258883248730964,0.6482164821648216,0.132581058192531,0.625,0,goodware
0.529086911619431,1.0,1.0,0.07260656293165295,0.6481557377049181,0.13258107476710093,0.625,0,goodware
0.5278859907353729,1.0,1.0,0.07262428136917737,0.6480950430151577,0.13258106151487725,0.625,0,goodware
0.5282924587390143,1.0,1.0,0.07264198782668708,0.6480343980343981,0.13258105189178854,0.625,0,goodware
0.5285965340813313,1.0,1.0,0.07265968233096431,0.6479738027015964,0.13258107019182236,0.625,0,goodware
0.5265850922988059,1.0,1.0,0.07267736486486487,0.6479132569558101,0.13258105819254337,0.625,0,goodware
0.5261209356950325,1.0,1.0,0.07269503546977298,0.6478527607361964,0.13258107476710995,0.625,0,goodware
0.526595696503913,1.0,1.0,0.07271269412851723,0.6477923139820114,0.1325810615148838,0.625,0,goodware
0.5254346558721726,1.0,1.0,0.07273034086781298,0.6477319166326114,0.1325810518917933,0.625,0,goodware
0.5276130708518012,1.0,1.0,0.07274797571435374,0.647671568627451,0.1325810701918258,0.625,0,goodware
0.5263007136640141,1.0,1.0,0.0727655986509275,0.6476112699060841,0.1325810581925459,0.625,0,goodware
0.5231812688909137,1.0,1.0,0.0727832097188231,0.6475510204081633,0.13258107476711173,0.625,0,goodware
0.5239193895292318,1.0,1.0,0.07280080890080166,0.6474908200734394,0.1325810615148851,0.625,0,goodware
0.5229036644372801,1.0,1.0,0.07281839622349036,0.6474306688417618,0.13258105189179425,0.625,0,goodware
0.5236208661457362,1.0,1.0,0.0728359717134946,0.6473705666530778,0.1325810701918265,0.625,0,goodware
0.49262785097129275,1.0,0.7,0.0015574937698266274,0.5833333333333333,0.0,0.625,0,goodware
0.5234511586724643,1.0,1.0,0.07282901380883396,0.6473105134474328,0.09627361875836923,0.625,0,goodware
0.5231980060995522,1.0,1.0,0.07284656797062046,0.6472505091649694,0.10621643930700246,0.625,0,goodware
0.5228713169012346,1.0,1.0,0.07286411032334811,0.6471905537459284,0.11343640832334904,0.625,0,goodware
0.5214777220685503,1.0,1.0,0.07288164089353609,0.647130647130647,0.11867920410853876,0.625,0,goodware
0.5197257585788456,1.0,1.0,0.07289915966386554,0.6470707892595606,0.12248623229281372,0.625,0,goodware
0.519549858225525,1.0,1.0,0.0729166666754291,0.6470109800732005,0.12525072582170288,0.625,0,goodware
0.5206722214351813,1.0,1.0,0.07293416191088156,0.6469512195121951,0.12725813609286932,0.625,0,goodware
0.5246319403946291,1.0,1.0,0.07295164539667678,0.6468915075172694,0.12871581501707657,0.625,0,goodware
0.5246319403946291,1.0,1.0,0.07296911715924713,0.6468318440292445,0.12977433183598283,0.625,0,goodware
0.5198359802005015,1.0,1.0,0.07298657718120806,0.6467722289890377,0.1305429479936282,0.625,0,goodware
0.5266326947201531,1.0,1.0,0.07300402550355864,0.6467126623376623,0.13110110283934825,0.625,0,goodware
0.5275498173860887,1.0,1.0,0.07302146210888828,0.6466531440162272,0.13150638140663515,0.625,0,goodware
0.5225698856223154,1.0,1.0,0.07303888702356456,0.6465936739659368,0.1318006740255644,0.625,0,goodware
0.5225691483379097,1.0,1.0,0.07305630027393364,0.6465342521280908,0.13201439949085975,0.625,0,goodware
0.5237224754402942,1.0,1.0,0.07307370184254607,0.6464748784440844,0.13216957084009553,0.625,0,goodware
0.5228893184855048,1.0,1.0,0.0730910917703079,0.646415552855407,0.13228227358816685,0.625,0,goodware
0.523895770438128,1.0,1.0,0.07310847003974395,0.6463562753036437,0.1323640873430716,0.625,0,goodware
0.5237224754402942,1.0,1.0,0.07312583667713611,0.6462970457304735,0.13242349631788253,0.625,0,goodware
0.5248980939074737,1.0,1.0,0.07314319170874496,0.6462378640776699,0.13246666135045188,0.625,0,goodware
0.5200997226242102,1.0,1.0,0.07316053511705686,0.6461787302871007,0.13249798032888782,0.625,0,goodware
0.5184595230629288,1.0,1.0,0.07317786694288547,0.6461196443007275,0.13252074784951046,0.625,0,goodware
0.5229985222591583,1.0,1.0,0.0731951871686917,0.646060606060606,0.13253725518510145,0.625,0,goodware
0.5248980939074737,1.0,1.0,0.07321249582067237,0.6460016155088852,0.132549241970031,0.625,0,goodware
0.5202082653457528,1.0,1.0,0.07322979292500312,0.6459426725878079,0.1325579714451253,0.625,0,goodware
0.5214264760878115,1.0,1.0,0.07324707846410684,0.6458837772397095,0.1325642850611514,0.625,0,goodware
0.5223134848214359,1.0,1.0,0.0732643524787054,0.645824929407019,0.13256889497250707,0.625,0,goodware
0.5259586566995992,1.0,1.0,0.07328161495119648,0.645766129032258,0.13257221716943596,0.625,0,goodware
0.5241426101306047,1.0,1.0,0.0732988659076925,0.6457073760580412,0.13257462957935276,0.625,0,goodware
0.5223134848214359,1.0,1.0,0.07331610537428473,0.645648670427075,0.13257640663529763,0.625,0,goodware
0.5266468316079987,1.0,1.0,0.07333333333333333,0.6455900120821587,0.13257767175572197,0.625,0,goodware
0.5184273812864841,1.0,1.0,0.07335054982546892,0.6455314009661836,0.13257861570899154,0.625,0,goodware
0.5190868432795928,1.0,1.0,0.07336775483302668,0.6454728370221328,0.13257927587233526,0.625,0,goodware
0.5183022809709256,1.0,1.0,0.07338494838203524,0.6454143201930813,0.13257975524927504,0.625,0,goodware
0.5185782311314477,1.0,1.0,0.07340213049850214,0.6453558504221955,0.132580128636002,0.625,0,goodware
0.5205376077232242,1.0,1.0,0.07341930116472546,0.6452974276527331,0.13258037448274324,0.625,0,goodware
0.5201707133031116,1.0,1.0,0.07343646042124516,0.6452390518280433,0.13258057829184008,0.625,0,goodware
0.5234384877577264,1.0,1.0,0.07345360825033467,0.6451807228915662,0.1325807009998722,0.625,0,goodware
0.5211406859437081,1.0,1.0,0.07347074467793936,0.6451224407868326,0.13258079010418472,0.625,0,goodware
0.5196022212957697,1.0,1.0,0.07348786972998367,0.6450642054574639,0.13258088009498417,0.625,0,goodware
0.5229423612373627,1.0,1.0,0.07350498338870431,0.6450060168471721,0.13258092015391792,0.625,0,goodware
0.5220206688078818,1.0,1.0,0.07352208569455117,0.6449478748997595,0.1325809745304835,0.625,0,goodware
0.5228419855870143,1.0,1.0,0.07353917662973657,0.6448897795591182,0.13258098872815957,0.625,0,goodware
0.522575257200916,1.0,1.0,0.07355625622012327,0.6448317307692308,0.1325809990377876,0.625,0,goodware
0.5246688292791488,1.0,1.0,0.07357332449155317,0.644773728474169,0.1325810318119361,0.625,0,goodware
0.5232746630498928,1.0,1.0,0.07359038142620232,0.6447157726180945,0.13258103032302807,0.625,0,goodware
0.525606932971171,1.0,1.0,0.07360742706443105,0.6446578631452581,0.13258105452968588,0.625,0,goodware
0.5219897906923254,1.0,1.0,0.07362446138839136,0.6446000000000001,0.13258104681949895,0.625,0,goodware
0.5247271886304911,1.0,1.0,0.0736414844238639,0.6445421831267493,0.13258104122075456,0.625,0,goodware
0.5221193639821717,1.0,1.0,0.07365849619660866,0.644484412470024,0.1325810624430604,0.625,0,goodware
0.5245874810825442,1.0,1.0,0.07367549668874172,0.6444266879744307,0.13258105256578778,0.625,0,goodware
0.5246449807167788,1.0,1.0,0.07369248594053443,0.6443690095846646,0.1325810706812463,0.625,0,goodware
0.5196386881128147,1.0,1.0,0.07370946393407904,0.6443113772455089,0.13258105854793809,0.625,0,goodware
0.5189354522989938,1.0,1.0,0.0737264306950748,0.6442537909018355,0.1325810497373487,0.625,0,goodware
0.5206388161711306,1.0,1.0,0.07374338624920032,0.6441962504986039,0.13258106862737776,0.625,0,goodware
0.5239377333330937,1.0,1.0,0.0737603305785124,0.6441387559808612,0.1325810570565235,0.625,0,goodware
0.5190919877008892,1.0,1.0,0.07377726372319392,0.6440813072937426,0.13258107394219013,0.625,0,goodware
0.5176477491344404,1.0,1.0,0.07379418566527815,0.6440239043824701,0.13258106091586913,0.625,0,goodware
0.5172379558619025,1.0,1.0,0.07381109643038343,0.6439665471923537,0.1325810514568194,0.625,0,goodware
0.5207886754112631,1.0,1.0,0.07382799604410761,0.6439092356687899,0.1325810698759699,0.625,0,goodware
0.5188442191023782,1.0,1.0,0.07384488448844885,0.6438519697572622,0.13258105796318742,0.625,0,goodware
0.5187612736455138,1.0,1.0,0.07386176180350215,0.6437947494033414,0.13258107460056331,0.625,0,goodware
0.5185291822750249,1.0,1.0,0.07387862797124242,0.6437375745526839,0.13258106139394615,0.625,0,goodware
0.5180671407711637,1.0,1.0,0.0738954830172077,0.6436804451510334,0.13258105180397456,0.625,0,goodware
0.5176841095775058,1.0,1.0,0.07391232696691565,0.6436233611442193,0.13258107012805628,0.625,0,goodware
0.516089011673528,1.0,1.0,0.07392915980230642,0.6435663224781573,0.13258105814623972,0.625,0,goodware
0.5176062104377176,1.0,1.0,0.07394598156338773,0.6435093290988487,0.13258107473348657,0.625,0,goodware
0.5180359106285296,1.0,1.0,0.07396279223207673,0.6434523809523809,0.13258106149046825,0.625,0,goodware
0.4846875190418804,1.0,0.7,0.0015206812649547733,0.5930232558139534,1.773054342235625e-11,0.625,0,goodware
0.5001764189148089,1.0,0.72,0.0015635858234237688,0.5909090909090908,0.036307456021617925,0.625,0,goodware
0.5232073699448766,1.0,1.0,0.07393092105263158,0.6433954779849267,0.0699089868916685,0.625,0,goodware
0.5265342119441789,1.0,1.0,0.07394771457627286,0.6433386201427438,0.08707180533244367,0.625,0,goodware
0.521389778797189,1.0,1.0,0.07396449704431862,0.643281807372176,0.09953455185822244,0.625,0,goodware
0.5193472500351022,1.0,1.0,0.07398126848214945,0.6432250396196513,0.1085843625567644,0.625,0,goodware
0.5211279673310928,1.0,1.0,0.07399802891512566,0.6431683168316832,0.11515589534408517,0.625,0,goodware
0.5064018231692119,1.0,0.74,0.001603675450563967,0.5888888888888889,0.012653272971160045,0.625,0,goodware
0.5233372189836503,1.0,1.0,0.07399047932582438,0.6431116389548693,0.08708545572302913,0.625,0,goodware
0.523939837971528,1.0,1.0,0.07400722021950193,0.6430550059358924,0.09954446407544551,0.625,0,goodware
0.5237673567168,1.0,1.0,0.07402395012833847,0.642998417721519,0.10859156030320705,0.625,0,goodware
0.5236480854821904,1.0,1.0,0.07404066907761649,0.6429418742586002,0.11516112198133173,0.625,0,goodware
0.5232124394391972,1.0,1.0,0.07405737704918033,0.6428853754940711,0.11993158053870064,0.625,0,goodware
0.5218465548994744,1.0,1.0,0.07407407408275679,0.6428289213749506,0.12339566769810051,0.625,0,goodware
0.5235121050191217,1.0,1.0,0.07409076016016786,0.6427725118483412,0.12591108752547137,0.625,0,goodware
0.5247440205149366,1.0,1.0,0.07410743530663796,0.6427161468614291,0.12773765707159662,0.625,0,goodware
0.5245897855445614,1.0,1.0,0.07412409954737151,0.6426598263614838,0.1290640433044805,0.625,0,goodware
0.5252219819647762,1.0,1.0,0.07414075286415713,0.642603550295858,0.13002717269978384,0.625,0,goodware
0.5276388481373558,1.0,1.0,0.07415739529663637,0.6425473186119874,0.13072657306351526,0.625,0,goodware
0.5254176733193089,1.0,1.0,0.0741740268265758,0.6424911312573907,0.13123441699130783,0.625,0,goodware
0.5284858514432835,1.0,1.0,0.07419064747912223,0.642434988179669,0.13160318734232318,0.625,0,goodware
0.5239159125945474,1.0,1.0,0.07420725727940256,0.6423788893265066,0.13187099470957792,0.625,0,goodware
0.5258616084472245,1.0,1.0,0.07422385620915033,0.6423228346456693,0.13206543760420067,0.625,0,goodware
0.5266103004955988,1.0,1.0,0.0742404443079224,0.6422668240850059,0.13220665733054082,0.625,0,goodware
0.5263476330651544,1.0,1.0,0.07425702155743048,0.6422108575924469,0.13230917867459854,0.625,0,goodware
0.5277815940437972,1.0,1.0,0.07427358798274433,0.6421549351160047,0.13238362444418583,0.625,0,goodware
0.5240659941645194,1.0,1.0,0.07429014360891388,0.6420990566037736,0.13243770842444727,0.625,0,goodware
0.5251669155854953,1.0,1.0,0.07430668841761827,0.6420432220039293,0.13247695619115313,0.625,0,goodware
0.5273185647171381,1.0,1.0,0.07432322244833009,0.641987431264729,0.13250548119039196,0.625,0,goodware
0.5274233416317792,1.0,1.0,0.07433974568270688,0.6419316843345112,0.13252616931612904,0.625,0,goodware
0.5268331854464604,1.0,1.0,0.07435625814574186,0.6418759811616954,0.13254119197756573,0.625,0,goodware
0.5275255372211849,1.0,1.0,0.07437275986240856,0.6418203216947822,0.13255212595017923,0.625,0,goodware
0.5273795842493061,1.0,1.0,0.07438925081433226,0.641764705882353,0.1325600403609489,0.625,0,goodware
0.5247798773465234,1.0,1.0,0.07440573104090184,0.6417091336730694,0.13256581268718964,0.625,0,goodware
0.5262635605002374,1.0,1.0,0.0744222005237213,0.641653605015674,0.13256997897109146,0.625,0,goodware
0.5269795857923911,1.0,1.0,0.07443865928770785,0.6415981198589894,0.13257300431390412,0.625,0,goodware
0.5265688138962558,1.0,1.0,0.07445510735775909,0.6415426781519186,0.13257522645022207,0.625,0,goodware
0.5225558569946622,1.0,1.0,0.07447154471544716,0.6414872798434442,0.13257681476553115,0.625,0,goodware
0.5244061737212561,1.0,1.0,0.0744879714000777,0.6414319248826291,0.13257799340631848,0.625,0,goodware
0.5252170195296764,1.0,1.0,0.0745043873932017,0.6413766132186156,0.13257882398788293,0.625,0,goodware
0.5216766490040802,1.0,1.0,0.07452079271966096,0.6413213448006254,0.13257942711384013,0.625,0,goodware
0.5260445611177473,1.0,1.0,0.0745371874042777,0.6412661195779601,0.13257989036074463,0.625,0,goodware
0.5259397119728473,1.0,1.0,0.07455357142857143,0.6412109375,0.13258020145940774,0.625,0,goodware
0.5215976724596717,1.0,1.0,0.0745699448317651,0.6411557985162046,0.13258045265109727,0.625,0,goodware
0.5248080655845822,1.0,1.0,0.07458630759535737,0.6411007025761124,0.13258060976597472,0.625,0,goodware
0.5249814484450854,1.0,1.0,0.07460265974411504,0.6410456496293406,0.132580723854783,0.625,0,goodware
0.5236767574781095,1.0,1.0,0.07461900130278552,0.640990639625585,0.13258083198803938,0.625,0,goodware
0.5241687282579938,1.0,1.0,0.0746353322528363,0.6409356725146198,0.13258088522110895,0.625,0,goodware
0.5238965775247824,1.0,1.0,0.07465165263340814,0.6408807482462977,0.132580949164055,0.625,0,goodware
0.5174855744304665,1.0,1.0,0.07466796242594789,0.6408258667705493,0.13258097030835336,0.625,0,goodware
0.5180870000244095,1.0,1.0,0.07468426165514798,0.6407710280373832,0.13258098566226412,0.625,0,goodware
0.5174845229443762,1.0,1.0,0.07470055034568145,0.640716231996886,0.13258102209931144,0.625,0,goodware
0.5179775840589599,1.0,1.0,0.07471682847896441,0.6406614785992217,0.13258102327021554,0.625,0,goodware
0.5192929259642566,1.0,1.0,0.07473309609405585,0.6406067677946324,0.13258104940829232,0.625,0,goodware
0.5221280773455325,1.0,1.0,0.0747493531723515,0.6405520995334371,0.1325810431006042,0.625,0,goodware
0.5218333230965386,1.0,1.0,0.07476559973846984,0.6404974737660318,0.13258103852028294,0.625,0,goodware
0.5215387219912284,1.0,1.0,0.07478183581701014,0.6404428904428905,0.13258106048211532,0.625,0,goodware
0.521937446532141,1.0,1.0,0.07479806138933764,0.640388349514563,0.13258105114184948,0.625,0,goodware
0.5229659473196273,1.0,1.0,0.07481427649443012,0.6403338509316769,0.13258106964725477,0.625,0,goodware
0.5222651049064152,1.0,1.0,0.0748304811136327,0.640279394644936,0.1325810577971062,0.625,0,goodware
0.522768668777879,1.0,1.0,0.0748466752714905,0.6402249806051202,0.13258104919213287,0.625,0,goodware
0.5222648923601945,1.0,1.0,0.07486285899252942,0.6401706087630865,0.13258106823146976,0.625,0,goodware
0.5186058963830222,1.0,1.0,0.07487903225806451,0.6401162790697674,0.13258105676903537,0.625,0,goodware
0.5179347839309796,1.0,1.0,0.07489519510699279,0.640061991476172,0.1325810737334308,0.625,0,goodware
0.521574990084866,1.0,1.0,0.07491134752060932,0.640007745933385,0.13258106076427878,0.625,0,goodware
0.5217848270838739,1.0,1.0,0.07492748952338638,0.6399535423925669,0.1325810513467422,0.625,0,goodware
0.5207529991266903,1.0,1.0,0.07494362113977705,0.6398993808049536,0.13258106979603743,0.625,0,goodware
0.5221696491725586,1.0,1.0,0.0749597423510467,0.6398452611218568,0.13258105790514457,0.625,0,goodware
0.5217106268733013,1.0,1.0,0.07497585319601205,0.6397911832946636,0.13258107455841556,0.625,0,goodware
0.5230795561987309,1.0,1.0,0.0749919536559188,0.6397371472748357,0.13258106136334058,0.625,0,goodware
0.5196770743859997,1.0,1.0,0.07500804375516677,0.6396831530139104,0.13258105178175034,0.625,0,goodware
0.5191808341519255,1.0,1.0,0.07502412351813674,0.6396292004634994,0.1325810701119182,0.625,0,goodware
0.5192063547745367,1.0,1.0,0.07504019292604501,0.6395752895752895,0.1325810581345211,0.625,0,goodware
0.5188316087733591,1.0,1.0,0.07505625201762847,0.6395214203010421,0.1325810747249771,0.625,0,goodware
0.5182914523167825,1.0,1.0,0.07507230077408397,0.6394675925925926,0.13258106148428908,0.625,0,goodware
0.5198778812545736,1.0,1.0,0.07508833921973941,0.6394138064018511,0.13258105186957697,0.625,0,goodware
0.5190040994855747,1.0,1.0,0.07510436737890375,0.6393600616808018,0.13258107017569343,0.625,0,goodware
0.5208820876334708,1.0,1.0,0.07512038523274478,0.6393063583815028,0.13258105818083138,0.625,0,goodware
0.5201452600395875,1.0,1.0,0.07513639281992004,0.6392526964560863,0.13258107475860528,0.625,0,goodware
0.5217079874846837,1.0,1.0,0.07515239012157807,0.6391990758567578,0.13258106150870813,0.625,0,goodware
0.5203243113682409,1.0,1.0,0.07516837716197537,0.6391454965357968,0.13258105188730887,0.625,0,goodware
0.519370999303943,1.0,1.0,0.07518435396534959,0.639091958445556,0.13258107018856943,0.625,0,goodware
0.5227249078790943,1.0,1.0,0.07520032051282052,0.6390384615384616,0.13258105819018126,0.625,0,goodware
0.522707574191751,1.0,1.0,0.07521627684296682,0.6389850057670127,0.13258107476539469,0.625,0,goodware
0.5215043986324233,1.0,1.0,0.07523222293688929,0.6389315910837817,0.1325810615136383,0.625,0,goodware
0.5183032612854273,1.0,1.0,0.07524815881877353,0.6388782174414138,0.13258105189088884,0.625,0,goodware
0.5192144229674639,1.0,1.0,0.0752640845127863,0.6388248847926268,0.13258107019116905,0.625,0,goodware
0.5183806893450225,1.0,1.0,0.07528,0.6387715930902111,0.13258105819206897,0.625,0,goodware
0.5190469681566585,1.0,1.0,0.07529590531891488,0.63871834228703,0.13258107476676545,0.625,0,goodware
0.5173789127162416,1.0,1.0,0.07531180045058454,0.6386651323360184,0.13258106151463367,0.625,0,goodware
0.5182427589623976,1.0,1.0,0.07532768541912412,0.6386119631901841,0.13258105189161165,0.625,0,goodware
0.5172982311711443,1.0,1.0,0.07534356024863001,0.6385588348026063,0.1325810701916939,0.625,0,goodware
0.5179512319196646,1.0,1.0,0.07535942492012779,0.6385057471264368,0.1325810581924501,0.625,0,goodware
0.5168159347947099,1.0,1.0,0.0753752794720397,0.6384527001148985,0.1325810747670422,0.625,0,goodware
0.5175330457472201,1.0,1.0,0.07539112388537271,0.6383996937212864,0.13258106151483462,0.625,0,goodware
0.5169030555726056,1.0,1.0,0.07540695818417197,0.6383467278989667,0.13258105189175756,0.625,0,goodware
0.5175362079619465,1.0,1.0,0.075422782392464,0.6382938026013771,0.13258107019179988,0.625,0,goodware
0.5183012512475671,1.0,1.0,0.07543859649122807,0.6382409177820267,0.13258105819252705,0.625,0,goodware
0.5189307499811668,1.0,1.0,0.07545440051880886,0.6381880733944953,0.13258107476709807,0.625,0,goodware
0.516274889935875,1.0,1.0,0.07547019445616727,0.638135269392434,0.1325810615148752,0.625,0,goodware
0.5171369442771198,1.0,1.0,0.07548597832727896,0.6380825057295645,0.13258105189178704,0.625,0,goodware
0.5165418352103666,1.0,1.0,0.075501752156101,0.6380297823596792,0.13258107019182125,0.625,0,goodware
0.5171826869338696,1.0,1.0,0.07551751592356688,0.6379770992366411,0.13258105819254257,0.625,0,goodware
0.5198988860919053,1.0,1.0,0.07553326966794423,0.6379244563143838,0.13258107476710937,0.625,0,goodware
0.5198126280943969,1.0,1.0,0.07554901337014835,0.6378718535469108,0.13258106151488339,0.625,0,goodware
0.5214935074411792,1.0,1.0,0.0755647470540859,0.6378192908882958,0.13258105189179298,0.625,0,goodware
0.5223470210698566,1.0,1.0,0.07558047074364496,0.6377667682926829,0.13258107019182558,0.625,0,goodware
0.5213613817773437,1.0,1.0,0.07559618441971383,0.6377142857142857,0.13258105819254573,0.625,0,goodware
0.5219717787705985,1.0,1.0,0.07561188812048344,0.6376618431073877,0.13258107476711162,0.625,0,goodware
0.5216307300060131,1.0,1.0,0.07562758182682412,0.6376094404263418,0.13258106151488502,0.625,0,goodware
0.5234587885346781,1.0,1.0,0.07564326556257389,0.6375570776255708,0.1325810518917942,0.625,0,goodware
0.5233786219919272,1.0,1.0,0.0756589393515524,0.6375047546595664,0.13258107019182647,0.625,0,goodware
0.5209959938235943,1.0,1.0,0.07567460317460317,0.6374524714828897,0.13258105819254634,0.625,0,goodware
0.5206967407566097,1.0,1.0,0.07569025706984098,0.637400228050171,0.1325810747671121,0.625,0,goodware
0.5179020785523565,1.0,1.0,0.07570590101809163,0.6373480243161094,0.13258106151488538,0.625,0,goodware
0.5185813916921341,1.0,1.0,0.07572153504312505,0.6372958602354728,0.13258105189179442,0.625,0,goodware
0.5175643938196609,1.0,1.0,0.07573715916869281,0.637243735763098,0.13258107019182663,0.625,0,goodware
0.5229759067462312,1.0,1.0,0.0757527733755943,0.63719165085389,0.13258105819254648,0.625,0,goodware
0.522598630255568,1.0,1.0,0.07576837770186848,0.6371396054628224,0.13258107476711217,0.625,0,goodware
0.5208985937165768,1.0,1.0,0.07578397212829716,0.6370875995449374,0.1325810615148854,0.625,0,goodware
0.523476682578088,1.0,1.0,0.07579955667858265,0.6370356330553449,0.13258105189179448,0.625,0,goodware
0.5243323644479203,1.0,1.0,0.07581513137640891,0.6369837059492232,0.13258107019182666,0.625,0,goodware
0.523385467732748,1.0,1.0,0.07583069620253165,0.6369318181818182,0.1325810581925465,0.625,0,goodware
0.523939866899134,1.0,1.0,0.0758462511949145,0.6368799697084437,0.1325810747671122,0.625,0,goodware
0.5227980734669185,1.0,1.0,0.07586179633429584,0.6368281604844814,0.13258106151488547,0.625,0,goodware
0.5233991168985861,1.0,1.0,0.07587733164431068,0.6367763904653803,0.1325810518917945,0.625,0,goodware
0.5243806733806072,1.0,1.0,0.07589285714857594,0.6367246596066566,0.1325810701918267,0.625,0,goodware
0.5235599619236759,1.0,1.0,0.0759083728278041,0.6366729678638942,0.13258105819254654,0.625,0,goodware
0.5240866981515208,1.0,1.0,0.07592387871988392,0.6366213151927438,0.1325810747671122,0.625,0,goodware
0.522836462214569,1.0,1.0,0.0759393748055108,0.6365697015489233,0.13258106151488547,0.625,0,goodware
0.5223284064690779,1.0,1.0,0.07595486110825299,0.6365181268882175,0.1325810518917945,0.625,0,goodware
0.5229701219494503,1.0,1.0,0.0759703376516607,0.636466591166478,0.1325810701918267,0.625,0,goodware
0.5223076179102114,1.0,1.0,0.07598580441640379,0.6364150943396226,0.13258105819254654,0.625,0,goodware
0.5225873860531246,1.0,1.0,0.07600126144029648,0.6363636363636364,0.1325810747671122,0.625,0,goodware
0.521115315923015,1.0,1.0,0.07601670870399177,0.6363122171945701,0.13258106151488547,0.625,0,goodware
0.5214499263644017,1.0,1.0,0.07603214623099157,0.6362608367885413,0.1325810518917945,0.625,0,goodware
0.5211005786360177,1.0,1.0,0.07604757404477983,0.6362094951017332,0.1325810701918267,0.625,0,goodware
0.521100500867554,1.0,1.0,0.07606299212598425,0.6361581920903955,0.13258105819254654,0.625,0,goodware
0.5221921758580217,1.0,1.0,0.07607840051234502,0.6361069277108433,0.1325810747671122,0.625,0,goodware
0.522323165889147,1.0,1.0,0.07609379918447312,0.636055701919458,0.13258106151488547,0.625,0,goodware
0.5257843378368746,1.0,1.0,0.07610918816580461,0.6360045146726863,0.1325810518917945,0.625,0,goodware
0.5249645971895539,1.0,1.0,0.07612456747975763,0.6359533659270402,0.1325810701918267,0.625,0,goodware
0.525487942005535,1.0,1.0,0.07613993710691824,0.6359022556390977,0.13258105819254654,0.625,0,goodware
0.523178500512732,1.0,1.0,0.07615529708495292,0.6358511837655016,0.1325810747671122,0.625,0,goodware
0.5240987999910675,1.0,1.0,0.07617064739443126,0.6358001502629602,0.13258106151488547,0.625,0,goodware
0.5233843333977843,1.0,1.0,0.07618598805872381,0.6357491550882464,0.1325810518917945,0.625,0,goodware
0.5239012803846487,1.0,1.0,0.07620131910118336,0.6356981981981982,0.1325810701918267,0.625,0,goodware
0.5229565212972468,1.0,1.0,0.0762166405023548,0.6356472795497186,0.13258105819254654,0.625,0,goodware
0.5190150158674961,1.0,1.0,0.07623195229983135,0.635596399099775,0.1325810747671122,0.625,0,goodware
0.515211454557962,1.0,1.0,0.07624725447414163,0.6355455568053994,0.13258106151488547,0.625,0,goodware
0.5148410339770133,1.0,1.0,0.07626254704859121,0.6354947526236882,0.1325810518917945,0.625,0,goodware
0.5152884647791467,1.0,1.0,0.07627783004646788,0.6354439865118022,0.1325810701918267,0.625,0,goodware
0.5214753361218457,1.0,1.0,0.07629310344827586,0.6353932584269664,0.13258105819254654,0.625,0,goodware
0.5220996420032953,1.0,1.0,0.07630836729153558,0.6353425683264695,0.1325810747671122,0.625,0,goodware
0.5213050988926895,1.0,1.0,0.07632362155673511,0.6352919161676647,0.13258106151488547,0.625,0,goodware
0.5219530062464726,1.0,1.0,0.07633886626711547,0.6352413019079686,0.1325810518917945,0.625,0,goodware
0.519268848939907,1.0,1.0,0.0763541014458999,0.6351907255048617,0.1325810701918267,0.625,0,goodware
0.51981754650775,1.0,1.0,0.07636932707355243,0.6351401869158879,0.13258105819254654,0.625,0,goodware
0.5190619655669031,1.0,1.0,0.07638454318752104,0.6350896860986547,0.1325810747671122,0.625,0,goodware
0.5197853217161742,1.0,1.0,0.07639974976825385,0.635039223010833,0.13258106151488547,0.625,0,goodware
0.5197169472458237,1.0,1.0,0.07641494683892766,0.6349887976101568,0.1325810518917945,0.625,0,goodware
0.5201688448634518,1.0,1.0,0.07643013442270158,0.6349384098544233,0.1325810701918267,0.625,0,goodware
0.5194516934040176,1.0,1.0,0.0764453125,0.6348880597014925,0.13258105819254654,0.625,0,goodware
0.5202055775127074,1.0,1.0,0.07646048110819881,0.6348377471092876,0.1325810747671122,0.625,0,goodware
0.5219489635232974,1.0,1.0,0.07647564022770661,0.6347874720357942,0.13258106151488547,0.625,0,goodware
0.5229318624121746,1.0,1.0,0.07649078988163646,0.6347372344390607,0.1325810518917945,0.625,0,goodware
0.5230647625371824,1.0,1.0,0.07650593009308379,0.6346870342771982,0.1325810701918267,0.625,0,goodware
0.5223396631793754,1.0,1.0,0.0765210608424337,0.6346368715083799,0.13258105819254654,0.625,0,goodware
0.5228614185960191,1.0,1.0,0.07653618216699047,0.6345867460908414,0.1325810747671122,0.625,0,goodware
0.5222545356841309,1.0,1.0,0.07655129404712367,0.6345366579828806,0.13258106151488547,0.625,0,goodware
0.5257558552369249,1.0,1.0,0.07656639650588297,0.6344866071428572,0.1325810518917945,0.625,0,goodware
0.5215259997740892,1.0,1.0,0.07658148956630054,0.634436593529193,0.1325810701918267,0.625,0,goodware
0.5223800600140825,1.0,1.0,0.07659657320872273,0.6343866171003718,0.13258105819254654,0.625,0,goodware
0.521752859247348,1.0,1.0,0.07661164747038259,0.6343366778149386,0.1325810747671122,0.625,0,goodware
0.5222543659073297,1.0,1.0,0.07662671233161103,0.6342867756315007,0.13258106151488547,0.625,0,goodware
0.5220014598581563,1.0,1.0,0.07664176781539483,0.6342369105087263,0.1325810518917945,0.625,0,goodware
0.5181525019133739,1.0,1.0,0.0766568139447033,0.6341870824053453,0.1325810701918267,0.625,0,goodware
0.5188307845553212,1.0,1.0,0.07667185069984447,0.6341372912801484,0.13258105819254654,0.625,0,goodware
0.5174040250658677,1.0,1.0,0.07668687811798053,0.6340875370919881,0.1325810747671122,0.625,0,goodware
0.5188158652862862,1.0,1.0,0.07670189617940429,0.6340378197997776,0.13258106151488547,0.625,0,goodware
0.5179735245860111,1.0,1.0,0.07671690490703997,0.6339881393624907,0.1325810518917945,0.625,0,goodware
0.5185799005272379,1.0,1.0,0.07673190432379444,0.6339384957391627,0.1325810701918267,0.625,0,goodware
0.5190328544754992,1.0,1.0,0.0767468944099379,0.633888888888889,0.13258105819254654,0.625,0,goodware
0.5196820416318133,1.0,1.0,0.07676187520256199,0.6338393187708256,0.1325810747671122,0.625,0,goodware
0.519418883338702,1.0,1.0,0.07677684668192195,0.6337897853441895,0.13258106151488547,0.625,0,goodware
0.517426047034706,1.0,1.0,0.07679180887087983,0.6337402885682575,0.1325810518917945,0.625,0,goodware
0.5167892402866763,1.0,1.0,0.07680676179228044,0.6336908284023668,0.1325810701918267,0.625,0,goodware
0.5163456541228162,1.0,1.0,0.07682170542635659,0.6336414048059149,0.13258105819254654,0.625,0,goodware
0.5160360325235178,1.0,1.0,0.07683663981012986,0.6335920177383592,0.1325810747671122,0.625,0,goodware
0.5180394544676832,1.0,1.0,0.07685156492381823,0.6335426671592168,0.13258106151488547,0.625,0,goodware
0.5184308713232898,1.0,1.0,0.07686648079022206,0.633493353028065,0.1325810518917945,0.625,0,goodware
0.5198954242088936,1.0,1.0,0.07688138743212448,0.6334440753045405,0.1325810701918267,0.625,0,goodware
0.5217758338891517,1.0,1.0,0.07689628482972136,0.6333948339483395,0.13258105819254654,0.625,0,goodware
0.5226322719219267,1.0,1.0,0.07691117301996458,0.633345628919218,0.1325810747671122,0.625,0,goodware
0.5217765695969426,1.0,1.0,0.07692605198303537,0.6332964601769911,0.13258106151488547,0.625,0,goodware
0.5222781714792117,1.0,1.0,0.07694092174167273,0.6332473276815334,0.1325810518917945,0.625,0,goodware
0.5222937232554544,1.0,1.0,0.07695578231859854,0.6331982313927782,0.1325810701918267,0.625,0,goodware
0.5221066165729252,1.0,1.0,0.07697063369397218,0.6331491712707182,0.13258105819254654,0.625,0,goodware
0.5197777272434697,1.0,1.0,0.07698547590467619,0.633100147275405,0.1325810747671122,0.625,0,goodware
0.5206283074185102,1.0,1.0,0.07700030893085547,0.6330511593669488,0.13258106151488547,0.625,0,goodware
0.5194114398486207,1.0,1.0,0.0770151327951881,0.6330022075055188,0.1325810518917945,0.625,0,goodware
0.520240950319119,1.0,1.0,0.0770299475203351,0.6329532916513424,0.1325810701918267,0.625,0,goodware
0.5192100987471956,1.0,1.0,0.07704475308641975,0.6329044117647059,0.13258105819254654,0.625,0,goodware
0.5197562891648114,1.0,1.0,0.07705954953025568,0.6328555678059538,0.1325810747671122,0.625,0,goodware
0.5207186295386471,1.0,1.0,0.07707433683195188,0.6328067597354886,0.13258106151488547,0.625,0,goodware
0.5195121822605246,1.0,1.0,0.07708911501412588,0.6327579875137717,0.1325810518917945,0.625,0,goodware
0.5202776084002074,1.0,1.0,0.07710388409937824,0.6327092511013216,0.1325810701918267,0.625,0,goodware
0.5194762484126434,1.0,1.0,0.07711864406779662,0.6326605504587156,0.13258105819254654,0.625,0,goodware
0.5203944417347613,1.0,1.0,0.07713339495612602,0.6326118855465884,0.1325810747671122,0.625,0,goodware
0.51908139343908,1.0,1.0,0.07714813674444003,0.6325632563256325,0.13258106151488547,0.625,0,goodware
0.5198947723725104,1.0,1.0,0.07716286945529602,0.6325146627565983,0.1325810518917945,0.625,0,goodware
0.521211669483269,1.0,1.0,0.0771775931112344,0.6324661048002931,0.1325810701918267,0.625,0,goodware
0.5221384143366238,1.0,1.0,0.0771923076923077,0.6324175824175824,0.13258105819254654,0.625,0,goodware
0.520880647729788,1.0,1.0,0.07720701323519266,0.6323690955693886,0.1325810747671122,0.625,0,goodware
0.5216677102563531,1.0,1.0,0.0772217097199279,0.6323206442166911,0.13258106151488547,0.625,0,goodware
0.5240458760742364,1.0,1.0,0.07723639716901097,0.6322722283205269,0.1325810518917945,0.625,0,goodware
0.5228146308784142,1.0,1.0,0.07725107560492259,0.6322238478419897,0.1325810701918267,0.625,0,goodware
0.5235824888830036,1.0,1.0,0.07726574500768049,0.6321755027422303,0.13258105819254654,0.625,0,goodware
0.5215656444092049,1.0,1.0,0.07728040541389361,0.6321271929824561,0.1325810747671122,0.625,0,goodware
0.5211348814356287,1.0,1.0,0.07729505680356594,0.6320789185239313,0.13258106151488547,0.625,0,goodware
0.5209547449542553,1.0,1.0,0.07730969919913565,0.6320306793279766,0.1325810518917945,0.625,0,goodware
0.5204836231579969,1.0,1.0,0.0773243326230241,0.6319824753559693,0.1325810701918267,0.625,0,goodware
0.5213374055085317,1.0,1.0,0.07733895705521472,0.631934306569343,0.13258105819254654,0.625,0,goodware
0.5201342190489504,1.0,1.0,0.07735357253224893,0.6318861729295877,0.1325810747671122,0.625,0,goodware
0.5209036774194502,1.0,1.0,0.07736817903409657,0.6318380743982495,0.13258106151488547,0.625,0,goodware
0.5218878404608643,1.0,1.0,0.07738277658313676,0.6317900109369303,0.1325810518917945,0.625,0,goodware
0.5227627435698289,1.0,1.0,0.07739736520173192,0.6317419825072886,0.1325810701918267,0.625,0,goodware
0.5218012228805682,1.0,1.0,0.07741194486983155,0.6316939890710382,0.13258105819254654,0.625,0,goodware
0.5225027409731432,1.0,1.0,0.07742651562390994,0.631646030589949,0.1325810747671122,0.625,0,goodware
0.5199853520749971,1.0,1.0,0.07744107744390319,0.6315981070258464,0.13258106151488547,0.625,0,goodware
0.5207379859282517,1.0,1.0,0.07745563035213175,0.6315502183406114,0.1325810518917945,0.625,0,goodware
0.5198376348529044,1.0,1.0,0.07747017437089945,0.6315023644961804,0.1325810701918267,0.625,0,goodware
0.5204945525536515,1.0,1.0,0.07748470948012233,0.6314545454545455,0.13258105819254654,0.625,0,goodware
0.5210035113438743,1.0,1.0,0.07749923571620784,0.6314067611777535,0.1325810747671122,0.625,0,goodware
0.5217928509009478,1.0,1.0,0.07751375305905879,0.631359011627907,0.13258106151488547,0.625,0,goodware
0.5208959984459609,1.0,1.0,0.07752826153093734,0.631311296767163,0.1325810518917945,0.625,0,goodware
0.5215622526014718,1.0,1.0,0.07754276115408908,0.6312636165577342,0.1325810701918267,0.625,0,goodware
0.5217217545980122,1.0,1.0,0.07755725190839695,0.6312159709618874,0.13258105819254654,0.625,0,goodware
0.5219642329786568,1.0,1.0,0.07757173383020202,0.6311683599419449,0.1325810747671122,0.625,0,goodware
0.5222657948265071,1.0,1.0,0.07758620689937412,0.631120783460283,0.13258106151488547,0.625,0,goodware
0.5228548064357208,1.0,1.0,0.07760067113811754,0.6310732414793329,0.1325810518917945,0.625,0,goodware
0.5230083791539417,1.0,1.0,0.07761512656861998,0.6310257339615803,0.1325810701918267,0.625,0,goodware
0.5221767842454296,1.0,1.0,0.0776295731707317,0.6309782608695652,0.13258105819254654,0.625,0,goodware
0.5227550032479039,1.0,1.0,0.07764401098072773,0.6309308221658819,0.1325810747671122,0.625,0,goodware
0.5191881810228766,1.0,1.0,0.07765843997844533,0.6308834178131788,0.13258106151488547,0.625,0,goodware
0.5198776553053295,1.0,1.0,0.07767286018603128,0.6308360477741586,0.1325810518917945,0.625,0,goodware
0.5192276669866605,1.0,1.0,0.07768727162561574,0.6307887120115774,0.1325810701918267,0.625,0,goodware
0.5197020524286338,1.0,1.0,0.07770167427701674,0.630741410488246,0.13258105819254654,0.625,0,goodware
0.5184709678762198,1.0,1.0,0.07771606817644353,0.6306941431670282,0.1325810747671122,0.625,0,goodware
0.5191000261275164,1.0,1.0,0.0777304533037013,0.630646910010842,0.13258106151488547,0.625,0,goodware
0.5184518599497697,1.0,1.0,0.07774482968087959,0.6305997109826589,0.1325810518917945,0.625,0,goodware
0.5189421561842886,1.0,1.0,0.07775919733005146,0.6305525460455038,0.1325810701918267,0.625,0,goodware
0.521396422365168,1.0,1.0,0.07777355623100304,0.630505415162455,0.13258105819254654,0.625,0,goodware
0.5220168873557125,1.0,1.0,0.07778790641987819,0.6304583182966439,0.1325810747671122,0.625,0,goodware
0.5211729135087246,1.0,1.0,0.07780224787645042,0.6304112554112554,0.13258106151488547,0.625,0,goodware
0.5216227686746985,1.0,1.0,0.07781658062275236,0.6303642264695276,0.1325810518917945,0.625,0,goodware
0.5181347478217331,1.0,1.0,0.07783090468080034,0.6303172314347513,0.1325810701918267,0.625,0,goodware
0.5188412007749063,1.0,1.0,0.07784522003034902,0.6302702702702703,0.13258105819254654,0.625,0,goodware
0.5180939754752445,1.0,1.0,0.07785952670747717,0.6302233429394812,0.1325810747671122,0.625,0,goodware
0.5186636788620779,1.0,1.0,0.07787382469192698,0.6301764494058336,0.13258106151488547,0.625,0,goodware
0.5209639531673033,1.0,1.0,0.07788811400567466,0.6301295896328294,0.1325810518917945,0.625,0,goodware
0.5217019743033728,1.0,1.0,0.07790239467068003,0.630082763584023,0.1325810701918267,0.625,0,goodware
0.5210677746983318,1.0,1.0,0.07791666666666666,0.6300359712230216,0.13258105819254654,0.625,0,goodware
0.5215290062433001,1.0,1.0,0.07793093002964867,0.6299892125134843,0.1325810747671122,0.625,0,goodware
0.5188622987388598,1.0,1.0,0.0779451847393373,0.629942487419123,0.13258106151488547,0.625,0,goodware
0.5194906314635441,1.0,1.0,0.0779594308176526,0.629895795903701,0.1325810518917945,0.625,0,goodware
0.5189472471745963,1.0,1.0,0.0779736682864983,0.6298491379310345,0.1325810701918267,0.625,0,goodware
0.5193885748833513,1.0,1.0,0.07798789712556732,0.6298025134649909,0.13258105819254654,0.625,0,goodware
0.5209313756077734,1.0,1.0,0.07800211737080935,0.6297559224694903,0.1325810747671122,0.625,0,goodware
0.5215981624839269,1.0,1.0,0.07801632900190512,0.6297093649085037,0.13258106151488547,0.625,0,goodware
0.5209745538476727,1.0,1.0,0.07803053204071887,0.6296628407460545,0.1325810518917945,0.625,0,goodware
0.5214394271572038,1.0,1.0,0.07804472650909862,0.6296163499462173,0.1325810701918267,0.625,0,goodware
0.5206370598615134,1.0,1.0,0.07805891238670695,0.6295698924731183,0.13258105819254654,0.625,0,goodware
0.5213075621397935,1.0,1.0,0.07807308970942951,0.6295234682909352,0.1325810747671122,0.625,0,goodware
0.5206950277152274,1.0,1.0,0.07808725845691689,0.6294770773638969,0.13258106151488547,0.625,0,goodware
0.5211469342823184,1.0,1.0,0.07810141865097783,0.6294307196562836,0.1325810518917945,0.625,0,goodware
0.5200533041064482,1.0,1.0,0.07811557031340502,0.6293843951324266,0.1325810701918267,0.625,0,goodware
0.5207854434473449,1.0,1.0,0.07812971342383107,0.6293381037567084,0.13258105819254654,0.625,0,goodware
0.5200306639836023,1.0,1.0,0.07814384801807793,0.6292918454935622,0.1325810747671122,0.625,0,goodware
0.5205311249069555,1.0,1.0,0.0781579740757664,0.6292456203074723,0.13258106151488547,0.625,0,goodware
0.5199942271992655,1.0,1.0,0.07817209161865014,0.6291994281629736,0.1325810518917945,0.625,0,goodware
0.5206547661124087,1.0,1.0,0.07818620066846672,0.6291532690246517,0.1325810701918267,0.625,0,goodware
0.5199205751249881,1.0,1.0,0.07820030120481927,0.6291071428571429,0.13258105819254654,0.625,0,goodware
0.5204587700207431,1.0,1.0,0.07821439326346633,0.6290610496251339,0.1325810747671122,0.625,0,goodware
0.5202658923724386,1.0,1.0,0.07822847682399928,0.6290149892933619,0.13258106151488547,0.625,0,goodware
0.5198153602958132,1.0,1.0,0.07824255190811699,0.6289689618266143,0.1325810518917945,0.625,0,goodware
0.5204359701718392,1.0,1.0,0.07825661853750235,0.628922967189729,0.1325810701918267,0.625,0,goodware
0.5197856738488184,1.0,1.0,0.07827067669172932,0.6288770053475936,0.13258105819254654,0.625,0,goodware
0.5200764405117111,1.0,1.0,0.07828472640649332,0.6288310762651461,0.1325810747671122,0.625,0,goodware
0.5204981557920586,1.0,1.0,0.07829876766135677,0.6287851799073745,0.13258106151488547,0.625,0,goodware
0.5217225910474903,1.0,1.0,0.07831280047796406,0.6287393162393162,0.1325810518917945,0.625,0,goodware
0.521959053029928,1.0,1.0,0.07832682487794371,0.6286934852260591,0.1325810701918267,0.625,0,goodware
0.5208662118358833,1.0,1.0,0.07834084084084084,0.6286476868327402,0.13258105819254654,0.625,0,goodware
0.48571896405482706,1.0,0.76,0.001498422712933754,0.5869565217391304,0.0,0.625,0,goodware
0.5216785818277697,1.0,1.0,0.07833133253581567,0.6286019210245464,0.09627361243123957,0.625,0,goodware
0.5212580690795168,1.0,1.0,0.07834533453065122,0.6285561877667141,0.1062164347125637,0.625,0,goodware
0.5181012506306844,1.0,1.0,0.0783593281399767,0.628510487024529,0.11343642662338127,0.625,0,goodware
0.5173785325592665,1.0,1.0,0.07837331334332834,0.6284648187633262,0.11867919476082892,0.625,0,goodware
0.5214356231998576,1.0,1.0,0.07838729017626903,0.6284191829484902,0.12248624886737944,0.625,0,goodware
0.5225308546876875,1.0,1.0,0.07840125861832369,0.6283735795454546,0.1252507139676291,0.625,0,goodware
0.5217387159314123,1.0,1.0,0.07841521869102822,0.6283280085197018,0.12725812748504572,0.625,0,goodware
0.5222766252581921,1.0,1.0,0.07842917041590267,0.6282824698367637,0.12871583331710879,0.625,0,goodware
0.5215709488969732,1.0,1.0,0.07844311377245508,0.6282369634622207,0.1297743203720455,0.625,0,goodware
0.5188720678240123,1.0,1.0,0.0784570487961863,0.6281914893617021,0.1305429645681939,0.625,0,goodware
0.5197324490260613,1.0,1.0,0.07847097546659319,0.6281460475008862,0.13110108986940375,0.625,0,goodware
0.5188309867387068,1.0,1.0,0.0784848938051582,0.6281006378454996,0.13150637198852316,0.625,0,goodware
0.5192785391913848,1.0,1.0,0.07849880383334797,0.6280552603613178,0.1318006923255966,0.625,0,goodware
0.5207323131206005,1.0,1.0,0.07851270553064274,0.6280099150141643,0.13201438759966347,0.625,0,goodware
0.5198128517419469,1.0,1.0,0.07852659893248157,0.6279646017699114,0.1321695874146612,0.625,0,goodware
0.5201501695435643,1.0,1.0,0.07854048401833366,0.6279193205944799,0.13228226039293187,0.625,0,goodware
0.5245871911315416,1.0,1.0,0.07855436080962831,0.627874071453838,0.1323640777613652,0.625,0,goodware
0.5234438088201584,1.0,1.0,0.07856822932777907,0.6278288543140028,0.13242351461791474,0.625,0,goodware
0.5243381763630183,1.0,1.0,0.0785820895522388,0.6277836691410392,0.13246664937299346,0.625,0,goodware
0.5229830519508792,1.0,1.0,0.07859594151838499,0.62773851590106,0.1324979969034535,0.625,0,goodware
0.5205330385344664,1.0,1.0,0.07860978520565962,0.6276933945602261,0.13252073460879013,0.625,0,goodware
0.5197954157887148,1.0,1.0,0.07862362063543911,0.6276483050847458,0.1325372455703659,0.625,0,goodware
0.5197432526096026,1.0,1.0,0.07863744782908426,0.6276032474408755,0.1325492602700632,0.625,0,goodware
0.5204076382225761,1.0,1.0,0.07865126676602087,0.6275582215949189,0.1325579594502509,0.625,0,goodware
0.52240863311602,1.0,1.0,0.0786650774815652,0.6275132275132276,0.13256430163571709,0.625,0,goodware
0.5226943703053857,1.0,1.0,0.07867887995513234,0.6274682651622003,0.13256888172260342,0.625,0,goodware
0.5218186424695014,1.0,1.0,0.07869267420804618,0.6274233345082834,0.13257220754803192,0.625,0,goodware
0.5205993212525495,1.0,1.0,0.07870646026161508,0.6273784355179703,0.13257464787938494,0.625,0,goodware
0.522355934614146,1.0,1.0,0.0787202380952381,0.6273335681578021,0.13257639463690696,0.625,0,goodware
0.5210825401551149,1.0,1.0,0.07873400774417064,0.6272887323943662,0.13257768833028766,0.625,0,goodware
0.5222603814973645,1.0,1.0,0.07874776918780116,0.6272439281942979,0.13257860245723382,0.625,0,goodware
0.5243262573864866,1.0,1.0,0.0787615224474014,0.6271991555242786,0.13257926624958488,0.625,0,goodware
0.5238725338646788,1.0,1.0,0.07877526754422756,0.6271544143510377,0.13257977354930722,0.625,0,goodware
0.5234707527680401,1.0,1.0,0.0787890044576523,0.6271097046413502,0.13258011663690145,0.625,0,goodware
0.5234693406018903,1.0,1.0,0.07880273322287049,0.6270650263620386,0.13258039105730893,0.625,0,goodware
0.5242386801565156,1.0,1.0,0.07881645381924432,0.6270203794799719,0.13258056503970805,0.625,0,goodware
0.5232350433804485,1.0,1.0,0.07883016626799369,0.6269757639620653,0.13258069137685,0.625,0,goodware
0.523612158549677,1.0,1.0,0.0788438705903229,0.6269311797752809,0.1325808084042169,0.625,0,goodware
0.5237648188183832,1.0,1.0,0.07885756676557863,0.6268866268866269,0.13258086809574027,0.625,0,goodware
0.523019464590868,1.0,1.0,0.07887125482889545,0.6268421052631579,0.13258093672848362,0.625,0,goodware
0.523729727160384,1.0,1.0,0.07888493475960967,0.6267976148719747,0.13258096127827587,0.625,0,goodware
0.522833508436332,1.0,1.0,0.07889860657888959,0.6267531556802244,0.13258097910508254,0.625,0,goodware
0.5231640748733599,1.0,1.0,0.07891227030788801,0.6267087276550999,0.13258101733781982,0.625,0,goodware
0.5241264539231855,1.0,1.0,0.07892592592592593,0.6266643307638402,0.13258101981266326,0.625,0,goodware
0.5249614547474142,1.0,1.0,0.0789395734680779,0.6266199649737303,0.13258104689759376,0.625,0,goodware
0.5240575145507835,1.0,1.0,0.07895321291365472,0.6265756302521008,0.132581041277463,0.625,0,goodware
0.5243929575061955,1.0,1.0,0.07896684428377336,0.6265313265663284,0.1325810371964108,0.625,0,goodware
0.5271169116777986,1.0,1.0,0.07898046759953549,0.6264870538838349,0.13258105952078675,0.625,0,goodware
0.5278671856397522,1.0,1.0,0.07899408284023669,0.6264428121720882,0.1325810504437817,0.625,0,goodware
0.5268010259138146,1.0,1.0,0.07900769004089185,0.6263986013986014,0.13258106914035347,0.625,0,goodware
0.5272999364453195,1.0,1.0,0.07902128918078653,0.6263544215309332,0.13258105742902032,0.625,0,goodware
0.5256108285249275,1.0,1.0,0.07903488028098679,0.6263102725366876,0.1325810489248477,0.625,0,goodware
0.5249696718313999,1.0,1.0,0.07904846336254333,0.6262661543835137,0.13258106803738084,0.625,0,goodware
0.5231461188190194,1.0,1.0,0.07906203840472673,0.6262220670391061,0.13258105662809788,0.625,0,goodware
0.5244914563089195,1.0,1.0,0.07907560544249251,0.6261780104712042,0.13258107363108923,0.625,0,goodware
0.5218370651141456,1.0,1.0,0.07908916445510131,0.6261339846475924,0.1325810606899635,0.625,0,goodware
0.5244988355431017,1.0,1.0,0.07910271546356853,0.6260899895361005,0.13258105129277825,0.625,0,goodware
0.5253578025183917,1.0,1.0,0.0791162584888943,0.6260460251046025,0.13258106975685158,0.625,0,goodware
0.5246566722692695,1.0,1.0,0.07912979351032448,0.6260020913210178,0.13258105787668978,0.625,0,goodware
0.5250435480105511,1.0,1.0,0.0791433205627555,0.6259581881533101,0.1325810745377531,0.625,0,goodware
0.5238392680418438,1.0,1.0,0.07915683962542341,0.625914315569488,0.13258106134833658,0.625,0,goodware
0.5247164032112901,1.0,1.0,0.0791703507192933,0.6258704735376044,0.13258105177085522,0.625,0,goodware
0.5239268058800143,1.0,1.0,0.07918385386531493,0.6258266620257571,0.13258107010400672,0.625,0,goodware
0.524445949111746,1.0,1.0,0.07919734904270986,0.6257828810020877,0.13258105812877613,0.625,0,goodware
0.5234692012729409,1.0,1.0,0.07921083628631567,0.6257391304347826,0.1325810747208054,0.625,0,goodware
0.5223757525886236,1.0,1.0,0.0792243155753442,0.6256954102920723,0.13258106148125984,0.625,0,goodware
0.5232038225073161,1.0,1.0,0.07923778693071046,0.6256517205422315,0.1325810518673773,0.625,0,goodware
0.5225197052272219,1.0,1.0,0.0792512503733142,0.6256080611535788,0.13258107017409612,0.625,0,goodware
0.5231437705872863,1.0,1.0,0.07926470588235293,0.6255644320944773,0.1325810581796715,0.625,0,goodware
0.5219620876096643,1.0,1.0,0.07927815349260572,0.6255208333333333,0.132581074757763,0.625,0,goodware
0.521492005470257,1.0,1.0,0.07929159318326053,0.6254772648385978,0.13258106150809654,0.625,0,goodware
0.5222772431773259,1.0,1.0,0.07930502497518252,0.6254337265787647,0.13258105188686473,0.625,0,goodware
0.521406354961447,1.0,1.0,0.0793184488892218,0.6253902185223725,0.13258107018824694,0.625,0,goodware
0.5219622663850528,1.0,1.0,0.07933186490455213,0.6253467406380028,0.1325810581899471,0.625,0,goodware
0.5231836213247245,1.0,1.0,0.07934527305589432,0.6253032928942808,0.13258107476522465,0.625,0,goodware
0.5215939310706806,1.0,1.0,0.07935867332241277,0.6252598752598753,0.1325810615135148,0.625,0,goodware
0.5236316564269881,1.0,1.0,0.07937206572492315,0.6252164877034985,0.1325810518907992,0.625,0,goodware
0.5246394945581249,1.0,1.0,0.07938545028422615,0.6251731301939059,0.13258107019110393,0.625,0,goodware
0.5236836398814049,1.0,1.0,0.07939882697947213,0.6251298026998962,0.1325810581920217,0.625,0,goodware
0.5242392866300029,1.0,1.0,0.07941219584532395,0.6250865051903114,0.13258107476673112,0.625,0,goodware
0.5229904345246329,1.0,1.0,0.0794255568609227,0.6250432376340367,0.13258106151460872,0.625,0,goodware
0.5224108939980594,1.0,1.0,0.0794389100470349,0.625,0.13258105189159355,0.625,0,goodware
0.5236523250711763,1.0,1.0,0.0794522554244121,0.6249567922571725,0.13258107019168075,0.625,0,goodware
0.5222941285525872,1.0,1.0,0.07946559297218156,0.624913614374568,0.13258105819244057,0.625,0,goodware
0.5226101173701669,1.0,1.0,0.07947892272494844,0.6248704663212435,0.13258107476703526,0.625,0,goodware
0.5207240123923471,1.0,1.0,0.07949224466183091,0.6248273480662984,0.13258106151482957,0.625,0,goodware
0.5214049858540776,1.0,1.0,0.07950555880354657,0.6247842595788746,0.13258105189175393,0.625,0,goodware
0.522521476031136,1.0,1.0,0.07951886517079812,0.6247412008281574,0.1325810701917972,0.625,0,goodware
0.5232536121018829,1.0,1.0,0.07953216374269005,0.6246981717833735,0.13258105819252514,0.625,0,goodware
0.5222768258995653,1.0,1.0,0.07954545455377014,0.6246551724137931,0.13258107476709668,0.625,0,goodware
0.5227270617977603,1.0,1.0,0.07955873758313388,0.624612202688728,0.1325810615148742,0.625,0,goodware
0.5244168170427081,1.0,1.0,0.07957201285145027,0.6245692625775328,0.13258105189178632,0.625,0,goodware
0.5273329058887276,1.0,1.0,0.07958528037937343,0.6245263520496038,0.13258107019182072,0.625,0,goodware
0.5238212806788067,1.0,1.0,0.0795985401459854,0.6244834710743802,0.1325810581925422,0.625,0,goodware
0.5241280929735543,1.0,1.0,0.07961179218577683,0.6244406196213426,0.13258107476710906,0.625,0,goodware
0.5250012820919691,1.0,1.0,0.07962503647782085,0.6243977976600137,0.1325810615148832,0.625,0,goodware
0.5235605322955497,1.0,1.0,0.07963827304273816,0.6243550051599587,0.13258105189179284,0.625,0,goodware
0.5238452921292409,1.0,1.0,0.07965150190113456,0.6243122420907841,0.13258107019182547,0.625,0,goodware
0.5250949956494558,1.0,1.0,0.07966472303206998,0.6242695084221381,0.13258105819254565,0.625,0,goodware
0.5221835072134038,1.0,1.0,0.07967793646997814,0.6242268041237113,0.1325810747671116,0.625,0,goodware
0.5220376639304142,1.0,1.0,0.07969114219391024,0.6241841291652352,0.13258106151488497,0.625,0,goodware
0.523243220056639,1.0,1.0,0.07970434022443883,0.6241414835164836,0.13258105189179417,0.625,0,goodware
0.5221640600295145,1.0,1.0,0.07971753058212176,0.6240988671472709,0.13258107019182644,0.625,0,goodware
0.5228780650448723,1.0,1.0,0.07973071324599709,0.6240562800274536,0.13258105819254634,0.625,0,goodware
0.5222473081135877,1.0,1.0,0.07974388825044197,0.6240137221269297,0.13258107476711206,0.625,0,goodware
0.5225560859633888,1.0,1.0,0.07975705557448583,0.6239711934156378,0.13258106151488536,0.625,0,goodware
0.5229089865321593,1.0,1.0,0.07977021523865348,0.6239286938635584,0.13258105189179442,0.625,0,goodware
0.523901316725639,1.0,1.0,0.07978336726345503,0.6238862234407128,0.13258107019182663,0.625,0,goodware
0.5209920606373644,1.0,1.0,0.07979651162790698,0.6238437821171634,0.13258105819254648,0.625,0,goodware
0.5226052803659227,1.0,1.0,0.07980964836633017,0.6238013698630137,0.13258107476711217,0.625,0,goodware
0.5231564151500206,1.0,1.0,0.07982277745773261,0.6237589866484081,0.1325810615148854,0.625,0,goodware
0.5247247233642589,1.0,1.0,0.07983589892259159,0.6237166324435318,0.13258105189179448,0.625,0,goodware
0.5239172710113852,1.0,1.0,0.07984901278136977,0.6236743072186111,0.13258107019182666,0.625,0,goodware
0.5238691291932775,1.0,1.0,0.07986211901306241,0.6236320109439124,0.1325810581925465,0.625,0,goodware
0.5252802800246413,1.0,1.0,0.07987521765193431,0.6235897435897436,0.1325810747671122,0.625,0,goodware
0.5261475150164372,1.0,1.0,0.07988830867697228,0.6235475051264525,0.13258106151488547,0.625,0,goodware
0.5251627952758786,1.0,1.0,0.07990139210860644,0.6235052955244278,0.1325810518917945,0.625,0,goodware
0.525734556658617,1.0,1.0,0.07991446796725228,0.6234631147540983,0.1325810701918267,0.625,0,goodware
0.5255234738633318,1.0,1.0,0.07992753623188406,0.6234209627859337,0.13258105819254654,0.625,0,goodware
0.5219748264977043,1.0,1.0,0.07994059693671081,0.6233788395904437,0.1325810747671122,0.625,0,goodware
0.5230517172495425,1.0,1.0,0.0799536500606985,0.6233367451381782,0.13258106151488547,0.625,0,goodware
0.5224910623622078,1.0,1.0,0.0799666956242303,0.6232946793997272,0.1325810518917945,0.625,0,goodware
0.519757180584707,1.0,1.0,0.07997973364767477,0.6232526423457211,0.1325810701918267,0.625,0,goodware
0.5204869524722621,1.0,1.0,0.07999276410998553,0.6232106339468302,0.13258105819254654,0.625,0,goodware
0.5196756810115132,1.0,1.0,0.08000578704531605,0.6231686541737649,0.1325810747671122,0.625,0,goodware
0.5202706318599019,1.0,1.0,0.08001880243261181,0.6231267029972751,0.13258106151488547,0.625,0,goodware
0.5223179183088118,1.0,1.0,0.08003181029220921,0.6230847803881512,0.1325810518917945,0.625,0,goodware
0.5214332074068031,1.0,1.0,0.08004481064443023,0.6230428863172226,0.1325810701918267,0.625,0,goodware
0.5225926200322819,1.0,1.0,0.0800578034682081,0.6230010207553589,0.13258105819254654,0.625,0,goodware
0.5214857809312199,1.0,1.0,0.08007078879764101,0.6229591836734694,0.1325810747671122,0.625,0,goodware
0.5221619462001532,1.0,1.0,0.08008376661165417,0.6229173750425026,0.13258106151488547,0.625,0,goodware
0.5211736215273179,1.0,1.0,0.08009673693053761,0.6228755948334466,0.1325810518917945,0.625,0,goodware
0.5210051432972624,1.0,1.0,0.08010969977456686,0.6228338430173292,0.1325810701918267,0.625,0,goodware
0.5218952056081022,1.0,1.0,0.08012265512265512,0.6227921195652174,0.13258105819254654,0.625,0,goodware
0.5209149843377291,1.0,1.0,0.08013560300884556,0.6227504244482174,0.1325810747671122,0.625,0,goodware
0.5216237630949624,1.0,1.0,0.08014854341204339,0.6227087576374746,0.13258106151488547,0.625,0,goodware
0.5244843195046577,1.0,1.0,0.0801614763524925,0.6226671191041737,0.1325810518917945,0.625,0,goodware
0.5261435545611962,1.0,1.0,0.08017440185042232,0.6226255088195387,0.1325810701918267,0.625,0,goodware
0.5272161640479677,1.0,1.0,0.08018731988472623,0.6225839267548321,0.13258105819254654,0.625,0,goodware
0.5261541737893123,1.0,1.0,0.08020023048939263,0.6225423728813559,0.1325810747671122,0.625,0,goodware
0.5267402926686229,1.0,1.0,0.08021313364330707,0.6225008471704507,0.13258106151488547,0.625,0,goodware
0.5247093656942373,1.0,1.0,0.08022602936666753,0.6224593495934959,0.1325810518917945,0.625,0,goodware
0.5270516245887539,1.0,1.0,0.08023891767965759,0.6224178801219099,0.1325810701918267,0.625,0,goodware
0.5255299375344652,1.0,1.0,0.08025179856115108,0.6223764387271497,0.13258105819254654,0.625,0,goodware
0.5262901947474314,1.0,1.0,0.08026467204508195,0.6223350253807107,0.1325810747671122,0.625,0,goodware
0.5252163477680325,1.0,1.0,0.08027753811031632,0.6222936400541272,0.13258106151488547,0.625,0,goodware
0.5258798377866576,1.0,1.0,0.08029039677700651,0.6222522827189719,0.1325810518917945,0.625,0,goodware
0.5243686810013092,1.0,1.0,0.08030324806529054,0.622210953346856,0.1325810701918267,0.625,0,goodware
0.5255586268583111,1.0,1.0,0.08031609195402298,0.6221696519094289,0.13258105819254654,0.625,0,goodware
0.5265380426812839,1.0,1.0,0.08032892847708356,0.6221283783783784,0.1325810747671122,0.625,0,goodware
0.5250967745271048,1.0,1.0,0.08034175761331921,0.6220871327254306,0.13258106151488547,0.625,0,goodware
0.5258011076974074,1.0,1.0,0.08035457938283692,0.6220459149223498,0.1325810518917945,0.625,0,goodware
0.5206197009741012,1.0,1.0,0.08036739380572935,0.6220047249409382,0.1325810701918267,0.625,0,goodware
0.5199055075658349,1.0,1.0,0.08038020086083214,0.6219635627530364,0.13258105819254654,0.625,0,goodware
0.5208333854209812,1.0,1.0,0.08039300058197096,0.6219224283305227,0.1325810747671122,0.625,0,goodware
0.5198245122373968,1.0,1.0,0.08040579294797394,0.6218813216453136,0.13258106151488547,0.625,0,goodware
0.5205287283498587,1.0,1.0,0.08041857797890292,0.621840242669363,0.1325810518917945,0.625,0,goodware
0.5199032263587581,1.0,1.0,0.08043135569480549,0.621799191374663,0.1325810701918267,0.625,0,goodware
0.5183830714940005,1.0,1.0,0.08044412607449856,0.6217581677332435,0.13258105819254654,0.625,0,goodware
0.5193189660119367,1.0,1.0,0.08045688915175411,0.6217171717171717,0.1325810747671122,0.625,0,goodware
0.518400819519137,1.0,1.0,0.08046964490538165,0.6216762032985527,0.13258106151488547,0.625,0,goodware
0.5190123276586557,1.0,1.0,0.08048239335539815,0.6216352624495289,0.1325810518917945,0.625,0,goodware
0.5173715301216774,1.0,1.0,0.08049513452180639,0.6215943491422805,0.1325810701918267,0.625,0,goodware
0.5149249839496376,1.0,1.0,0.08050786838340487,0.621553463349025,0.13258105819254654,0.625,0,goodware
0.5156750187117305,1.0,1.0,0.08052059497391202,0.6215126050420168,0.1325810747671122,0.625,0,goodware
0.5150562740601551,1.0,1.0,0.08053331427211904,0.6214717741935484,0.13258106151488547,0.625,0,goodware
0.5178569689572806,1.0,1.0,0.08054602629799833,0.6214309707759489,0.1325810518917945,0.625,0,goodware
0.5189968798320698,1.0,1.0,0.08055873107150806,0.621390194761585,0.1325810701918267,0.625,0,goodware
0.5153590905110073,1.0,1.0,0.08057142857142857,0.62134944612286,0.13258105819254654,0.625,0,goodware
0.5104523239662296,1.0,1.0,0.08058411883142505,0.6213087248322148,0.1325810747671122,0.625,0,goodware
0.5112174540930197,1.0,1.0,0.08059680183027067,0.6212680308621268,0.13258106151488547,0.625,0,goodware
0.5105756682552867,1.0,1.0,0.08060947758789341,0.6212273641851107,0.1325810518917945,0.625,0,goodware
0.5243389266246329,1.0,1.0,0.08062214612420714,0.6211867247737177,0.1325810701918267,0.625,0,goodware
0.5239019379326215,1.0,1.0,0.08063480741797432,0.6211461126005362,0.13258105819254654,0.625,0,goodware
0.5237728242918861,1.0,1.0,0.08064746150280713,0.6211055276381909,0.1325810747671122,0.625,0,goodware
0.5222578817647271,1.0,1.0,0.08066010835746092,0.6210649698593436,0.13258106151488547,0.625,0,goodware
0.5227641145792348,1.0,1.0,0.08067274800181957,0.6210244392366924,0.1325810518917945,0.625,0,goodware
0.5232586766833279,1.0,1.0,0.08068538045575288,0.6209839357429718,0.1325810701918267,0.625,0,goodware
0.5215254035026792,1.0,1.0,0.0806980056980057,0.6209434593509535,0.13258105819254654,0.625,0,goodware
0.51972564263243,1.0,1.0,0.08071062376213739,0.6209030100334448,0.1325810747671122,0.625,0,goodware
0.5178415699321752,1.0,1.0,0.08072323462688581,0.6208625877632898,0.13258106151488547,0.625,0,goodware
0.5171530474244668,1.0,1.0,0.08073583831209095,0.620822192513369,0.1325810518917945,0.625,0,goodware
0.5174616656246662,1.0,1.0,0.0807484348375788,0.6207818242565988,0.1325810701918267,0.625,0,goodware
0.5195059020242067,1.0,1.0,0.08076102418207681,0.6207414829659319,0.13258105819254654,0.625,0,goodware
0.5187922245566858,1.0,1.0,0.08077360637909184,0.6207011686143573,0.1325810747671122,0.625,0,goodware
0.5186809736819741,1.0,1.0,0.08078618140734446,0.6206608811748999,0.13258106151488547,0.625,0,goodware
0.5195158213139419,1.0,1.0,0.08079874928663106,0.6206206206206206,0.1325810518917945,0.625,0,goodware
0.5220161270120005,1.0,1.0,0.080811310036734,0.6205803869246165,0.1325810701918267,0.625,0,goodware
0.5210087797642552,1.0,1.0,0.08082386363636364,0.62054018006002,0.13258105819254654,0.625,0,goodware
0.5235477088964807,1.0,1.0,0.08083641011897455,0.6205,0.1325810747671122,0.625,0,goodware
0.5222260241242603,1.0,1.0,0.08084894946327029,0.6204598467177607,0.13258106151488547,0.625,0,goodware
0.5206743228132708,1.0,1.0,0.08086148168900384,0.6204197201865422,0.1325810518917945,0.625,0,goodware
0.5211724245951239,1.0,1.0,0.08087400681591426,0.6203796203796204,0.1325810701918267,0.625,0,goodware
0.5217205100449119,1.0,1.0,0.08088652482269504,0.6203395472703063,0.13258105819254654,0.625,0,goodware
0.520458077028984,1.0,1.0,0.08089903574274865,0.6202995008319467,0.1325810747671122,0.625,0,goodware
0.5231666025492611,1.0,1.0,0.08091153955476196,0.6202594810379242,0.13258106151488547,0.625,0,goodware
0.5220937060139054,1.0,1.0,0.08092403627844476,0.6202194878616561,0.1325810518917945,0.625,0,goodware
0.5226284363787069,1.0,1.0,0.080936525933493,0.6201795212765957,0.1325810701918267,0.625,0,goodware
0.5276326825345786,1.0,1.0,0.08094900849858358,0.6201395812562314,0.13258105819254654,0.625,0,goodware
0.5266946149398732,1.0,1.0,0.08096148400706714,0.6200996677740864,0.1325810747671122,0.625,0,goodware
0.5281443787573101,1.0,1.0,0.08097395243761406,0.6200597808037197,0.13258106151488547,0.625,0,goodware
0.5272166592518501,1.0,1.0,0.08098641380989122,0.6200199203187251,0.1325810518917945,0.625,0,goodware
0.5264719296734517,1.0,1.0,0.08099886814355169,0.6199800862927315,0.1325810701918267,0.625,0,goodware
0.5260857470778967,1.0,1.0,0.08101131541725601,0.6199402786994028,0.13258105819254654,0.625,0,goodware
0.5227601054254968,1.0,1.0,0.08102375566430327,0.6199004975124378,0.1325810747671122,0.625,0,goodware
0.5234988196335569,1.0,1.0,0.08103618886334754,0.6198607427055702,0.13258106151488547,0.625,0,goodware
0.5242935636698989,1.0,1.0,0.08104861503401307,0.6198210142525689,0.1325810518917945,0.625,0,goodware
0.5232906884937196,1.0,1.0,0.08106103419591028,0.6197813121272366,0.1325810701918267,0.625,0,goodware
0.523844691094252,1.0,1.0,0.08107344632768362,0.6197416363034117,0.13258105819254654,0.625,0,goodware
0.5251651165019352,1.0,1.0,0.08108585146258078,0.6197019867549669,0.1325810747671122,0.625,0,goodware
0.5246824541396613,1.0,1.0,0.08109824957923988,0.6196623634558094,0.13258106151488547,0.625,0,goodware
0.5221607665308177,1.0,1.0,0.08111064069724269,0.6196227663798809,0.1325810518917945,0.625,0,goodware
0.5233733772425984,1.0,1.0,0.08112302483615723,0.6195831955011578,0.1325810701918267,0.625,0,goodware
0.5226740079899068,1.0,1.0,0.08113540197461214,0.6195436507936508,0.13258105819254654,0.625,0,goodware
0.5209649132631357,1.0,1.0,0.08114777214580392,0.619504132231405,0.1325810747671122,0.625,0,goodware
0.5191617600783667,1.0,1.0,0.08116013532835495,0.6194646397884997,0.13258106151488547,0.625,0,goodware
0.5198959902308614,1.0,1.0,0.08117249154180481,0.6194251734390486,0.1325810518917945,0.625,0,goodware
0.519077233985595,1.0,1.0,0.08118484080567934,0.6193857331571995,0.1325810701918267,0.625,0,goodware
0.5196778317530013,1.0,1.0,0.08119718309859156,0.6193463189171344,0.13258105819254654,0.625,0,goodware
0.5226794980946905,1.0,1.0,0.08120951845368707,0.6193069306930693,0.1325810747671122,0.625,0,goodware
0.523233554546906,1.0,1.0,0.08122184684957275,0.6192675684592543,0.13258106151488547,0.625,0,goodware
0.5241370898704674,1.0,1.0,0.08123416830574617,0.6192282321899736,0.1325810518917945,0.625,0,goodware
0.5231827226726719,1.0,1.0,0.08124648284169124,0.619188921859545,0.1325810701918267,0.625,0,goodware
0.5237266237286683,1.0,1.0,0.08125879043600562,0.6191496374423204,0.13258105819254654,0.625,0,goodware
0.5245698853535279,1.0,1.0,0.08127109112178425,0.6191103789126853,0.1325810747671122,0.625,0,goodware
0.525285545797614,1.0,1.0,0.0812833848776187,0.6190711462450593,0.13258106151488547,0.625,0,goodware
0.5261451551283091,1.0,1.0,0.08129567172296481,0.6190319394138952,0.1325810518917945,0.625,0,goodware
0.5255327439500728,1.0,1.0,0.08130795167726478,0.6189927583936801,0.1325810701918267,0.625,0,goodware
0.5210226199504073,1.0,1.0,0.08132022471910112,0.6189536031589339,0.13258105819254654,0.625,0,goodware
0.5189472342184122,1.0,1.0,0.08133249088151832,0.6189144736842105,0.1325810747671122,0.625,0,goodware
0.5199533368480258,1.0,1.0,0.08134475014309293,0.6188753699440973,0.13258106151488547,0.625,0,goodware
0.5189817162531482,1.0,1.0,0.08135700252323927,0.618836291913215,0.1325810518917945,0.625,0,goodware
0.5190606311004553,1.0,1.0,0.081369248041358,0.6187972395662176,0.1325810701918267,0.625,0,goodware
0.5198912922653701,1.0,1.0,0.08138148667601683,0.6187582128777924,0.13258105819254654,0.625,0,goodware
0.5239270763675801,1.0,1.0,0.08139371846020994,0.6187192118226601,0.1325810747671122,0.625,0,goodware
0.5249014213478803,1.0,1.0,0.08140594337249911,0.6186802363755746,0.13258106151488547,0.625,0,goodware
0.5258005928929707,1.0,1.0,0.08141816143225734,0.6186412865113227,0.1325810518917945,0.625,0,goodware
0.5249803934335828,1.0,1.0,0.08143037265884408,0.6186023622047244,0.1325810701918267,0.625,0,goodware
0.5255038022019688,1.0,1.0,0.08144257703081233,0.618563463430633,0.13258105819254654,0.625,0,goodware
0.5206065993705586,1.0,1.0,0.08145477458110627,0.6185245901639345,0.1325810747671122,0.625,0,goodware
0.5200708218195197,1.0,1.0,0.08146696528827313,0.6184857423795477,0.13258106151488547,0.625,0,goodware
0.521553732654354,1.0,1.0,0.08147914917164481,0.6184469200524246,0.1325810518917945,0.625,0,goodware
0.5189251718449988,1.0,1.0,0.08149132625053974,0.61840812315755,0.1325810701918267,0.625,0,goodware
0.5178345675096445,1.0,1.0,0.0815034965034965,0.6183693516699411,0.13258105819254654,0.625,0,goodware
0.5178452644779025,1.0,1.0,0.08151565996340947,0.6183306055646481,0.1325810747671122,0.625,0,goodware
0.5184576810476896,1.0,1.0,0.08152781660881155,0.6182918848167539,0.13258106151488547,0.625,0,goodware
0.5148769011897015,1.0,1.0,0.08153996645899377,0.6182531894013739,0.1325810518917945,0.625,0,goodware
0.5139281372174677,1.0,1.0,0.08155210953323373,0.618214519293656,0.1325810701918267,0.625,0,goodware
0.5155906923899721,1.0,1.0,0.08156424581005586,0.6181758744687806,0.13258105819254654,0.625,0,goodware
0.5157408215793643,1.0,1.0,0.08157637532230494,0.6181372549019608,0.1325810747671122,0.625,0,goodware
0.521303184300947,1.0,1.0,0.08158849804849974,0.6180986605684418,0.13258106151488547,0.625,0,goodware
0.5200815078402203,1.0,1.0,0.08160061400789072,0.618060091443501,0.1325810518917945,0.625,0,goodware
0.5209969286343985,1.0,1.0,0.08161272321971484,0.6180215475024486,0.1325810701918267,0.625,0,goodware
0.5201993501961459,1.0,1.0,0.08162482566248257,0.6179830287206267,0.13258105819254654,0.625,0,goodware
0.5204846241524841,1.0,1.0,0.0816369213689893,0.6179445350734094,0.1325810747671122,0.625,0,goodware
0.5225355535424522,1.0,1.0,0.08164901031773998,0.6179060665362035,0.13258106151488547,0.625,0,goodware
0.5228603128714399,1.0,1.0,0.0816610925279446,0.6178676230844473,0.1325810518917945,0.625,0,goodware
0.5236364835063376,1.0,1.0,0.08167316801879979,0.6178292046936115,0.1325810701918267,0.625,0,goodware
0.5227955799774807,1.0,1.0,0.08168523676880222,0.6177908113391984,0.13258105819254654,0.625,0,goodware
0.5233284382500173,1.0,1.0,0.08169729881069819,0.6177524429967427,0.1325810747671122,0.625,0,goodware
0.5199700321062071,1.0,1.0,0.08170935412297899,0.6177140996418105,0.13258106151488547,0.625,0,goodware
0.5204754120265969,1.0,1.0,0.08172140272481437,0.61767578125,0.1325810518917945,0.625,0,goodware
0.5198707765407493,1.0,1.0,0.08173344463536082,0.617637487796941,0.1325810701918267,0.625,0,goodware
0.5204577000732414,1.0,1.0,0.08174547983310153,0.6175992192582953,0.13258105819254654,0.625,0,goodware
0.5214922936438456,1.0,1.0,0.08175750835073381,0.6175609756097561,0.1325810747671122,0.625,0,goodware
0.521994360398751,1.0,1.0,0.08176953016673552,0.617522756827048,0.13258106151488547,0.625,0,goodware
0.5212564239326671,1.0,1.0,0.08178154530023649,0.6174845628859278,0.1325810518917945,0.625,0,goodware
0.5216810801586982,1.0,1.0,0.08179355377035318,0.6174463937621832,0.1325810701918267,0.625,0,goodware
0.5246246966546054,1.0,1.0,0.08180555555555555,0.6174082494316336,0.13258105819254654,0.625,0,goodware
0.5253915993452849,1.0,1.0,0.08181755068849214,0.6173701298701298,0.1325810747671122,0.625,0,goodware
0.5247478322374303,1.0,1.0,0.08182953914762767,0.617332035053554,0.13258106151488547,0.625,0,goodware
0.525017121979068,1.0,1.0,0.0818415209520521,0.6172939649578195,0.1325810518917945,0.625,0,goodware
0.5218316293798715,1.0,1.0,0.08185349612084222,0.6172559195588712,0.1325810701918267,0.625,0,goodware
0.5224267744198943,1.0,1.0,0.08186546463245492,0.6172178988326849,0.13258105819254654,0.625,0,goodware
0.5218506650857815,1.0,1.0,0.08187742651949019,0.6171799027552674,0.1325810747671122,0.625,0,goodware
0.5223109542709321,1.0,1.0,0.08188938176039977,0.6171419313026572,0.13258106151488547,0.625,0,goodware
0.5216477603172258,1.0,1.0,0.0819013303742341,0.6171039844509232,0.1325810518917945,0.625,0,goodware
0.5216486657595782,1.0,1.0,0.08191327238003038,0.6170660621761659,0.1325810701918267,0.625,0,goodware
0.5224318062614565,1.0,1.0,0.08192520775623269,0.617028164454516,0.13258105819254654,0.625,0,goodware
0.5214207292113611,1.0,1.0,0.08193713653539268,0.6169902912621359,0.1325810747671122,0.625,0,goodware
0.5221206684920306,1.0,1.0,0.08194905869594936,0.6169524425752184,0.13258106151488547,0.625,0,goodware
0.5218364726283481,1.0,1.0,0.08196097425691377,0.6169146183699871,0.1325810518917945,0.625,0,goodware
0.5230539161035925,1.0,1.0,0.08197288323728386,0.6168768186226964,0.1325810701918267,0.625,0,goodware
0.5232889371022336,1.0,1.0,0.08198478561549101,0.6168390433096316,0.13258105819254654,0.625,0,goodware
0.5239212751629381,1.0,1.0,0.08199668142403879,0.6168012924071082,0.1325810747671122,0.625,0,goodware
0.5230448311132223,1.0,1.0,0.08200857064135367,0.6167635658914729,0.13258106151488547,0.625,0,goodware
0.5233345053094588,1.0,1.0,0.08202045328640752,0.6167258637391024,0.1325810518917945,0.625,0,goodware
0.5211047965385357,1.0,1.0,0.08203232937815916,0.6166881859264042,0.1325810701918267,0.625,0,goodware
0.5205224698335177,1.0,1.0,0.08204419889502762,0.616650532429816,0.13258105819254654,0.625,0,goodware
0.521249318885337,1.0,1.0,0.08205606186946852,0.6166129032258065,0.1325810747671122,0.625,0,goodware
0.5204768995874102,1.0,1.0,0.08206791827989598,0.6165752982908739,0.13258106151488547,0.625,0,goodware
0.5207778363137393,1.0,1.0,0.08207976814524298,0.6165377176015474,0.1325810518917945,0.625,0,goodware
0.5240018429977835,1.0,1.0,0.08209161148442941,0.6165001611343861,0.1325810701918267,0.625,0,goodware
0.5260674410868587,1.0,1.0,0.08210344827586206,0.6164626288659794,0.13258105819254654,0.625,0,goodware
0.5250128278193514,1.0,1.0,0.0821152785519489,0.6164251207729469,0.1325810747671122,0.625,0,goodware
0.5255740360237566,1.0,1.0,0.08212710229109191,0.6163876368319382,0.13258106151488547,0.625,0,goodware
0.5265580114634757,1.0,1.0,0.0821389195121853,0.6163501770196331,0.1325810518917945,0.625,0,goodware
0.525590133110373,1.0,1.0,0.08215073023411029,0.6163127413127414,0.1325810701918267,0.625,0,goodware
0.5260896666397917,1.0,1.0,0.0821625344352617,0.6162753296880026,0.13258105819254654,0.625,0,goodware
0.5270238558526311,1.0,1.0,0.08217433214799995,0.6162379421221865,0.1325810747671122,0.625,0,goodware
0.5244594133206075,1.0,1.0,0.08218612335071514,0.6162005785920925,0.13258106151488547,0.625,0,goodware
0.5268994706615321,1.0,1.0,0.08219790806226293,0.6161632390745502,0.1325810518917945,0.625,0,goodware
0.5260600205633312,1.0,1.0,0.08220968630148605,0.6161259235464183,0.1325810701918267,0.625,0,goodware
0.5240796839547804,1.0,1.0,0.08222145804676753,0.6160886319845857,0.13258105819254654,0.625,0,goodware
0.5246614983243947,1.0,1.0,0.08223322333042049,0.6160513643659711,0.1325810747671122,0.625,0,goodware
0.5238559730799527,1.0,1.0,0.0822449821308233,0.6160141206675225,0.13258106151488547,0.625,0,goodware
0.5245662716370803,1.0,1.0,0.08225673446679335,0.6159769008662175,0.1325810518917945,0.625,0,goodware
0.5240616802725375,1.0,1.0,0.08226848035713502,0.6159397049390636,0.1325810701918267,0.625,0,goodware
0.5243404031308185,1.0,1.0,0.08228021978021978,0.6159025328630972,0.13258105819254654,0.625,0,goodware
0.5249912593276398,1.0,1.0,0.08229195276831362,0.6158653846153845,0.1325810747671122,0.625,0,goodware
0.5242332731752918,1.0,1.0,0.08230367929978347,0.6158282601730214,0.13258106151488547,0.625,0,goodware
0.5248367841474589,1.0,1.0,0.08231539939340851,0.6157911595131327,0.1325810518917945,0.625,0,goodware
0.5244455435904744,1.0,1.0,0.08232711306795508,0.6157540826128722,0.1325810701918267,0.625,0,goodware
0.5248409585340491,1.0,1.0,0.08233882030178327,0.6157170294494239,0.13258105819254654,0.625,0,goodware
0.5260096914051656,1.0,1.0,0.08235052112711214,0.61568,0.1325810747671122,0.625,0,goodware
0.5251718682702827,1.0,1.0,0.08236221552229732,0.6156429942418427,0.13258106151488547,0.625,0,goodware
0.5258062533309038,1.0,1.0,0.08237390350608012,0.6156060121522227,0.1325810518917945,0.625,0,goodware
0.5230417640737847,1.0,1.0,0.08238558509718888,0.61556905370844,0.1325810701918267,0.625,0,goodware
0.5240902386702707,1.0,1.0,0.08239726027397261,0.6155321188878236,0.13258105819254654,0.625,0,goodware
0.5220250291640842,1.0,1.0,0.0824089290686036,0.6154952076677316,0.1325810747671122,0.625,0,goodware
0.5233316753419028,1.0,1.0,0.08242059145942643,0.615458320025551,0.13258106151488547,0.625,0,goodware
0.5222519389655154,1.0,1.0,0.08243224746514463,0.6154214559386972,0.1325810518917945,0.625,0,goodware
0.5228114182541171,1.0,1.0,0.08244389710444887,0.6153846153846154,0.1325810701918267,0.625,0,goodware
0.524466165250265,1.0,1.0,0.08245554035567716,0.6153477983407786,0.13258105819254654,0.625,0,goodware
0.5218754902725941,1.0,1.0,0.08246717725095529,0.615311004784689,0.1325810747671122,0.625,0,goodware
0.5247205561851443,1.0,1.0,0.08247880776861696,0.6152742346938775,0.13258106151488547,0.625,0,goodware
0.5228513571715835,1.0,1.0,0.08249043192732815,0.6152374880459037,0.1325810518917945,0.625,0,goodware
0.5219838982182262,1.0,1.0,0.08250204974574202,0.6152007648183556,0.1325810701918267,0.625,0,goodware
0.5227327374557265,1.0,1.0,0.0825136612021858,0.6151640649888499,0.13258105819254654,0.625,0,goodware
0.5216748649186219,1.0,1.0,0.08252526632873895,0.6151273885350319,0.1325810747671122,0.625,0,goodware
0.5223442723796902,1.0,1.0,0.08253686510372452,0.6150907354345749,0.13258106151488547,0.625,0,goodware
0.5211163652901782,1.0,1.0,0.08254845754577109,0.6150541056651815,0.1325810518917945,0.625,0,goodware
0.5248142200211,1.0,1.0,0.0825600436734945,0.6150174992045816,0.1325810701918267,0.625,0,goodware
0.5260546731754837,1.0,1.0,0.08257162346521146,0.6149809160305344,0.13258105819254654,0.625,0,goodware
0.5198310158651996,1.0,1.0,0.08258319695295528,0.6149443561208268,0.1325810747671122,0.625,0,goodware
0.5236549994333821,1.0,1.0,0.08259476411503847,0.614907819453274,0.13258106151488547,0.625,0,goodware
0.5231272960480481,1.0,1.0,0.08260632497005249,0.6148713060057197,0.1325810518917945,0.625,0,goodware
0.5235445259352006,1.0,1.0,0.08261787953657608,0.6148348157560356,0.1325810701918267,0.625,0,goodware
0.524368003887624,1.0,1.0,0.08262942779291553,0.6147983486821214,0.13258105819254654,0.625,0,goodware
0.5233009211210692,1.0,1.0,0.08264096977105821,0.6147619047619048,0.1325810747671122,0.625,0,goodware
0.5240086620279201,1.0,1.0,0.08265250544930636,0.6147254839733418,0.13258106151488547,0.625,0,goodware
0.5215845812653069,1.0,1.0,0.08266403484621446,0.6146890862944163,0.1325810518917945,0.625,0,goodware
0.5212543111396963,1.0,1.0,0.08267555798032428,0.6146527117031398,0.1325810701918267,0.625,0,goodware
0.5219362235081836,1.0,1.0,0.08268707482993197,0.6146163601775523,0.13258105819254654,0.625,0,goodware
0.5209265830051122,1.0,1.0,0.08269858542697914,0.6145800316957211,0.1325810747671122,0.625,0,goodware
0.521391375241833,1.0,1.0,0.0827100897497579,0.6145437262357414,0.13258106151488547,0.625,0,goodware
0.5218574430181764,1.0,1.0,0.08272158781678599,0.6145074437757365,0.1325810518917945,0.625,0,goodware
0.5225455444987962,1.0,1.0,0.08273307964656838,0.6144711842938568,0.1325810701918267,0.625,0,goodware
0.5214508449919865,1.0,1.0,0.0827445652173913,0.6144349477682811,0.13258105819254654,0.625,0,goodware
0.5219500589552072,1.0,1.0,0.08275604456115074,0.6143987341772152,0.1325810747671122,0.625,0,goodware
0.5239786690672396,1.0,1.0,0.08276751765612891,0.6143625434988927,0.13258106151488547,0.625,0,goodware
0.5238048740583406,1.0,1.0,0.08277898452080694,0.6143263757115749,0.1325810518917945,0.625,0,goodware
0.5236352191652428,1.0,1.0,0.0827904451736533,0.6142902307935505,0.1325810701918267,0.625,0,goodware
0.5244262456325014,1.0,1.0,0.08280189959294437,0.6142541087231352,0.13258105819254654,0.625,0,goodware
0.5230806166033694,1.0,1.0,0.08281334781053076,0.614218009478673,0.1325810747671122,0.625,0,goodware
0.5236976515689256,1.0,1.0,0.08282478980468497,0.6141819330385344,0.13258106151488547,0.625,0,goodware
0.5242930678668725,1.0,1.0,0.08283622559385172,0.6141458793811178,0.1325810518917945,0.625,0,goodware
0.5264356441846886,1.0,1.0,0.08284765519646312,0.6141098484848485,0.1325810701918267,0.625,0,goodware
0.5250564744516049,1.0,1.0,0.08285907859078591,0.6140738403281792,0.13258105819254654,0.625,0,goodware
0.5252477380081855,1.0,1.0,0.08287049580862552,0.61403785488959,0.1325810747671122,0.625,0,goodware
0.5261250486864241,1.0,1.0,0.08288190682824494,0.6140018921475875,0.13258106151488547,0.625,0,goodware
0.5264283994410744,1.0,1.0,0.08289331166805262,0.6139659520807061,0.1325810518917945,0.625,0,goodware
0.5246667685843409,1.0,1.0,0.0829047103464445,0.6139300346675072,0.1325810701918267,0.625,0,goodware
0.5269374173232384,1.0,1.0,0.08291610284167794,0.6138941398865785,0.13258105819254654,0.625,0,goodware
0.5251117754501589,1.0,1.0,0.0829274891855133,0.6138582677165354,0.1325810747671122,0.625,0,goodware
0.5257977035723802,1.0,1.0,0.08293886935620423,0.6138224181360201,0.13258106151488547,0.625,0,goodware
0.525929283091632,1.0,1.0,0.08295024337212319,0.6137865911237016,0.1325810518917945,0.625,0,goodware
0.5245610198513995,1.0,1.0,0.08296161125163007,0.6137507866582756,0.1325810701918267,0.625,0,goodware
0.5273798275159116,1.0,1.0,0.08297297297297297,0.613715004718465,0.13258105819254654,0.625,0,goodware
0.5280886637545883,1.0,1.0,0.08298432856786747,0.6136792452830189,0.1325810747671122,0.625,0,goodware
0.526050738715766,1.0,1.0,0.08299567801455804,0.6136435083307137,0.13258106151488547,0.625,0,goodware
0.5269215590976115,1.0,1.0,0.08300702133138126,0.6136077938403519,0.1325810518917945,0.625,0,goodware
0.5277699827787372,1.0,1.0,0.0830183585366612,0.6135721017907634,0.1325810701918267,0.625,0,goodware
0.5278754743190761,1.0,1.0,0.08302968960863698,0.613536432160804,0.13258105819254654,0.625,0,goodware
0.526302715608026,1.0,1.0,0.08304101457897943,0.6135007849293563,0.1325810747671122,0.625,0,goodware
0.5259840276996075,1.0,1.0,0.0830523334259241,0.6134651600753296,0.13258106151488547,0.625,0,goodware
0.5275871265266112,1.0,1.0,0.08306364616777186,0.6134295575776593,0.1325810518917945,0.625,0,goodware
0.523406917404399,1.0,1.0,0.08307495282281116,0.6133939774153074,0.1325810701918267,0.625,0,goodware
0.5242960953271493,1.0,1.0,0.08308625336927224,0.6133584195672624,0.13258105819254654,0.625,0,goodware
0.5270749702182294,1.0,1.0,0.08309754783878145,0.6133228840125392,0.1325810747671122,0.625,0,goodware
0.5269777823540372,1.0,1.0,0.08310883620956555,0.6132873707301787,0.13258106151488547,0.625,0,goodware
0.5283065857290364,1.0,1.0,0.08312011849988993,0.6132518796992481,0.1325810518917945,0.625,0,goodware
0.526761872681582,1.0,1.0,0.08313139472800755,0.6132164108988412,0.1325810701918267,0.625,0,goodware
0.5265801016839105,1.0,1.0,0.08314266487213998,0.6131809643080777,0.13258105819254654,0.625,0,goodware
0.5269820037614406,1.0,1.0,0.08315392896386926,0.6131455399061032,0.1325810747671122,0.625,0,goodware
0.5286484797303868,1.0,1.0,0.08316518698141352,0.6131101376720901,0.13258106151488547,0.625,0,goodware
0.5265771649336723,1.0,1.0,0.08317643894300285,0.6130747575852362,0.1325810518917945,0.625,0,goodware
0.5256744648860456,1.0,1.0,0.08318768486685493,0.6130393996247655,0.1325810701918267,0.625,0,goodware
0.5265685094126736,1.0,1.0,0.0831989247311828,0.6130040637699281,0.13258105819254654,0.625,0,goodware
0.525614926658976,1.0,1.0,0.0832101585675244,0.6129687500000001,0.1325810747671122,0.625,0,goodware
0.5291386863300034,1.0,1.0,0.0832213863540894,0.612933458294283,0.13258106151488547,0.625,0,goodware
0.5291283089096271,1.0,1.0,0.08323260810907276,0.612898188632105,0.1325810518917945,0.625,0,goodware
0.5287939538233983,1.0,1.0,0.08324382385065705,0.6128629409928192,0.1325810701918267,0.625,0,goodware
0.5250637987700613,1.0,1.0,0.08325503355704697,0.6128277153558053,0.13258105819254654,0.625,0,goodware
0.5243244453455945,1.0,1.0,0.08326623725973653,0.612792511700468,0.1325810747671122,0.625,0,goodware
0.5236013463629904,1.0,1.0,0.08327743493692714,0.6127573300062383,0.13258106151488547,0.625,0,goodware
0.5215228300748412,1.0,1.0,0.08328862660677876,0.6127221702525725,0.1325810518917945,0.625,0,goodware
0.5266958526539518,1.0,1.0,0.08329981228743906,0.6126870324189526,0.1325810701918267,0.625,0,goodware
0.5273923129689807,1.0,1.0,0.08331099195710456,0.6126519164848863,0.13258105819254654,0.625,0,goodware
0.5269027368414516,1.0,1.0,0.0833221656472255,0.6126168224299066,0.1325810747671122,0.625,0,goodware
0.5242114361516149,1.0,1.0,0.08333333333599521,0.6125817502335721,0.13258106151488547,0.625,0,goodware
0.5217566873953943,1.0,1.0,0.08334449504153886,0.612546699875467,0.1325810518917945,0.625,0,goodware
0.525248300858221,1.0,1.0,0.08335565078196935,0.6125116713352008,0.1325810701918267,0.625,0,goodware
0.5272944717397057,1.0,1.0,0.08336680053547524,0.6124766645924082,0.13258105819254654,0.625,0,goodware
0.5292110272048127,1.0,1.0,0.08337794433346314,0.6124416796267496,0.1325810747671122,0.625,0,goodware
0.5258668984043301,1.0,1.0,0.08338908215411847,0.6124067164179104,0.13258106151488547,0.625,0,goodware
0.5251246257817456,1.0,1.0,0.08340021401553181,0.6123717749456015,0.1325810518917945,0.625,0,goodware
0.5285276988037579,1.0,1.0,0.08341133993578145,0.6123368551895587,0.1325810701918267,0.625,0,goodware
0.5253892072434111,1.0,1.0,0.08342245989304813,0.6123019571295434,0.13258105819254654,0.625,0,goodware
0.5259529376390253,1.0,1.0,0.08343357391869505,0.6122670807453416,0.1325810747671122,0.625,0,goodware
0.524247051565666,1.0,1.0,0.08344468199089988,0.612232226016765,0.13258106151488547,0.625,0,goodware
0.5257010514410667,1.0,1.0,0.08345578412771876,0.6121973929236499,0.1325810518917945,0.625,0,goodware
0.5271405931840186,1.0,1.0,0.08346688034719553,0.6121625814458579,0.1325810701918267,0.625,0,goodware
0.5260089196790676,1.0,1.0,0.08347797062750334,0.6121277915632755,0.13258105819254654,0.625,0,goodware
0.5260908860223051,1.0,1.0,0.08348905499996209,0.6120930232558139,0.1325810747671122,0.625,0,goodware
0.5279099535539961,1.0,1.0,0.08350013344274192,0.6120582765034097,0.13258106151488547,0.625,0,goodware
0.5258451033737891,1.0,1.0,0.08351120597386465,0.6120235512860241,0.1325810518917945,0.625,0,goodware
0.5286229526736469,1.0,1.0,0.0835222726113399,0.6119888475836431,0.1325810701918267,0.625,0,goodware
0.5291192128300592,1.0,1.0,0.08353333333333333,0.6119541653762774,0.13258105819254654,0.625,0,goodware
0.5279782303056064,1.0,1.0,0.08354438817112178,0.6119195046439628,0.1325810747671122,0.625,0,goodware
0.5282753196528481,1.0,1.0,0.08355543710286796,0.6118848653667595,0.13258106151488547,0.625,0,goodware
0.5287742032078323,1.0,1.0,0.08356648014655957,0.6118502475247525,0.1325810518917945,0.625,0,goodware
0.5267293649474957,1.0,1.0,0.0835775173201722,0.6118156510980514,0.1325810701918267,0.625,0,goodware
0.5264333995195459,1.0,1.0,0.08358854860186418,0.6117810760667903,0.13258105819254654,0.625,0,goodware
0.526583580364664,1.0,1.0,0.08359957402286941,0.6117465224111283,0.1325810747671122,0.625,0,goodware
0.5254751465248293,1.0,1.0,0.0836105935613434,0.6117119901112484,0.13258106151488547,0.625,0,goodware
0.5276348514578254,1.0,1.0,0.0836216072352399,0.6116774791473587,0.1325810518917945,0.625,0,goodware
0.5262508633791915,1.0,1.0,0.08363261506250055,0.6116429894996911,0.1325810701918267,0.625,0,goodware
0.5235507597548815,1.0,1.0,0.0836436170212766,0.6116085211485026,0.13258105819254654,0.625,0,goodware
0.5242034773162823,1.0,1.0,0.08365461314275915,0.611574074074074,0.1325810747671122,0.625,0,goodware
0.5231724141427999,1.0,1.0,0.08366560340509668,0.6115396482567108,0.13258106151488547,0.625,0,goodware
0.5239180160789592,1.0,1.0,0.08367658782620914,0.6115052436767427,0.1325810518917945,0.625,0,goodware
0.5237894740337474,1.0,1.0,0.08368756642400443,0.6114708603145236,0.1325810701918267,0.625,0,goodware
0.5235458173867701,1.0,1.0,0.08369853917662683,0.6114364981504316,0.13258105819254654,0.625,0,goodware
0.5232261506577486,1.0,1.0,0.08370950611522486,0.611402157164869,0.1325810747671122,0.625,0,goodware
0.5214333754184525,1.0,1.0,0.08372046721794008,0.6113678373382625,0.13258106151488547,0.625,0,goodware
0.5195556945081605,1.0,1.0,0.08373142250265883,0.6113335386510625,0.1325810518917945,0.625,0,goodware
0.5193567081442847,1.0,1.0,0.08374237198725544,0.6112992610837438,0.1325810701918267,0.625,0,goodware
0.520630047759711,1.0,1.0,0.08375331564986738,0.6112650046168051,0.13258105819254654,0.625,0,goodware
0.524506228344487,1.0,1.0,0.08376425352160075,0.6112307692307692,0.1325810747671122,0.625,0,goodware
0.524506228344487,1.0,1.0,0.08377518558059036,0.6111965549061826,0.13258106151488547,0.625,0,goodware
0.5196351922038033,1.0,1.0,0.08378611184468908,0.6111623616236163,0.1325810518917945,0.625,0,goodware
0.5263336071788242,1.0,1.0,0.08379703233173788,0.6111281893636643,0.1325810701918267,0.625,0,goodware
0.5272456523404079,1.0,1.0,0.08380794701986755,0.6110940381069453,0.13258105819254654,0.625,0,goodware
0.5223346943912412,1.0,1.0,0.08381885594014193,0.6110599078341014,0.1325810747671122,0.625,0,goodware
0.5225677385470628,1.0,1.0,0.08382975907068925,0.6110257985257985,0.13258106151488547,0.625,0,goodware
0.5236874422323794,1.0,1.0,0.08384065642932911,0.6109917101627265,0.1325810518917945,0.625,0,goodware
0.522929090965646,1.0,1.0,0.08385154803386921,0.6109576427255985,0.1325810701918267,0.625,0,goodware
0.5239140375346661,1.0,1.0,0.08386243386243386,0.6109235961951519,0.13258105819254654,0.625,0,goodware
0.5236874422323794,1.0,1.0,0.08387331394604482,0.6108895705521473,0.1325810747671122,0.625,0,goodware
0.5248949438358635,1.0,1.0,0.08388418826282384,0.6108555657773689,0.13258106151488547,0.625,0,goodware
0.520251710274182,1.0,1.0,0.08389505683055748,0.6108215818516247,0.1325810518917945,0.625,0,goodware
0.5185787702363621,1.0,1.0,0.08390591966702028,0.6107876187557462,0.1325810701918267,0.625,0,goodware
0.5230986830789108,1.0,1.0,0.08391677675033024,0.6107536764705883,0.13258105819254654,0.625,0,goodware
0.5248949438358635,1.0,1.0,0.08392762811146721,0.6107197549770291,0.1325810747671122,0.625,0,goodware
0.5203925081144767,1.0,1.0,0.08393847372854667,0.6106858542559706,0.13258106151488547,0.625,0,goodware
0.5217171803003808,1.0,1.0,0.0839493136193222,0.610651974288338,0.1325810518917945,0.625,0,goodware
0.5225852358559363,1.0,1.0,0.0839601478015354,0.6106181150550796,0.1325810701918267,0.625,0,goodware
0.5261775815289461,1.0,1.0,0.08397097625329816,0.6105842765371674,0.13258105819254654,0.625,0,goodware
0.5243877253703575,1.0,1.0,0.08398179900554846,0.6105504587155963,0.1325810747671122,0.625,0,goodware
0.5225852358559363,1.0,1.0,0.08399261603639575,0.6105166615713848,0.13258106151488547,0.625,0,goodware
0.5267983786569491,1.0,1.0,0.08400342736356077,0.6104828850855746,0.1325810518917945,0.625,0,goodware
0.5187485146629615,1.0,1.0,0.08401423300475239,0.61044912923923,0.1325810701918267,0.625,0,goodware
0.5194473045985496,1.0,1.0,0.08402503293807642,0.6104153940134391,0.13258105819254654,0.625,0,goodware
0.5185433177270314,1.0,1.0,0.08403582719442929,0.610381679389313,0.1325810747671122,0.625,0,goodware
0.5186374420202883,1.0,1.0,0.08404661575191444,0.6103479853479854,0.13258106151488547,0.625,0,goodware
0.5206878702238346,1.0,1.0,0.08405739862822001,0.6103143118706134,0.1325810518917945,0.625,0,goodware
0.5204457269601879,1.0,1.0,0.08406817584102222,0.6102806589383771,0.1325810701918267,0.625,0,goodware
0.5240120108981913,1.0,1.0,0.08407894736842106,0.6102470265324794,0.13258105819254654,0.625,0,goodware
0.5217060156009151,1.0,1.0,0.08408971324127146,0.6102134146341464,0.1325810747671122,0.625,0,goodware
0.5201219314379931,1.0,1.0,0.0841004734376711,0.6101798232246267,0.13258106151488547,0.625,0,goodware
0.5234253379909388,1.0,1.0,0.08411122797527562,0.6101462522851919,0.1325810518917945,0.625,0,goodware
0.5224793700327081,1.0,1.0,0.08412197687172876,0.6101127017971368,0.1325810701918267,0.625,0,goodware
0.5233273936929216,1.0,1.0,0.08413272010512483,0.6100791717417784,0.13258105819254654,0.625,0,goodware
0.5230471437931532,1.0,1.0,0.08414345770627747,0.6100456621004566,0.1325810747671122,0.625,0,goodware
0.5250354781744387,1.0,1.0,0.08415418965327869,0.6100121728545345,0.13258106151488547,0.625,0,goodware
0.523185745732462,1.0,1.0,0.08416491596375178,0.609978703985397,0.1325810518917945,0.625,0,goodware
0.5258585453544026,1.0,1.0,0.08417563665530822,0.6099452554744526,0.1325810701918267,0.625,0,goodware
0.5223719842655749,1.0,1.0,0.08418635170603675,0.6099118273031316,0.13258105819254654,0.625,0,goodware
0.5249396049241573,1.0,1.0,0.08419706114670984,0.6098784194528876,0.1325810747671122,0.625,0,goodware
0.5223359669350316,1.0,1.0,0.08420776495541404,0.609845031905196,0.13258106151488547,0.625,0,goodware
0.5250736360688661,1.0,1.0,0.08421846314974046,0.6098116646415552,0.1325810518917945,0.625,0,goodware
0.5249694757165929,1.0,1.0,0.08422915574726844,0.6097783176434861,0.1325810701918267,0.625,0,goodware
0.5199531327893033,1.0,1.0,0.08423984272608126,0.6097449908925319,0.13258105819254654,0.625,0,goodware
0.5191058516005711,1.0,1.0,0.08425052411691046,0.6097116843702579,0.1325810747671122,0.625,0,goodware
0.5208447881128992,1.0,1.0,0.08426119989783723,0.6096783980582524,0.13258106151488547,0.625,0,goodware
0.5240858214909696,1.0,1.0,0.08427187008642065,0.6096451319381255,0.1325810518917945,0.625,0,goodware
0.5192488415546657,1.0,1.0,0.08428253470020805,0.6096118859915101,0.1325810701918267,0.625,0,goodware
0.5175442103490379,1.0,1.0,0.08429319371727748,0.6095786602000606,0.13258105819254654,0.625,0,goodware
0.5171681195437169,1.0,1.0,0.08430384716831965,0.6095454545454546,0.1325810747671122,0.625,0,goodware
0.52080505788665,1.0,1.0,0.08431449503141054,0.609512269009391,0.13258106151488547,0.625,0,goodware
0.5192217913160146,1.0,1.0,0.08432513732407734,0.6094791035735918,0.1325810518917945,0.625,0,goodware
0.5192579208079672,1.0,1.0,0.08433577406383556,0.6094459582198002,0.1325810701918267,0.625,0,goodware
0.5188526645555465,1.0,1.0,0.08434640522875816,0.6094128329297821,0.13258105819254654,0.625,0,goodware
0.5184071764136202,1.0,1.0,0.08435703084949514,0.6093797276853252,0.1325810747671122,0.625,0,goodware
0.517927949553893,1.0,1.0,0.08436765090411744,0.6093466424682396,0.13258106151488547,0.625,0,goodware
0.5163022549971287,1.0,1.0,0.08437826541012051,0.6093135772603568,0.1325810518917945,0.625,0,goodware
0.5176484577597081,1.0,1.0,0.08438887438498821,0.6092805320435308,0.1325810701918267,0.625,0,goodware
0.5179723705738727,1.0,1.0,0.08439947780678851,0.6092475067996374,0.13258105819254654,0.625,0,goodware
0.5234908913219335,1.0,1.0,0.08441007570613088,0.609214501510574,0.1325810747671122,0.625,0,goodware
0.5266942976285852,1.0,1.0,0.08442066806108135,0.6091815161582603,0.13258106151488547,0.625,0,goodware
0.5216996445769385,1.0,1.0,0.08443125488910383,0.6091485507246377,0.1325810518917945,0.625,0,goodware
0.5197314349724622,1.0,1.0,0.08444183620765063,0.6091156051916692,0.1325810701918267,0.625,0,goodware
0.521453739107505,1.0,1.0,0.08445241199478487,0.6090826795413398,0.13258105819254654,0.625,0,goodware
0.5234072469785287,1.0,1.0,0.08446298228107568,0.6090497737556562,0.1325810747671122,0.625,0,goodware
0.5241344556170346,1.0,1.0,0.08447354704458432,0.6090168878166465,0.13258106151488547,0.625,0,goodware
0.5239726367487727,1.0,1.0,0.08448410630274328,0.6089840217063611,0.1325810518917945,0.625,0,goodware
0.5237683351836413,1.0,1.0,0.08449466007297346,0.6089511754068716,0.1325810701918267,0.625,0,goodware
0.5233961999691504,1.0,1.0,0.08450520833333333,0.6089183489002712,0.13258105819254654,0.625,0,goodware
0.5220590504246203,1.0,1.0,0.08451575111435178,0.6088855421686747,0.1325810747671122,0.625,0,goodware
0.5238151674703952,1.0,1.0,0.08452628839408546,0.6088527551942187,0.13258106151488547,0.625,0,goodware
0.5249061018635043,1.0,1.0,0.08453682018993558,0.6088199879590608,0.1325810518917945,0.625,0,goodware
0.5247794230559517,1.0,1.0,0.0845473465192918,0.6087872404453807,0.1325810701918267,0.625,0,goodware
0.5251719753385709,1.0,1.0,0.08455786736020807,0.608754512635379,0.13258105819254654,0.625,0,goodware
0.52791639814515,1.0,1.0,0.08456838274317316,0.6087218045112782,0.1325810747671122,0.625,0,goodware
0.5255819779096018,1.0,1.0,0.0845788926462393,0.6086891160553217,0.13258106151488547,0.625,0,goodware
0.5186994343089062,1.0,1.0,0.08458939708677655,0.6086564472497746,0.1325810518917945,0.625,0,goodware
0.5225695055928595,1.0,1.0,0.08459989608214347,0.6086237980769231,0.1325810701918267,0.625,0,goodware
0.5202921092676831,1.0,1.0,0.08461038961038961,0.6085911685190748,0.13258105819254654,0.625,0,goodware
0.5208199984649666,1.0,1.0,0.08462087770196385,0.6085585585585586,0.1325810747671122,0.625,0,goodware
0.523372457237197,1.0,1.0,0.08463136033491403,0.6085259681777244,0.13258106151488547,0.625,0,goodware
0.5220692373541824,1.0,1.0,0.08464183752657926,0.6084933973589436,0.1325810518917945,0.625,0,goodware
0.522545314159329,1.0,1.0,0.08465230929428716,0.6084608460846085,0.1325810701918267,0.625,0,goodware
0.5226501854021042,1.0,1.0,0.08466277561608301,0.6084283143371325,0.13258105819254654,0.625,0,goodware
0.5241640169264032,1.0,1.0,0.0846732365223759,0.6083958020989505,0.1325810747671122,0.625,0,goodware
0.5215545235263868,1.0,1.0,0.08468369199120951,0.608363309352518,0.13258106151488547,0.625,0,goodware
0.522521209133908,1.0,1.0,0.08469414203989209,0.6083308360803117,0.1325810518917945,0.625,0,goodware
0.5216580220392582,1.0,1.0,0.08470458668572042,0.6082983822648292,0.1325810701918267,0.625,0,goodware
0.5260909412233464,1.0,1.0,0.08471502590673576,0.6082659478885895,0.13258105819254654,0.625,0,goodware
0.5227029776058991,1.0,1.0,0.08472545973330749,0.6082335329341317,0.1325810747671122,0.625,0,goodware
0.524404115710567,1.0,1.0,0.08473588814347523,0.6082011373840168,0.13258106151488547,0.625,0,goodware
0.522782422586593,1.0,1.0,0.08474631115451656,0.6081687612208259,0.1325810518917945,0.625,0,goodware
0.5226549040502466,1.0,1.0,0.08475672878369761,0.6081364044271612,0.1325810701918267,0.625,0,goodware
0.5241729494904962,1.0,1.0,0.08476714100905562,0.6081040669856459,0.13258105819254654,0.625,0,goodware
0.5254389259468809,1.0,1.0,0.08477754786092054,0.6080717488789238,0.1325810747671122,0.625,0,goodware
0.5236714808348801,1.0,1.0,0.08478794931732804,0.6080394500896593,0.13258106151488547,0.625,0,goodware
0.5224243133030838,1.0,1.0,0.08479834539552514,0.6080071706005378,0.1325810518917945,0.625,0,goodware
0.5223720836140747,1.0,1.0,0.08480873611274747,0.6079749103942652,0.1325810701918267,0.625,0,goodware
0.5267714996910585,1.0,1.0,0.08481912144702843,0.6079426694535682,0.13258105819254654,0.625,0,goodware
0.523923947070701,1.0,1.0,0.08482950142865858,0.6079104477611941,0.1325810747671122,0.625,0,goodware
0.5264961396610424,1.0,1.0,0.08483987603566986,0.6078782452999105,0.13258106151488547,0.625,0,goodware
0.526058941227984,1.0,1.0,0.08485024528527887,0.6078460620525059,0.1325810518917945,0.625,0,goodware
0.5277854299367171,1.0,1.0,0.08486060919469085,0.6078138980017894,0.1325810701918267,0.625,0,goodware
0.5270485855023621,1.0,1.0,0.08487096774193549,0.6077817531305904,0.13258105819254654,0.625,0,goodware
0.5232909615148948,1.0,1.0,0.08488132095726417,0.6077496274217586,0.1325810747671122,0.625,0,goodware
0.5248151414497152,1.0,1.0,0.08489166881870516,0.6077175208581644,0.13258106151488547,0.625,0,goodware
0.5272474830498867,1.0,1.0,0.0849020113434448,0.6076854334226989,0.1325810518917945,0.625,0,goodware
0.5262318567038766,1.0,1.0,0.08491234854865808,0.6076533650982727,0.1325810701918267,0.625,0,goodware
0.5272841607849899,1.0,1.0,0.08492268041237114,0.6076213158678179,0.13258105819254654,0.625,0,goodware
0.5287480717178323,1.0,1.0,0.08493300696479629,0.6075892857142857,0.1325810747671122,0.625,0,goodware
0.5273165558538738,1.0,1.0,0.08494332818395828,0.6075572746206486,0.13258106151488547,0.625,0,goodware
0.5254146449598985,1.0,1.0,0.08495364408701332,0.6075252825698989,0.1325810518917945,0.625,0,goodware
0.5235149316168447,1.0,1.0,0.08496395469110632,0.607493309545049,0.1325810701918267,0.625,0,goodware
0.5253578271633512,1.0,1.0,0.08497425997425997,0.6074613555291319,0.13258105819254654,0.625,0,goodware
0.5223966262136303,1.0,1.0,0.08498455996664767,0.6074294205052007,0.1325810747671122,0.625,0,goodware
0.5230188564074322,1.0,1.0,0.08499485464629077,0.607397504456328,0.13258106151488547,0.625,0,goodware
0.5229670248754646,1.0,1.0,0.08500514403031548,0.6073656073656073,0.1325810518917945,0.625,0,goodware
0.5242591009965837,1.0,1.0,0.08501542813583679,0.607333729216152,0.1325810701918267,0.625,0,goodware
0.521981447871301,1.0,1.0,0.08502570694087404,0.6073018699910953,0.13258105819254654,0.625,0,goodware
0.523004686340405,1.0,1.0,0.08503598047556186,0.6072700296735905,0.1325810747671122,0.625,0,goodware
0.5220038981857552,1.0,1.0,0.08504624871791837,0.6072382082468111,0.13258106151488547,0.625,0,goodware
0.5262472973990041,1.0,1.0,0.08505651168503994,0.6072064056939501,0.1325810518917945,0.625,0,goodware
0.5231097536336291,1.0,1.0,0.08506676939401168,0.6071746219982211,0.1325810701918267,0.625,0,goodware
0.5247907011631425,1.0,1.0,0.0850770218228498,0.6071428571428572,0.13258105819254654,0.625,0,goodware
0.5232322802532405,1.0,1.0,0.0850872690016503,0.6071111111111112,0.1325810747671122,0.625,0,goodware
0.522960583082055,1.0,1.0,0.08509751090842813,0.6070793838862559,0.13258106151488547,0.625,0,goodware
0.524379920950608,1.0,1.0,0.08510774756024997,0.6070476754515842,0.1325810518917945,0.625,0,goodware
0.5254713409179251,1.0,1.0,0.08511797897417125,0.6070159857904085,0.1325810701918267,0.625,0,goodware
0.5237694863010034,1.0,1.0,0.08512820512820513,0.606984314886061,0.13258105819254654,0.625,0,goodware
0.5227354627991938,1.0,1.0,0.0851384260524091,0.6069526627218935,0.1325810747671122,0.625,0,goodware
0.5225241984751813,1.0,1.0,0.08514864172479511,0.6069210292812777,0.13258106151488547,0.625,0,goodware
0.5269548036662441,1.0,1.0,0.08515885216240028,0.6068894145476049,0.1325810518917945,0.625,0,goodware
0.524132528951435,1.0,1.0,0.08516905738225047,0.6068578185042861,0.1325810701918267,0.625,0,goodware
0.5266739901587546,1.0,1.0,0.08517925736235596,0.6068262411347518,0.13258105819254654,0.625,0,goodware
0.5264189477305934,1.0,1.0,0.08518945213273582,0.6067946824224519,0.1325810747671122,0.625,0,goodware
0.5280724645973277,1.0,1.0,0.08519964167139918,0.6067631423508565,0.13258106151488547,0.625,0,goodware
0.5274219200673814,1.0,1.0,0.08520982599535368,0.6067316209034543,0.1325810518917945,0.625,0,goodware
0.523584915985143,1.0,1.0,0.0852200051215958,0.6067001180637543,0.1325810701918267,0.625,0,goodware
0.5251022909297645,1.0,1.0,0.08523017902813299,0.6066686338152847,0.13258105819254654,0.625,0,goodware
0.5274060680770466,1.0,1.0,0.08524034774494613,0.606637168141593,0.1325810747671122,0.625,0,goodware
0.5264036975964037,1.0,1.0,0.08525051125004159,0.6066057210262459,0.13258106151488547,0.625,0,goodware
0.5274795151726434,1.0,1.0,0.08526066956039768,0.6065742924528301,0.1325810518917945,0.625,0,goodware
0.5289637133748248,1.0,1.0,0.08527082269298164,0.6065428824049514,0.1325810701918267,0.625,0,goodware
0.5274621825157694,1.0,1.0,0.08528097062579822,0.6065114908662346,0.13258105819254654,0.625,0,goodware
0.5255834674261267,1.0,1.0,0.08529111338879022,0.6064801178203241,0.1325810747671122,0.625,0,goodware
0.5236002540441772,1.0,1.0,0.08530125095996137,0.6064487632508834,0.13258106151488547,0.625,0,goodware
0.5256530243263003,1.0,1.0,0.08531138335626087,0.6064174271415955,0.1325810518917945,0.625,0,goodware
0.5224819477485069,1.0,1.0,0.08532151059462675,0.6063861094761624,0.1325810701918267,0.625,0,goodware
0.5225679258557688,1.0,1.0,0.08533163265306123,0.6063548102383054,0.13258105819254654,0.625,0,goodware
0.5227515634857881,1.0,1.0,0.08534174956146916,0.6063235294117647,0.1325810747671122,0.625,0,goodware
0.524258507791881,1.0,1.0,0.0853518612978518,0.6062922669802999,0.13258106151488547,0.625,0,goodware
0.5220983189748486,1.0,1.0,0.08536196787912925,0.6062610229276896,0.1325810518917945,0.625,0,goodware
0.5229978154890155,1.0,1.0,0.08537206932221057,0.6062297972377314,0.1325810701918267,0.625,0,goodware
0.5220648882344038,1.0,1.0,0.08538216560509554,0.6061985898942421,0.13258105819254654,0.625,0,goodware
0.5261358128774123,1.0,1.0,0.0853922567576512,0.6061674008810573,0.1325810747671122,0.625,0,goodware
0.522931034316811,1.0,1.0,0.08540234275787643,0.6061362301820317,0.13258106151488547,0.625,0,goodware
0.5246801415194693,1.0,1.0,0.08541242362266244,0.6061050777810391,0.1325810518917945,0.625,0,goodware
0.5229228670951576,1.0,1.0,0.08542249936888936,0.6060739436619718,0.1325810701918267,0.625,0,goodware
0.5228789718699903,1.0,1.0,0.0854325699745547,0.6060428278087415,0.13258105819254654,0.625,0,goodware
0.5244361633713611,1.0,1.0,0.08544263546948783,0.6060117302052785,0.1325810747671122,0.625,0,goodware
0.525259440368419,1.0,1.0,0.08545269583168534,0.6059806508355321,0.13258106151488547,0.625,0,goodware
0.5233444689425829,1.0,1.0,0.08546275107800967,0.6059495896834701,0.1325810518917945,0.625,0,goodware
0.5222773372498268,1.0,1.0,0.08547280122531223,0.6059185467330794,0.1325810701918267,0.625,0,goodware
0.5222938936121767,1.0,1.0,0.08548284625158831,0.6058875219683655,0.13258105819254654,0.625,0,goodware
0.5270565332008369,1.0,1.0,0.08549288618662973,0.6058565153733528,0.1325810747671122,0.625,0,goodware
0.5241802236608726,1.0,1.0,0.08550292100843097,0.6058255269320842,0.13258106151488547,0.625,0,goodware
0.5264920197109131,1.0,1.0,0.08551295073382582,0.6057945566286216,0.1325810518917945,0.625,0,goodware
0.526314606799075,1.0,1.0,0.08552297537963703,0.6057636044470451,0.1325810701918267,0.625,0,goodware
0.527974749669444,1.0,1.0,0.08553299492385787,0.6057326703714536,0.13258105819254654,0.625,0,goodware
0.5272448676811627,1.0,1.0,0.08554300939624272,0.6057017543859649,0.1325810747671122,0.625,0,goodware
0.5236755242248089,1.0,1.0,0.08555301877478405,0.605670856474715,0.13258106151488547,0.625,0,goodware
0.5252791396093305,1.0,1.0,0.08556302307628712,0.6056399766218585,0.1325810518917945,0.625,0,goodware
0.5271983048973139,1.0,1.0,0.0855730223175462,0.6056091148115688,0.1325810701918267,0.625,0,goodware
0.526069812658752,1.0,1.0,0.0855830164765526,0.6055782710280374,0.13258105819254654,0.625,0,goodware
0.5271821382659677,1.0,1.0,0.08559300558302343,0.6055474452554744,0.1325810747671122,0.625,0,goodware
0.5288961720693295,1.0,1.0,0.08560298961494925,0.6055166374781086,0.13258106151488547,0.625,0,goodware
0.5273315504815644,1.0,1.0,0.08561296858910691,0.6054858476801868,0.1325810518917945,0.625,0,goodware
0.525479559310361,1.0,1.0,0.08562294252226237,0.6054550758459744,0.1325810701918267,0.625,0,goodware
0.5234010779848375,1.0,1.0,0.08563291139240506,0.605424321959755,0.13258105819254654,0.625,0,goodware
0.5254233040100441,1.0,1.0,0.08564287522921496,0.6053935860058309,0.1325810747671122,0.625,0,goodware
0.5186484746949107,1.0,1.0,0.08565283401068083,0.6053628679685223,0.13258106151488547,0.625,0,goodware
0.5225608336969305,1.0,1.0,0.08566278775355127,0.6053321678321678,0.1325810518917945,0.625,0,goodware
0.5204335434518261,1.0,1.0,0.08567273647456398,0.6053014855811244,0.1325810701918267,0.625,0,goodware
0.5209954222699593,1.0,1.0,0.0856826801517067,0.605270821199767,0.13258105819254654,0.625,0,goodware
0.522646221879346,1.0,1.0,0.08569261881462237,0.6052401746724891,0.1325810747671122,0.625,0,goodware
0.5227485074457858,1.0,1.0,0.08570255244129808,0.6052095459837019,0.13258106151488547,0.625,0,goodware
0.5123624013803272,1.0,1.0,0.08571248104845433,0.6051789351178354,0.1325810518917945,0.625,0,goodware
0.5148800536350744,1.0,1.0,0.08572240465280066,0.6051483420593369,0.1325810701918267,0.625,0,goodware
0.514863039438349,1.0,1.0,0.08573232323232324,0.6051177667926723,0.13258105819254654,0.625,0,goodware
0.5163862617164192,1.0,1.0,0.08574223681662808,0.6050872093023256,0.1325810747671122,0.625,0,goodware
0.5181992461348561,1.0,1.0,0.08575214538370077,0.6050566695727986,0.13258106151488547,0.625,0,goodware
0.5179846479024566,1.0,1.0,0.08576204895023375,0.6050261475886113,0.1325810518917945,0.625,0,goodware
0.5193582537291104,1.0,1.0,0.0857719475329086,0.6049956433343016,0.1325810701918267,0.625,0,goodware
0.51984394341264,1.0,1.0,0.08578184110970996,0.6049651567944251,0.13258105819254654,0.625,0,goodware
0.5145247640515994,1.0,1.0,0.08579172971020714,0.6049346879535559,0.1325810747671122,0.625,0,goodware
0.5160833549124877,1.0,1.0,0.08580161331238426,0.6049042367962856,0.13258106151488547,0.625,0,goodware
0.5181977832347215,1.0,1.0,0.08581149193290587,0.6048738033072236,0.1325810518917945,0.625,0,goodware
0.5188342704825544,1.0,1.0,0.08582136558842565,0.6048433874709978,0.1325810701918267,0.625,0,goodware
0.5199334995198945,1.0,1.0,0.08583123425692694,0.6048129892722529,0.13258105819254654,0.625,0,goodware
0.5201719530606378,1.0,1.0,0.08584109796794237,0.6047826086956521,0.1325810747671122,0.625,0,goodware
0.5178901040953542,1.0,1.0,0.08585095669945474,0.6047522457258765,0.13258106151488547,0.625,0,goodware
0.5192440912532859,1.0,1.0,0.08586081046810083,0.6047219003476245,0.1325810518917945,0.625,0,goodware
0.5200280897117024,1.0,1.0,0.08587065929050658,0.6046915725456126,0.1325810701918267,0.625,0,goodware
0.5159705068725998,1.0,1.0,0.08588050314465409,0.6046612623045744,0.13258105819254654,0.625,0,goodware
0.5173625176975666,1.0,1.0,0.08589034206003943,0.604630969609262,0.1325810747671122,0.625,0,goodware
0.5191129841306816,1.0,1.0,0.08590017601464423,0.6046006944444444,0.13258106151488547,0.625,0,goodware
0.5168747774506527,1.0,1.0,0.0859100050250776,0.604570436794909,0.1325810518917945,0.625,0,goodware
0.5180507198562916,1.0,1.0,0.0859198291079379,0.6045401966454598,0.1325810701918267,0.625,0,goodware
0.5192942903981289,1.0,1.0,0.08592964824120602,0.6045099739809193,0.13258105819254654,0.625,0,goodware
0.515866293444344,1.0,1.0,0.08593946245434171,0.6044797687861272,0.1325810747671122,0.625,0,goodware
0.5169102507926177,1.0,1.0,0.08594927172532545,0.6044495810459405,0.13258106151488547,0.625,0,goodware
0.5186252444432662,1.0,1.0,0.08595907607073885,0.604419410745234,0.1325810518917945,0.625,0,goodware
0.5180892417294305,1.0,1.0,0.08596887550715275,0.6043892578688999,0.1325810701918267,0.625,0,goodware
0.5193964326501097,1.0,1.0,0.08597867001254705,0.6043591224018476,0.13258105819254654,0.625,0,goodware
0.5197609629220215,1.0,1.0,0.08598845961634519,0.6043290043290044,0.1325810747671122,0.625,0,goodware
0.5206454010527566,1.0,1.0,0.08599824429652667,0.6042989036353145,0.13258106151488547,0.625,0,goodware
0.5218072158416279,1.0,1.0,0.0860080240696457,0.6042688203057398,0.1325810518917945,0.625,0,goodware
0.5215384634806726,1.0,1.0,0.08601779895224573,0.6042387543252595,0.1325810701918267,0.625,0,goodware
0.518575519173184,1.0,1.0,0.08602756892230576,0.60420870567887,0.13258105819254654,0.625,0,goodware
0.5187691615828516,1.0,1.0,0.08603733400921307,0.604178674351585,0.1325810747671122,0.625,0,goodware
0.5132364125120932,1.0,1.0,0.08604709419094629,0.6041486603284356,0.13258106151488547,0.625,0,goodware
0.5161680513997745,1.0,1.0,0.08605684948403236,0.60411866359447,0.1325810518917945,0.625,0,goodware
0.5157146087208362,1.0,1.0,0.08606659990498745,0.6040886841347538,0.1325810701918267,0.625,0,goodware
0.5170237979759695,1.0,1.0,0.08607634543178974,0.6040587219343696,0.13258105819254654,0.625,0,goodware
0.5177593222706234,1.0,1.0,0.08608608609379048,0.6040287769784173,0.1325810747671122,0.625,0,goodware
0.9573994636444184,0.5435275175560625,0.02,0.05,0.8,0.0,0.625,1,BlackBasta-df5b004be71717362e6b1ad22072f9ee4113b95b5d78c496a90857977a9fb415
0.13646075659328394,1.0,0.04,0.1,0.5,0.04960159612028318,0.625,1,BlackBasta-df5b004be71717362e6b1ad22072f9ee4113b95b5d78c496a90857977a9fb415
0.09294587706181785,1.0,0.06,0.15,0.5,0.098807962873877,0.625,1,BlackBasta-df5b004be71717362e6b1ad22072f9ee4113b95b5d78c496a90857977a9fb415
0.11789174607420132,0.7601822499435653,0.08,0.2,0.5,0.14762224947904282,0.625,1,BlackBasta-df5b004be71717362e6b1ad22072f9ee4113b95b5d78c496a90857977a9fb415
0.11789174607420132,0.6299193311855026,0.1,0.2,0.6,0.19604758006082648,0.625,1,BlackBasta-df5b004be71717362e6b1ad22072f9ee4113b95b5d78c496a90857977a9fb415
0.13646075659328394,0.5508172640510853,0.1,0.2,0.6666666666666667,0.24408705385100307,0.625,1,BlackBasta-df5b004be71717362e6b1ad22072f9ee4113b95b5d78c496a90857977a9fb415
0.11789174607420132,0.49436632427124183,0.1,0.2,0.7142857142857143,0.2917437453864285,0.625,1,BlackBasta-df5b004be71717362e6b1ad22072f9ee4113b95b5d78c496a90857977a9fb415
0.13646075659328394,0.45250694871833536,0.1,0.2,0.75,0.33902070470581025,0.625,1,BlackBasta-df5b004be71717362e6b1ad22072f9ee4113b95b5d78c496a90857977a9fb415
0.13646075659328394,0.4219909702062495,0.1,0.2,0.7777777777777778,0.38592095754491085,0.625,1,BlackBasta-df5b004be71717362e6b1ad22072f9ee4113b95b5d78c496a90857977a9fb415
0.13646075659328394,0.39887681669613306,0.1,0.2,0.8,0.4324475055301956,0.625,1,BlackBasta-df5b004be71717362e6b1ad22072f9ee4113b95b5d78c496a90857977a9fb415
0.13646075659328394,0.38084763517442644,0.1,0.2,0.8181818181818181,0.47860332637093694,0.625,1,BlackBasta-df5b004be71717362e6b1ad22072f9ee4113b95b5d78c496a90857977a9fb415
0.13646075659328394,0.3664522391586653,0.1,0.2,0.8333333333333334,0.524391374049789,0.625,1,BlackBasta-df5b004be71717362e6b1ad22072f9ee4113b95b5d78c496a90857977a9fb415
0.13646075659328394,0.3547364829111195,0.1,0.2,0.8461538461538461,0.5698145790118427,0.625,1,BlackBasta-df5b004be71717362e6b1ad22072f9ee4113b95b5d78c496a90857977a9fb415
0.4553884431277716,0.3281338642134046,0.12,0.25,0.8214285714285714,0.6148757310739256,0.625,1,BlackBasta-df5b004be71717362e6b1ad22072f9ee4113b95b5d78c496a90857977a9fb415
0.9573994636444184,0.3177239932280794,0.12,0.25,0.8333333333333334,0.6595779496581373,0.625,1,BlackBasta-df5b004be71717362e6b1ad22072f9ee4113b95b5d78c496a90857977a9fb415
0.11789174607420132,0.4302333893641969,0.12,0.25,0.84375,0.7039239774960311,0.625,1,BlackBasta-df5b004be71717362e6b1ad22072f9ee4113b95b5d78c496a90857977a9fb415
0.9627296910452963,0.4139454306344894,0.14,0.3,0.8235294117647058,0.7479166527431119,0.625,1,BlackBasta-df5b004be71717362e6b1ad22072f9ee4113b95b5d78c496a90857977a9fb415
0.9627296910452963,0.3837901683563758,0.14,0.3,0.8333333333333334,0.7915587909402417,0.625,1,BlackBasta-df5b004be71717362e6b1ad22072f9ee4113b95b5d78c496a90857977a9fb415
0.11789174607420132,0.4842402078846252,0.14,0.3,0.8421052631578947,0.8348531851938338,0.625,1,BlackBasta-df5b004be71717362e6b1ad22072f9ee4113b95b5d78c496a90857977a9fb415
0.13373670235203394,0.4628049082696507,0.16,0.35,0.825,0.8778026063546134,0.625,1,BlackBasta-df5b004be71717362e6b1ad22072f9ee4113b95b5d78c496a90857977a9fb415
0.6571264506410632,0.4561005740086525,0.18,0.4,0.8095238095238095,0.9204098031949522,0.625,1,BlackBasta-df5b004be71717362e6b1ad22072f9ee4113b95b5d78c496a90857977a9fb415
0.9627296910452963,0.4406024400109783,0.18,0.4,0.8181818181818181,0.9626775025847902,0.625,1,BlackBasta-df5b004be71717362e6b1ad22072f9ee4113b95b5d78c496a90857977a9fb415
0.1125860651838575,0.5231668527622446,0.2,0.45,0.8043478260869565,1.0,0.625,1,BlackBasta-df5b004be71717362e6b1ad22072f9ee4113b95b5d78c496a90857977a9fb415
0.4553884431277716,0.5087763902319616,0.2,0.45,0.8125,1.0,0.625,1,BlackBasta-df5b004be71717362e6b1ad22072f9ee4113b95b5d78c496a90857977a9fb415
0.9534210547032753,0.4882771337424727,0.22,0.5,0.8,1.0,0.625,1,BlackBasta-df5b004be71717362e6b1ad22072f9ee4113b95b5d78c496a90857977a9fb415
0.9626008292264994,0.4652865857328698,0.24,0.55,0.7884615384615384,1.0,0.625,1,BlackBasta-df5b004be71717362e6b1ad22072f9ee4113b95b5d78c496a90857977a9fb415
0.11789174607420132,0.5236272992280949,0.24,0.55,0.7962962962962963,1.0,0.625,1,BlackBasta-df5b004be71717362e6b1ad22072f9ee4113b95b5d78c496a90857977a9fb415
0.9530804918083877,0.5776099444131743,0.26,0.6,0.7857142857142857,1.0,0.625,1,BlackBasta-df5b004be71717362e6b1ad22072f9ee4113b95b5d78c496a90857977a9fb415
0.9622487219758857,0.5602604155501856,0.28,0.65,0.7758620689655172,1.0,0.625,1,BlackBasta-df5b004be71717362e6b1ad22072f9ee4113b95b5d78c496a90857977a9fb415
0.9531772165083431,0.5381118136067853,0.3,0.7,0.7666666666666666,1.0,0.625,1,BlackBasta-df5b004be71717362e6b1ad22072f9ee4113b95b5d78c496a90857977a9fb415
0.9537027200323758,0.517954391754395,0.32,0.75,0.7580645161290323,1.0,0.625,1,BlackBasta-df5b004be71717362e6b1ad22072f9ee4113b95b5d78c496a90857977a9fb415
0.9526178420044334,0.4995133669382132,0.34,0.8,0.75,1.0,0.625,1,BlackBasta-df5b004be71717362e6b1ad22072f9ee4113b95b5d78c496a90857977a9fb415
0.9532997727572613,0.4875301384708858,0.36,0.85,0.7424242424242424,1.0,0.625,1,BlackBasta-df5b004be71717362e6b1ad22072f9ee4113b95b5d78c496a90857977a9fb415
0.9547021828758705,0.47834345801115685,0.38,0.9,0.7352941176470589,1.0,0.625,1,BlackBasta-df5b004be71717362e6b1ad22072f9ee4113b95b5d78c496a90857977a9fb415
0.9528409720163564,0.46795407391952165,0.4,0.95,0.7285714285714286,1.0,0.625,1,BlackBasta-df5b004be71717362e6b1ad22072f9ee4113b95b5d78c496a90857977a9fb415
0.9531126792107424,0.510463674129818,0.42,1.0,0.7222222222222222,1.0,0.625,1,BlackBasta-df5b004be71717362e6b1ad22072f9ee4113b95b5d78c496a90857977a9fb415
0.9521407465327665,0.5505671350528792,0.44,1.0,0.7162162162162162,1.0,0.625,1,BlackBasta-df5b004be71717362e6b1ad22072f9ee4113b95b5d78c496a90857977a9fb415
0.9533779649075129,0.59372040948553,0.46,1.0,0.7105263157894737,1.0,0.625,1,BlackBasta-df5b004be71717362e6b1ad22072f9ee4113b95b5d78c496a90857977a9fb415
0.9613618767970057,0.6364989427728032,0.48,1.0,0.7051282051282051,1.0,0.625,1,BlackBasta-df5b004be71717362e6b1ad22072f9ee4113b95b5d78c496a90857977a9fb415
0.9538664196926998,0.675158842863749,0.5,1.0,0.7,1.0,0.625,1,BlackBasta-df5b004be71717362e6b1ad22072f9ee4113b95b5d78c496a90857977a9fb415
0.11789174607420132,0.7069668825778208,0.5,1.0,0.7073170731707317,1.0,0.625,1,BlackBasta-df5b004be71717362e6b1ad22072f9ee4113b95b5d78c496a90857977a9fb415
0.11789174607420132,0.7449029049736651,0.5,1.0,0.7142857142857143,1.0,0.625,1,BlackBasta-df5b004be71717362e6b1ad22072f9ee4113b95b5d78c496a90857977a9fb415
0.11789174607420132,0.7818423086137465,0.5,1.0,0.7209302325581395,1.0,0.625,1,BlackBasta-df5b004be71717362e6b1ad22072f9ee4113b95b5d78c496a90857977a9fb415
0.11789174607420132,0.8176866021356413,0.5,1.0,0.7272727272727273,1.0,0.625,1,BlackBasta-df5b004be71717362e6b1ad22072f9ee4113b95b5d78c496a90857977a9fb415
0.11789174607420132,0.8524017787873601,0.5,1.0,0.7333333333333334,1.0,0.625,1,BlackBasta-df5b004be71717362e6b1ad22072f9ee4113b95b5d78c496a90857977a9fb415
0.11789174607420132,0.8859874767153937,0.5,1.0,0.7391304347826086,1.0,0.625,1,BlackBasta-df5b004be71717362e6b1ad22072f9ee4113b95b5d78c496a90857977a9fb415
0.9545445523319721,0.8862945608019528,0.52,1.0,0.7340425531914894,1.0,0.625,1,BlackBasta-df5b004be71717362e6b1ad22072f9ee4113b95b5d78c496a90857977a9fb415
0.9586667273101084,0.9085860731097215,0.54,1.0,0.7291666666666667,1.0,0.625,1,BlackBasta-df5b004be71717362e6b1ad22072f9ee4113b95b5d78c496a90857977a9fb415
0.11789174607420132,0.9299063852015186,0.54,1.0,0.7346938775510203,1.0,0.625,1,BlackBasta-df5b004be71717362e6b1ad22072f9ee4113b95b5d78c496a90857977a9fb415
0.9589398068841849,0.933136239845696,0.56,1.0,0.73,1.0,0.625,1,BlackBasta-df5b004be71717362e6b1ad22072f9ee4113b95b5d78c496a90857977a9fb415
0.9586254615524243,0.9754164229740387,0.58,1.0,0.7254901960784313,1.0,0.625,1,BlackBasta-df5b004be71717362e6b1ad22072f9ee4113b95b5d78c496a90857977a9fb415
0.9598752398508871,0.9794164062172019,0.6,1.0,0.7211538461538461,1.0,0.625,1,BlackBasta-df5b004be71717362e6b1ad22072f9ee4113b95b5d78c496a90857977a9fb415
0.9594253121180512,1.0,0.62,1.0,0.7169811320754718,1.0,0.625,1,BlackBasta-df5b004be71717362e6b1ad22072f9ee4113b95b5d78c496a90857977a9fb415
0.9623080204224096,1.0,0.64,1.0,0.712962962962963,1.0,0.625,1,BlackBasta-df5b004be71717362e6b1ad22072f9ee4113b95b5d78c496a90857977a9fb415
0.9592578352816459,1.0,0.66,1.0,0.7090909090909091,1.0,0.625,1,BlackBasta-df5b004be71717362e6b1ad22072f9ee4113b95b5d78c496a90857977a9fb415
0.9588384779133374,1.0,0.68,1.0,0.7053571428571428,1.0,0.625,1,BlackBasta-df5b004be71717362e6b1ad22072f9ee4113b95b5d78c496a90857977a9fb415
0.9583639574649052,1.0,0.7,1.0,0.7017543859649122,1.0,0.625,1,BlackBasta-df5b004be71717362e6b1ad22072f9ee4113b95b5d78c496a90857977a9fb415
0.958762202277745,1.0,0.72,1.0,0.6982758620689655,1.0,0.625,1,BlackBasta-df5b004be71717362e6b1ad22072f9ee4113b95b5d78c496a90857977a9fb415
0.9585308265208977,1.0,0.74,1.0,0.6949152542372881,1.0,0.625,1,BlackBasta-df5b004be71717362e6b1ad22072f9ee4113b95b5d78c496a90857977a9fb415
0.9579583184026756,1.0,0.76,1.0,0.6916666666666667,1.0,0.625,1,BlackBasta-df5b004be71717362e6b1ad22072f9ee4113b95b5d78c496a90857977a9fb415
0.9600111995894801,1.0,0.78,1.0,0.6885245901639344,1.0,0.625,1,BlackBasta-df5b004be71717362e6b1ad22072f9ee4113b95b5d78c496a90857977a9fb415
0.9594984371996645,1.0,0.8,1.0,0.685483870967742,1.0,0.625,1,BlackBasta-df5b004be71717362e6b1ad22072f9ee4113b95b5d78c496a90857977a9fb415
0.9600662018229117,1.0,0.82,1.0,0.6825396825396826,1.0,0.625,1,BlackBasta-df5b004be71717362e6b1ad22072f9ee4113b95b5d78c496a90857977a9fb415
0.9597204574042676,1.0,0.84,1.0,0.6796875,1.0,0.625,1,BlackBasta-df5b004be71717362e6b1ad22072f9ee4113b95b5d78c496a90857977a9fb415
0.9602499461875634,1.0,0.86,1.0,0.676923076923077,1.0,0.625,1,BlackBasta-df5b004be71717362e6b1ad22072f9ee4113b95b5d78c496a90857977a9fb415
0.9598230316297901,1.0,0.88,1.0,0.6742424242424243,1.0,0.625,1,BlackBasta-df5b004be71717362e6b1ad22072f9ee4113b95b5d78c496a90857977a9fb415
0.9598508248319766,1.0,0.9,1.0,0.6716417910447761,1.0,0.625,1,BlackBasta-df5b004be71717362e6b1ad22072f9ee4113b95b5d78c496a90857977a9fb415
0.9600338702280157,1.0,0.92,1.0,0.6691176470588236,1.0,0.625,1,BlackBasta-df5b004be71717362e6b1ad22072f9ee4113b95b5d78c496a90857977a9fb415
0.9595763271964927,1.0,0.94,1.0,0.6666666666666667,1.0,0.625,1,BlackBasta-df5b004be71717362e6b1ad22072f9ee4113b95b5d78c496a90857977a9fb415
0.9592017180041491,1.0,0.96,1.0,0.6642857142857144,1.0,0.625,1,BlackBasta-df5b004be71717362e6b1ad22072f9ee4113b95b5d78c496a90857977a9fb415
0.9597372434247035,1.0,0.98,1.0,0.6619718309859155,1.0,0.625,1,BlackBasta-df5b004be71717362e6b1ad22072f9ee4113b95b5d78c496a90857977a9fb415
0.9593628334802675,1.0,1.0,1.0,0.6597222222222222,1.0,0.625,1,BlackBasta-df5b004be71717362e6b1ad22072f9ee4113b95b5d78c496a90857977a9fb415
0.959730039482936,1.0,1.0,1.0,0.6575342465753424,1.0,0.625,1,BlackBasta-df5b004be71717362e6b1ad22072f9ee4113b95b5d78c496a90857977a9fb415
0.9594274723510889,1.0,1.0,1.0,0.6554054054054055,1.0,0.625,1,BlackBasta-df5b004be71717362e6b1ad22072f9ee4113b95b5d78c496a90857977a9fb415
0.9594838240317566,1.0,1.0,1.0,0.6533333333333333,1.0,0.625,1,BlackBasta-df5b004be71717362e6b1ad22072f9ee4113b95b5d78c496a90857977a9fb415
0.9595623256959538,1.0,1.0,1.0,0.6513157894736843,1.0,0.625,1,BlackBasta-df5b004be71717362e6b1ad22072f9ee4113b95b5d78c496a90857977a9fb415
0.9623962557458432,1.0,1.0,1.0,0.6493506493506493,1.0,0.625,1,BlackBasta-df5b004be71717362e6b1ad22072f9ee4113b95b5d78c496a90857977a9fb415
0.959112979250598,1.0,1.0,1.0,0.6474358974358974,1.0,0.625,1,BlackBasta-df5b004be71717362e6b1ad22072f9ee4113b95b5d78c496a90857977a9fb415
0.9593886124248515,1.0,1.0,1.0,0.6455696202531646,1.0,0.625,1,BlackBasta-df5b004be71717362e6b1ad22072f9ee4113b95b5d78c496a90857977a9fb415
0.9592856047786467,1.0,1.0,1.0,0.64375,1.0,0.625,1,BlackBasta-df5b004be71717362e6b1ad22072f9ee4113b95b5d78c496a90857977a9fb415
0.958523911609975,1.0,1.0,1.0,0.6419753086419753,1.0,0.625,1,BlackBasta-df5b004be71717362e6b1ad22072f9ee4113b95b5d78c496a90857977a9fb415
0.9579297921399177,1.0,1.0,1.0,0.6402439024390244,1.0,0.625,1,BlackBasta-df5b004be71717362e6b1ad22072f9ee4113b95b5d78c496a90857977a9fb415
0.9583839323316766,1.0,1.0,1.0,0.6385542168674698,1.0,0.625,1,BlackBasta-df5b004be71717362e6b1ad22072f9ee4113b95b5d78c496a90857977a9fb415
0.958181478462245,1.0,1.0,1.0,0.6369047619047619,1.0,0.625,1,BlackBasta-df5b004be71717362e6b1ad22072f9ee4113b95b5d78c496a90857977a9fb415
0.12748351609440636,1.0,1.0,1.0,0.6352941176470588,1.0,0.625,1,BlackBasta-df5b004be71717362e6b1ad22072f9ee4113b95b5d78c496a90857977a9fb415
0.9575611746196082,1.0,1.0,1.0,0.6337209302325582,1.0,0.625,1,BlackBasta-df5b004be71717362e6b1ad22072f9ee4113b95b5d78c496a90857977a9fb415
0.9602553262568146,1.0,1.0,1.0,0.632183908045977,1.0,0.625,1,BlackBasta-df5b004be71717362e6b1ad22072f9ee4113b95b5d78c496a90857977a9fb415
0.9598175702392964,1.0,1.0,1.0,0.6306818181818181,1.0,0.625,1,BlackBasta-df5b004be71717362e6b1ad22072f9ee4113b95b5d78c496a90857977a9fb415
0.9626477944926956,1.0,1.0,1.0,0.6292134831460674,1.0,0.625,1,BlackBasta-df5b004be71717362e6b1ad22072f9ee4113b95b5d78c496a90857977a9fb415
0.9577733707574665,1.0,1.0,1.0,0.6277777777777778,1.0,0.625,1,BlackBasta-df5b004be71717362e6b1ad22072f9ee4113b95b5d78c496a90857977a9fb415
0.12123612128545803,1.0,1.0,1.0,0.6263736263736264,1.0,0.625,1,BlackBasta-df5b004be71717362e6b1ad22072f9ee4113b95b5d78c496a90857977a9fb415
0.13373670235203394,1.0,1.0,1.0,0.6304347826086957,1.0,0.625,1,BlackBasta-df5b004be71717362e6b1ad22072f9ee4113b95b5d78c496a90857977a9fb415
0.12152170025982928,1.0,1.0,1.0,0.6290322580645161,1.0,0.625,1,BlackBasta-df5b004be71717362e6b1ad22072f9ee4113b95b5d78c496a90857977a9fb415
0.12152170025982928,1.0,1.0,1.0,0.6329787234042553,1.0,0.625,1,BlackBasta-df5b004be71717362e6b1ad22072f9ee4113b95b5d78c496a90857977a9fb415
0.1261660874599347,1.0,1.0,1.0,0.631578947368421,1.0,0.625,1,BlackBasta-df5b004be71717362e6b1ad22072f9ee4113b95b5d78c496a90857977a9fb415
0.9535215959858717,1.0,1.0,1.0,0.6302083333333333,1.0,0.625,1,BlackBasta-df5b004be71717362e6b1ad22072f9ee4113b95b5d78c496a90857977a9fb415
0.9535215959858717,1.0,1.0,1.0,0.634020618556701,1.0,0.625,1,BlackBasta-df5b004be71717362e6b1ad22072f9ee4113b95b5d78c496a90857977a9fb415
0.9573994636444184,1.0,1.0,1.0,0.6377551020408163,1.0,0.625,1,BlackBasta-df5b004be71717362e6b1ad22072f9ee4113b95b5d78c496a90857977a9fb415
0.4553884431277716,1.0,1.0,1.0,0.6414141414141414,1.0,0.625,1,BlackBasta-df5b004be71717362e6b1ad22072f9ee4113b95b5d78c496a90857977a9fb415
0.9573994636444184,1.0,1.0,1.0,0.645,1.0,0.625,1,BlackBasta-df5b004be71717362e6b1ad22072f9ee4113b95b5d78c496a90857977a9fb415
0.9573994636444184,1.0,1.0,1.0,0.6485148514851485,1.0,0.625,1,BlackBasta-df5b004be71717362e6b1ad22072f9ee4113b95b5d78c496a90857977a9fb415
0.9573994636444184,1.0,1.0,1.0,0.6519607843137255,1.0,0.625,1,BlackBasta-df5b004be71717362e6b1ad22072f9ee4113b95b5d78c496a90857977a9fb415
0.11789174607420132,1.0,1.0,1.0,0.6553398058252426,1.0,0.625,1,BlackBasta-df5b004be71717362e6b1ad22072f9ee4113b95b5d78c496a90857977a9fb415
0.9535215959858717,1.0,1.0,1.0,0.6586538461538461,1.0,0.625,1,BlackBasta-df5b004be71717362e6b1ad22072f9ee4113b95b5d78c496a90857977a9fb415
0.9627296910452963,1.0,1.0,1.0,0.6619047619047619,1.0,0.625,1,BlackBasta-df5b004be71717362e6b1ad22072f9ee4113b95b5d78c496a90857977a9fb415
0.9627296910452963,1.0,1.0,1.0,0.6650943396226415,1.0,0.625,1,BlackBasta-df5b004be71717362e6b1ad22072f9ee4113b95b5d78c496a90857977a9fb415
0.11789174607420132,1.0,1.0,1.0,0.6682242990654206,1.0,0.625,1,BlackBasta-df5b004be71717362e6b1ad22072f9ee4113b95b5d78c496a90857977a9fb415
0.13373670235203394,1.0,1.0,1.0,0.6712962962962963,1.0,0.625,1,BlackBasta-df5b004be71717362e6b1ad22072f9ee4113b95b5d78c496a90857977a9fb415
0.6571264506410632,1.0,1.0,1.0,0.6743119266055047,1.0,0.625,1,BlackBasta-df5b004be71717362e6b1ad22072f9ee4113b95b5d78c496a90857977a9fb415
0.9627296910452963,1.0,1.0,1.0,0.6772727272727272,1.0,0.625,1,BlackBasta-df5b004be71717362e6b1ad22072f9ee4113b95b5d78c496a90857977a9fb415
0.11789174607420132,1.0,1.0,1.0,0.6801801801801801,1.0,0.625,1,BlackBasta-df5b004be71717362e6b1ad22072f9ee4113b95b5d78c496a90857977a9fb415
0.4553884431277716,1.0,1.0,1.0,0.6830357142857143,1.0,0.625,1,BlackBasta-df5b004be71717362e6b1ad22072f9ee4113b95b5d78c496a90857977a9fb415
0.4553884431277716,1.0,1.0,1.0,0.6858407079646018,1.0,0.625,1,BlackBasta-df5b004be71717362e6b1ad22072f9ee4113b95b5d78c496a90857977a9fb415
0.9626008292264994,1.0,1.0,1.0,0.6885964912280702,1.0,0.625,1,BlackBasta-df5b004be71717362e6b1ad22072f9ee4113b95b5d78c496a90857977a9fb415
0.13373670235203394,1.0,1.0,1.0,0.691304347826087,1.0,0.625,1,BlackBasta-df5b004be71717362e6b1ad22072f9ee4113b95b5d78c496a90857977a9fb415
0.9622487219758857,1.0,1.0,1.0,0.6939655172413793,1.0,0.625,1,BlackBasta-df5b004be71717362e6b1ad22072f9ee4113b95b5d78c496a90857977a9fb415
0.9623356648170804,1.0,1.0,1.0,0.6923076923076923,1.0,0.625,1,BlackBasta-df5b004be71717362e6b1ad22072f9ee4113b95b5d78c496a90857977a9fb415
0.13373670235203394,1.0,1.0,1.0,0.6949152542372881,1.0,0.625,1,BlackBasta-df5b004be71717362e6b1ad22072f9ee4113b95b5d78c496a90857977a9fb415
0.947543860684971,1.0,1.0,1.0,0.6932773109243697,1.0,0.625,1,BlackBasta-df5b004be71717362e6b1ad22072f9ee4113b95b5d78c496a90857977a9fb415
0.947543860684971,1.0,1.0,1.0,0.6916666666666667,1.0,0.625,1,BlackBasta-df5b004be71717362e6b1ad22072f9ee4113b95b5d78c496a90857977a9fb415
0.9461090234442608,1.0,1.0,1.0,0.6900826446280992,1.0,0.625,1,BlackBasta-df5b004be71717362e6b1ad22072f9ee4113b95b5d78c496a90857977a9fb415
0.9450673567775942,1.0,1.0,1.0,0.6885245901639344,1.0,0.625,1,BlackBasta-df5b004be71717362e6b1ad22072f9ee4113b95b5d78c496a90857977a9fb415
0.9450673567775942,1.0,1.0,1.0,0.6869918699186992,1.0,0.625,1,BlackBasta-df5b004be71717362e6b1ad22072f9ee4113b95b5d78c496a90857977a9fb415
0.9450673567775942,1.0,1.0,1.0,0.685483870967742,1.0,0.625,1,BlackBasta-df5b004be71717362e6b1ad22072f9ee4113b95b5d78c496a90857977a9fb415
0.9461090234442608,1.0,1.0,1.0,0.6839999999999999,1.0,0.625,1,BlackBasta-df5b004be71717362e6b1ad22072f9ee4113b95b5d78c496a90857977a9fb415
0.9461090234442608,1.0,1.0,1.0,0.6825396825396826,1.0,0.625,1,BlackBasta-df5b004be71717362e6b1ad22072f9ee4113b95b5d78c496a90857977a9fb415
0.12166030539661564,1.0,1.0,1.0,0.6811023622047244,1.0,0.625,1,BlackBasta-df5b004be71717362e6b1ad22072f9ee4113b95b5d78c496a90857977a9fb415
0.9609838368035016,1.0,1.0,1.0,0.6796875,1.0,0.625,1,BlackBasta-df5b004be71717362e6b1ad22072f9ee4113b95b5d78c496a90857977a9fb415
0.11916433407288944,1.0,1.0,1.0,0.6782945736434108,1.0,0.625,1,BlackBasta-df5b004be71717362e6b1ad22072f9ee4113b95b5d78c496a90857977a9fb415
0.12267611811853227,1.0,1.0,1.0,0.676923076923077,1.0,0.625,1,BlackBasta-df5b004be71717362e6b1ad22072f9ee4113b95b5d78c496a90857977a9fb415
0.13373670235203394,1.0,1.0,1.0,0.6793893129770993,1.0,0.625,1,BlackBasta-df5b004be71717362e6b1ad22072f9ee4113b95b5d78c496a90857977a9fb415
0.12166030539661564,1.0,1.0,1.0,0.6818181818181819,1.0,0.625,1,BlackBasta-df5b004be71717362e6b1ad22072f9ee4113b95b5d78c496a90857977a9fb415
0.9609838368035016,1.0,1.0,1.0,0.6842105263157895,1.0,0.625,1,BlackBasta-df5b004be71717362e6b1ad22072f9ee4113b95b5d78c496a90857977a9fb415
0.12166030539661564,1.0,1.0,1.0,0.6865671641791045,1.0,0.625,1,BlackBasta-df5b004be71717362e6b1ad22072f9ee4113b95b5d78c496a90857977a9fb415
0.12166030539661564,1.0,1.0,1.0,0.6888888888888889,1.0,0.625,1,BlackBasta-df5b004be71717362e6b1ad22072f9ee4113b95b5d78c496a90857977a9fb415
0.12123612128545803,1.0,1.0,1.0,0.6911764705882353,1.0,0.625,1,BlackBasta-df5b004be71717362e6b1ad22072f9ee4113b95b5d78c496a90857977a9fb415
0.12152170025982928,1.0,1.0,1.0,0.6934306569343065,1.0,0.625,1,BlackBasta-df5b004be71717362e6b1ad22072f9ee4113b95b5d78c496a90857977a9fb415
0.1261660874599347,1.0,1.0,1.0,0.6956521739130435,1.0,0.625,1,BlackBasta-df5b004be71717362e6b1ad22072f9ee4113b95b5d78c496a90857977a9fb415
0.1261660874599347,1.0,1.0,1.0,0.697841726618705,1.0,0.625,1,BlackBasta-df5b004be71717362e6b1ad22072f9ee4113b95b5d78c496a90857977a9fb415
0.9535215959858717,1.0,1.0,1.0,0.6964285714285714,1.0,0.625,1,BlackBasta-df5b004be71717362e6b1ad22072f9ee4113b95b5d78c496a90857977a9fb415
0.960800216607474,1.0,1.0,1.0,0.6950354609929078,1.0,0.625,1,BlackBasta-df5b004be71717362e6b1ad22072f9ee4113b95b5d78c496a90857977a9fb415
0.960800216607474,1.0,1.0,1.0,0.6971830985915493,1.0,0.625,1,BlackBasta-df5b004be71717362e6b1ad22072f9ee4113b95b5d78c496a90857977a9fb415
0.7073795726578866,1.0,1.0,1.0,0.6958041958041958,1.0,0.625,1,BlackBasta-df5b004be71717362e6b1ad22072f9ee4113b95b5d78c496a90857977a9fb415
0.9595765832703906,1.0,1.0,1.0,0.6944444444444444,1.0,0.625,1,BlackBasta-df5b004be71717362e6b1ad22072f9ee4113b95b5d78c496a90857977a9fb415
0.9595765832703906,1.0,1.0,1.0,0.6965517241379311,1.0,0.625,1,BlackBasta-df5b004be71717362e6b1ad22072f9ee4113b95b5d78c496a90857977a9fb415
0.9623171701368349,1.0,1.0,1.0,0.6952054794520548,1.0,0.625,1,BlackBasta-df5b004be71717362e6b1ad22072f9ee4113b95b5d78c496a90857977a9fb415
0.960800216607474,1.0,1.0,1.0,0.6972789115646258,1.0,0.625,1,BlackBasta-df5b004be71717362e6b1ad22072f9ee4113b95b5d78c496a90857977a9fb415
0.9595765832703906,1.0,1.0,1.0,0.6993243243243243,1.0,0.625,1,BlackBasta-df5b004be71717362e6b1ad22072f9ee4113b95b5d78c496a90857977a9fb415
0.9599649428794539,1.0,1.0,1.0,0.697986577181208,1.0,0.625,1,BlackBasta-df5b004be71717362e6b1ad22072f9ee4113b95b5d78c496a90857977a9fb415
0.9539387312858734,1.0,1.0,1.0,0.6966666666666667,1.0,0.625,1,BlackBasta-df5b004be71717362e6b1ad22072f9ee4113b95b5d78c496a90857977a9fb415
0.960800216607474,1.0,1.0,1.0,0.6986754966887417,1.0,0.625,1,BlackBasta-df5b004be71717362e6b1ad22072f9ee4113b95b5d78c496a90857977a9fb415
0.960800216607474,1.0,1.0,1.0,0.700657894736842,1.0,0.625,1,BlackBasta-df5b004be71717362e6b1ad22072f9ee4113b95b5d78c496a90857977a9fb415
0.11789174607420132,1.0,1.0,1.0,0.7026143790849673,1.0,0.625,1,BlackBasta-df5b004be71717362e6b1ad22072f9ee4113b95b5d78c496a90857977a9fb415
0.11789174607420132,1.0,1.0,1.0,0.7045454545454546,1.0,0.625,1,BlackBasta-df5b004be71717362e6b1ad22072f9ee4113b95b5d78c496a90857977a9fb415
0.11789174607420132,1.0,1.0,1.0,0.7064516129032259,1.0,0.625,1,BlackBasta-df5b004be71717362e6b1ad22072f9ee4113b95b5d78c496a90857977a9fb415
0.11789174607420132,1.0,1.0,1.0,0.7083333333333333,1.0,0.625,1,BlackBasta-df5b004be71717362e6b1ad22072f9ee4113b95b5d78c496a90857977a9fb415
0.11789174607420132,1.0,1.0,1.0,0.7101910828025477,1.0,0.625,1,BlackBasta-df5b004be71717362e6b1ad22072f9ee4113b95b5d78c496a90857977a9fb415
0.11789174607420132,1.0,1.0,1.0,0.7120253164556962,1.0,0.625,1,BlackBasta-df5b004be71717362e6b1ad22072f9ee4113b95b5d78c496a90857977a9fb415
0.960800216607474,1.0,1.0,1.0,0.7138364779874213,1.0,0.625,1,BlackBasta-df5b004be71717362e6b1ad22072f9ee4113b95b5d78c496a90857977a9fb415
0.960800216607474,1.0,1.0,1.0,0.715625,1.0,0.625,1,BlackBasta-df5b004be71717362e6b1ad22072f9ee4113b95b5d78c496a90857977a9fb415
0.960800216607474,1.0,1.0,1.0,0.7173913043478262,1.0,0.625,1,BlackBasta-df5b004be71717362e6b1ad22072f9ee4113b95b5d78c496a90857977a9fb415
0.9595765832703906,1.0,1.0,1.0,0.7191358024691358,1.0,0.625,1,BlackBasta-df5b004be71717362e6b1ad22072f9ee4113b95b5d78c496a90857977a9fb415
0.9599649428794539,1.0,1.0,1.0,0.7208588957055215,1.0,0.625,1,BlackBasta-df5b004be71717362e6b1ad22072f9ee4113b95b5d78c496a90857977a9fb415
0.9589538567033209,1.0,1.0,1.0,0.7195121951219512,1.0,0.625,1,BlackBasta-df5b004be71717362e6b1ad22072f9ee4113b95b5d78c496a90857977a9fb415
0.9593496864553007,1.0,1.0,1.0,0.7181818181818183,1.0,0.625,1,BlackBasta-df5b004be71717362e6b1ad22072f9ee4113b95b5d78c496a90857977a9fb415
0.9612576018609713,1.0,1.0,1.0,0.7168674698795181,1.0,0.625,1,BlackBasta-df5b004be71717362e6b1ad22072f9ee4113b95b5d78c496a90857977a9fb415
0.958970675049565,1.0,1.0,1.0,0.715568862275449,1.0,0.625,1,BlackBasta-df5b004be71717362e6b1ad22072f9ee4113b95b5d78c496a90857977a9fb415
0.9579054171504117,1.0,1.0,1.0,0.7142857142857143,1.0,0.625,1,BlackBasta-df5b004be71717362e6b1ad22072f9ee4113b95b5d78c496a90857977a9fb415
0.9621693810097967,1.0,1.0,1.0,0.7130177514792899,1.0,0.625,1,BlackBasta-df5b004be71717362e6b1ad22072f9ee4113b95b5d78c496a90857977a9fb415
0.9621693810097967,1.0,1.0,1.0,0.7147058823529412,1.0,0.625,1,BlackBasta-df5b004be71717362e6b1ad22072f9ee4113b95b5d78c496a90857977a9fb415
0.9612215127632485,1.0,1.0,1.0,0.7134502923976609,1.0,0.625,1,BlackBasta-df5b004be71717362e6b1ad22072f9ee4113b95b5d78c496a90857977a9fb415
0.9613544154925027,1.0,1.0,1.0,0.7122093023255813,1.0,0.625,1,BlackBasta-df5b004be71717362e6b1ad22072f9ee4113b95b5d78c496a90857977a9fb415
0.9595765832703906,1.0,1.0,1.0,0.7138728323699421,1.0,0.625,1,BlackBasta-df5b004be71717362e6b1ad22072f9ee4113b95b5d78c496a90857977a9fb415
0.9631294177309084,1.0,1.0,1.0,0.7126436781609196,1.0,0.625,1,BlackBasta-df5b004be71717362e6b1ad22072f9ee4113b95b5d78c496a90857977a9fb415
0.9632384946328022,1.0,1.0,1.0,0.7114285714285714,1.0,0.625,1,BlackBasta-df5b004be71717362e6b1ad22072f9ee4113b95b5d78c496a90857977a9fb415
0.960800216607474,1.0,1.0,1.0,0.7130681818181819,1.0,0.625,1,BlackBasta-df5b004be71717362e6b1ad22072f9ee4113b95b5d78c496a90857977a9fb415
0.1479218215068936,1.0,1.0,1.0,0.711864406779661,1.0,0.625,1,BlackBasta-df5b004be71717362e6b1ad22072f9ee4113b95b5d78c496a90857977a9fb415
0.7097623216695851,1.0,1.0,1.0,0.7106741573033708,1.0,0.625,1,BlackBasta-df5b004be71717362e6b1ad22072f9ee4113b95b5d78c496a90857977a9fb415
0.7325645971961867,1.0,1.0,1.0,0.7094972067039106,1.0,0.625,1,BlackBasta-df5b004be71717362e6b1ad22072f9ee4113b95b5d78c496a90857977a9fb415
0.7253716507846439,1.0,1.0,1.0,0.7083333333333333,1.0,0.625,1,BlackBasta-df5b004be71717362e6b1ad22072f9ee4113b95b5d78c496a90857977a9fb415
0.7291921593435232,1.0,1.0,1.0,0.7071823204419889,1.0,0.625,1,BlackBasta-df5b004be71717362e6b1ad22072f9ee4113b95b5d78c496a90857977a9fb415
0.12708470022442964,1.0,1.0,1.0,0.706043956043956,1.0,0.625,1,BlackBasta-df5b004be71717362e6b1ad22072f9ee4113b95b5d78c496a90857977a9fb415
0.12708470022442964,1.0,1.0,1.0,0.7076502732240437,1.0,0.625,1,BlackBasta-df5b004be71717362e6b1ad22072f9ee4113b95b5d78c496a90857977a9fb415
0.12708470022442964,1.0,1.0,1.0,0.7092391304347826,1.0,0.625,1,BlackBasta-df5b004be71717362e6b1ad22072f9ee4113b95b5d78c496a90857977a9fb415
0.12708470022442964,1.0,1.0,1.0,0.7108108108108109,1.0,0.625,1,BlackBasta-df5b004be71717362e6b1ad22072f9ee4113b95b5d78c496a90857977a9fb415
0.12708470022442964,1.0,1.0,1.0,0.7123655913978495,1.0,0.625,1,BlackBasta-df5b004be71717362e6b1ad22072f9ee4113b95b5d78c496a90857977a9fb415
0.12708470022442964,1.0,1.0,1.0,0.713903743315508,1.0,0.625,1,BlackBasta-df5b004be71717362e6b1ad22072f9ee4113b95b5d78c496a90857977a9fb415
0.12708470022442964,1.0,1.0,1.0,0.7154255319148937,1.0,0.625,1,BlackBasta-df5b004be71717362e6b1ad22072f9ee4113b95b5d78c496a90857977a9fb415
0.12708470022442964,1.0,1.0,1.0,0.716931216931217,1.0,0.625,1,BlackBasta-df5b004be71717362e6b1ad22072f9ee4113b95b5d78c496a90857977a9fb415
0.12708470022442964,1.0,1.0,1.0,0.718421052631579,1.0,0.625,1,BlackBasta-df5b004be71717362e6b1ad22072f9ee4113b95b5d78c496a90857977a9fb415
0.12708470022442964,1.0,1.0,1.0,0.7198952879581152,1.0,0.625,1,BlackBasta-df5b004be71717362e6b1ad22072f9ee4113b95b5d78c496a90857977a9fb415
0.9613544154925027,1.0,1.0,1.0,0.7213541666666667,1.0,0.625,1,BlackBasta-df5b004be71717362e6b1ad22072f9ee4113b95b5d78c496a90857977a9fb415
0.9612215127632485,1.0,1.0,1.0,0.7227979274611399,1.0,0.625,1,BlackBasta-df5b004be71717362e6b1ad22072f9ee4113b95b5d78c496a90857977a9fb415
0.9621693810097967,1.0,1.0,1.0,0.7242268041237113,1.0,0.625,1,BlackBasta-df5b004be71717362e6b1ad22072f9ee4113b95b5d78c496a90857977a9fb415
0.1261660874599347,1.0,1.0,1.0,0.7256410256410256,1.0,0.625,1,BlackBasta-df5b004be71717362e6b1ad22072f9ee4113b95b5d78c496a90857977a9fb415
0.11789174607420132,1.0,1.0,1.0,0.7270408163265306,1.0,0.625,1,BlackBasta-df5b004be71717362e6b1ad22072f9ee4113b95b5d78c496a90857977a9fb415
0.9603367763300146,1.0,1.0,1.0,0.7258883248730965,1.0,0.625,1,BlackBasta-df5b004be71717362e6b1ad22072f9ee4113b95b5d78c496a90857977a9fb415
0.9600048063410145,1.0,1.0,1.0,0.7247474747474747,1.0,0.625,1,BlackBasta-df5b004be71717362e6b1ad22072f9ee4113b95b5d78c496a90857977a9fb415
0.960997931796223,1.0,1.0,1.0,0.7236180904522613,1.0,0.625,1,BlackBasta-df5b004be71717362e6b1ad22072f9ee4113b95b5d78c496a90857977a9fb415
0.9600545087499714,1.0,1.0,1.0,0.7224999999999999,1.0,0.625,1,BlackBasta-df5b004be71717362e6b1ad22072f9ee4113b95b5d78c496a90857977a9fb415
0.9639822834901377,1.0,1.0,1.0,0.7213930348258706,1.0,0.625,1,BlackBasta-df5b004be71717362e6b1ad22072f9ee4113b95b5d78c496a90857977a9fb415
0.9638991272121853,1.0,1.0,1.0,0.7202970297029703,1.0,0.625,1,BlackBasta-df5b004be71717362e6b1ad22072f9ee4113b95b5d78c496a90857977a9fb415
0.9639315484237314,1.0,1.0,1.0,0.7192118226600985,1.0,0.625,1,BlackBasta-df5b004be71717362e6b1ad22072f9ee4113b95b5d78c496a90857977a9fb415
0.9640787745865643,1.0,1.0,1.0,0.7181372549019608,1.0,0.625,1,BlackBasta-df5b004be71717362e6b1ad22072f9ee4113b95b5d78c496a90857977a9fb415
0.9640705118721506,1.0,1.0,1.0,0.7170731707317073,1.0,0.625,1,BlackBasta-df5b004be71717362e6b1ad22072f9ee4113b95b5d78c496a90857977a9fb415
0.963627675928086,1.0,1.0,1.0,0.7160194174757282,1.0,0.625,1,BlackBasta-df5b004be71717362e6b1ad22072f9ee4113b95b5d78c496a90857977a9fb415
0.12748351609440636,1.0,1.0,1.0,0.7173913043478262,1.0,0.625,1,BlackBasta-df5b004be71717362e6b1ad22072f9ee4113b95b5d78c496a90857977a9fb415
0.1261660874599347,1.0,1.0,1.0,0.71875,1.0,0.625,1,BlackBasta-df5b004be71717362e6b1ad22072f9ee4113b95b5d78c496a90857977a9fb415
0.11789174607420132,1.0,1.0,1.0,0.7200956937799043,1.0,0.625,1,BlackBasta-df5b004be71717362e6b1ad22072f9ee4113b95b5d78c496a90857977a9fb415
0.11789174607420132,1.0,1.0,1.0,0.7214285714285714,1.0,0.625,1,BlackBasta-df5b004be71717362e6b1ad22072f9ee4113b95b5d78c496a90857977a9fb415
0.1261660874599347,1.0,1.0,1.0,0.7227488151658767,1.0,0.625,1,BlackBasta-df5b004be71717362e6b1ad22072f9ee4113b95b5d78c496a90857977a9fb415
0.11789174607420132,1.0,1.0,1.0,0.7240566037735849,1.0,0.625,1,BlackBasta-df5b004be71717362e6b1ad22072f9ee4113b95b5d78c496a90857977a9fb415
0.11789174607420132,1.0,1.0,1.0,0.7253521126760563,1.0,0.625,1,BlackBasta-df5b004be71717362e6b1ad22072f9ee4113b95b5d78c496a90857977a9fb415
0.9583352316111692,1.0,1.0,1.0,0.7242990654205608,1.0,0.625,1,BlackBasta-df5b004be71717362e6b1ad22072f9ee4113b95b5d78c496a90857977a9fb415
0.9638386215511099,1.0,1.0,1.0,0.7232558139534884,1.0,0.625,1,BlackBasta-df5b004be71717362e6b1ad22072f9ee4113b95b5d78c496a90857977a9fb415
0.9637821179955588,1.0,1.0,1.0,0.7222222222222222,1.0,0.625,1,BlackBasta-df5b004be71717362e6b1ad22072f9ee4113b95b5d78c496a90857977a9fb415
0.9633484956973193,1.0,1.0,1.0,0.7211981566820276,1.0,0.625,1,BlackBasta-df5b004be71717362e6b1ad22072f9ee4113b95b5d78c496a90857977a9fb415
0.1261660874599347,1.0,1.0,1.0,0.7224770642201834,1.0,0.625,1,BlackBasta-df5b004be71717362e6b1ad22072f9ee4113b95b5d78c496a90857977a9fb415
0.9551667211244503,1.0,1.0,1.0,0.7214611872146119,1.0,0.625,1,BlackBasta-df5b004be71717362e6b1ad22072f9ee4113b95b5d78c496a90857977a9fb415
0.11789174607420132,1.0,1.0,1.0,0.7227272727272727,1.0,0.625,1,BlackBasta-df5b004be71717362e6b1ad22072f9ee4113b95b5d78c496a90857977a9fb415
0.11789174607420132,1.0,1.0,1.0,0.7239819004524887,1.0,0.625,1,BlackBasta-df5b004be71717362e6b1ad22072f9ee4113b95b5d78c496a90857977a9fb415
0.9580067219061874,1.0,1.0,1.0,0.722972972972973,1.0,0.625,1,BlackBasta-df5b004be71717362e6b1ad22072f9ee4113b95b5d78c496a90857977a9fb415
0.1261660874599347,1.0,1.0,1.0,0.7242152466367713,1.0,0.625,1,BlackBasta-df5b004be71717362e6b1ad22072f9ee4113b95b5d78c496a90857977a9fb415
0.11789174607420132,1.0,1.0,1.0,0.7254464285714286,1.0,0.625,1,BlackBasta-df5b004be71717362e6b1ad22072f9ee4113b95b5d78c496a90857977a9fb415
0.11789174607420132,1.0,1.0,1.0,0.7266666666666667,1.0,0.625,1,BlackBasta-df5b004be71717362e6b1ad22072f9ee4113b95b5d78c496a90857977a9fb415
0.11789174607420132,1.0,1.0,1.0,0.7278761061946903,1.0,0.625,1,BlackBasta-df5b004be71717362e6b1ad22072f9ee4113b95b5d78c496a90857977a9fb415
0.11789174607420132,1.0,1.0,1.0,0.7290748898678414,1.0,0.625,1,BlackBasta-df5b004be71717362e6b1ad22072f9ee4113b95b5d78c496a90857977a9fb415
0.9542892382778696,1.0,1.0,1.0,0.7280701754385965,1.0,0.625,1,BlackBasta-df5b004be71717362e6b1ad22072f9ee4113b95b5d78c496a90857977a9fb415
0.12166030539661564,1.0,1.0,1.0,0.7292576419213974,1.0,0.625,1,BlackBasta-df5b004be71717362e6b1ad22072f9ee4113b95b5d78c496a90857977a9fb415
0.9609838368035016,1.0,1.0,1.0,0.7304347826086957,1.0,0.625,1,BlackBasta-df5b004be71717362e6b1ad22072f9ee4113b95b5d78c496a90857977a9fb415
0.11789174607420132,1.0,1.0,1.0,0.7316017316017316,1.0,0.625,1,BlackBasta-df5b004be71717362e6b1ad22072f9ee4113b95b5d78c496a90857977a9fb415
0.11789174607420132,1.0,1.0,1.0,0.7327586206896552,1.0,0.625,1,BlackBasta-df5b004be71717362e6b1ad22072f9ee4113b95b5d78c496a90857977a9fb415
0.11789174607420132,1.0,1.0,1.0,0.7339055793991416,1.0,0.625,1,BlackBasta-df5b004be71717362e6b1ad22072f9ee4113b95b5d78c496a90857977a9fb415
0.13373670235203394,1.0,1.0,1.0,0.7350427350427351,1.0,0.625,1,BlackBasta-df5b004be71717362e6b1ad22072f9ee4113b95b5d78c496a90857977a9fb415
0.11789174607420132,1.0,1.0,1.0,0.7361702127659575,1.0,0.625,1,BlackBasta-df5b004be71717362e6b1ad22072f9ee4113b95b5d78c496a90857977a9fb415
0.11139162410701621,1.0,1.0,1.0,0.7351694915254237,1.0,0.625,1,BlackBasta-df5b004be71717362e6b1ad22072f9ee4113b95b5d78c496a90857977a9fb415
0.11789174607420132,1.0,1.0,1.0,0.7362869198312236,1.0,0.625,1,BlackBasta-df5b004be71717362e6b1ad22072f9ee4113b95b5d78c496a90857977a9fb415
0.11789174607420132,1.0,1.0,1.0,0.7373949579831933,1.0,0.625,1,BlackBasta-df5b004be71717362e6b1ad22072f9ee4113b95b5d78c496a90857977a9fb415
0.11789174607420132,1.0,1.0,1.0,0.7384937238493724,1.0,0.625,1,BlackBasta-df5b004be71717362e6b1ad22072f9ee4113b95b5d78c496a90857977a9fb415
0.11789174607420132,1.0,1.0,1.0,0.7395833333333333,1.0,0.625,1,BlackBasta-df5b004be71717362e6b1ad22072f9ee4113b95b5d78c496a90857977a9fb415
0.11789174607420132,1.0,1.0,1.0,0.7406639004149378,1.0,0.625,1,BlackBasta-df5b004be71717362e6b1ad22072f9ee4113b95b5d78c496a90857977a9fb415
0.11789174607420132,1.0,1.0,1.0,0.7417355371900827,1.0,0.625,1,BlackBasta-df5b004be71717362e6b1ad22072f9ee4113b95b5d78c496a90857977a9fb415
0.1261660874599347,1.0,1.0,1.0,0.742798353909465,1.0,0.625,1,BlackBasta-df5b004be71717362e6b1ad22072f9ee4113b95b5d78c496a90857977a9fb415
0.11789174607420132,1.0,1.0,1.0,0.7438524590163935,1.0,0.625,1,BlackBasta-df5b004be71717362e6b1ad22072f9ee4113b95b5d78c496a90857977a9fb415
0.9621245796190541,1.0,1.0,1.0,0.7428571428571429,1.0,0.625,1,BlackBasta-df5b004be71717362e6b1ad22072f9ee4113b95b5d78c496a90857977a9fb415
0.1261660874599347,1.0,1.0,1.0,0.7439024390243902,1.0,0.625,1,BlackBasta-df5b004be71717362e6b1ad22072f9ee4113b95b5d78c496a90857977a9fb415
0.11916433407288944,1.0,1.0,1.0,0.7449392712550607,1.0,0.625,1,BlackBasta-df5b004be71717362e6b1ad22072f9ee4113b95b5d78c496a90857977a9fb415
0.12267611811853227,1.0,1.0,1.0,0.7459677419354839,1.0,0.625,1,BlackBasta-df5b004be71717362e6b1ad22072f9ee4113b95b5d78c496a90857977a9fb415
0.13373670235203394,1.0,1.0,1.0,0.7469879518072289,1.0,0.625,1,BlackBasta-df5b004be71717362e6b1ad22072f9ee4113b95b5d78c496a90857977a9fb415
0.11789174607420132,1.0,1.0,1.0,0.748,1.0,0.625,1,BlackBasta-df5b004be71717362e6b1ad22072f9ee4113b95b5d78c496a90857977a9fb415
0.11789174607420132,1.0,1.0,1.0,0.749003984063745,1.0,0.625,1,BlackBasta-df5b004be71717362e6b1ad22072f9ee4113b95b5d78c496a90857977a9fb415
0.9569781725476549,1.0,1.0,1.0,0.748015873015873,1.0,0.625,1,BlackBasta-df5b004be71717362e6b1ad22072f9ee4113b95b5d78c496a90857977a9fb415
0.1261660874599347,1.0,1.0,1.0,0.7490118577075099,1.0,0.625,1,BlackBasta-df5b004be71717362e6b1ad22072f9ee4113b95b5d78c496a90857977a9fb415
0.11789174607420132,1.0,1.0,1.0,0.75,1.0,0.625,1,BlackBasta-df5b004be71717362e6b1ad22072f9ee4113b95b5d78c496a90857977a9fb415
0.11789174607420132,1.0,1.0,1.0,0.7509803921568627,1.0,0.625,1,BlackBasta-df5b004be71717362e6b1ad22072f9ee4113b95b5d78c496a90857977a9fb415
0.11789174607420132,1.0,1.0,1.0,0.751953125,1.0,0.625,1,BlackBasta-df5b004be71717362e6b1ad22072f9ee4113b95b5d78c496a90857977a9fb415
0.11789174607420132,1.0,1.0,1.0,0.7529182879377432,1.0,0.625,1,BlackBasta-df5b004be71717362e6b1ad22072f9ee4113b95b5d78c496a90857977a9fb415
0.11789174607420132,1.0,1.0,1.0,0.7538759689922481,1.0,0.625,1,BlackBasta-df5b004be71717362e6b1ad22072f9ee4113b95b5d78c496a90857977a9fb415
0.9492807972521211,1.0,1.0,1.0,0.752895752895753,1.0,0.625,1,BlackBasta-df5b004be71717362e6b1ad22072f9ee4113b95b5d78c496a90857977a9fb415
0.9621245796190541,1.0,1.0,1.0,0.7538461538461538,1.0,0.625,1,BlackBasta-df5b004be71717362e6b1ad22072f9ee4113b95b5d78c496a90857977a9fb415
0.9621245796190541,1.0,1.0,1.0,0.7547892720306514,1.0,0.625,1,BlackBasta-df5b004be71717362e6b1ad22072f9ee4113b95b5d78c496a90857977a9fb415
0.1261660874599347,1.0,1.0,1.0,0.7557251908396947,1.0,0.625,1,BlackBasta-df5b004be71717362e6b1ad22072f9ee4113b95b5d78c496a90857977a9fb415
0.11789174607420132,1.0,1.0,1.0,0.7566539923954373,1.0,0.625,1,BlackBasta-df5b004be71717362e6b1ad22072f9ee4113b95b5d78c496a90857977a9fb415
0.11139162410701621,1.0,1.0,1.0,0.7575757575757576,1.0,0.625,1,BlackBasta-df5b004be71717362e6b1ad22072f9ee4113b95b5d78c496a90857977a9fb415
0.9548751195892262,1.0,1.0,1.0,0.7566037735849056,1.0,0.625,1,BlackBasta-df5b004be71717362e6b1ad22072f9ee4113b95b5d78c496a90857977a9fb415
0.954567103139396,1.0,1.0,1.0,0.7556390977443609,1.0,0.625,1,BlackBasta-df5b004be71717362e6b1ad22072f9ee4113b95b5d78c496a90857977a9fb415
0.9586681487341611,1.0,1.0,1.0,0.7546816479400749,1.0,0.625,1,BlackBasta-df5b004be71717362e6b1ad22072f9ee4113b95b5d78c496a90857977a9fb415
0.9609664579636862,1.0,1.0,1.0,0.7537313432835822,1.0,0.625,1,BlackBasta-df5b004be71717362e6b1ad22072f9ee4113b95b5d78c496a90857977a9fb415
0.9621915435738695,1.0,1.0,1.0,0.7527881040892194,1.0,0.625,1,BlackBasta-df5b004be71717362e6b1ad22072f9ee4113b95b5d78c496a90857977a9fb415
0.9621915435738695,1.0,1.0,1.0,0.7537037037037038,1.0,0.625,1,BlackBasta-df5b004be71717362e6b1ad22072f9ee4113b95b5d78c496a90857977a9fb415
0.9613831246303529,1.0,1.0,1.0,0.7527675276752768,1.0,0.625,1,BlackBasta-df5b004be71717362e6b1ad22072f9ee4113b95b5d78c496a90857977a9fb415
0.9625436562499258,1.0,1.0,1.0,0.7518382352941176,1.0,0.625,1,BlackBasta-df5b004be71717362e6b1ad22072f9ee4113b95b5d78c496a90857977a9fb415
0.9625436562499258,1.0,1.0,1.0,0.7527472527472527,1.0,0.625,1,BlackBasta-df5b004be71717362e6b1ad22072f9ee4113b95b5d78c496a90857977a9fb415
0.9574733207859035,1.0,1.0,1.0,0.7518248175182481,1.0,0.625,1,BlackBasta-df5b004be71717362e6b1ad22072f9ee4113b95b5d78c496a90857977a9fb415
0.9579252560490309,1.0,1.0,1.0,0.750909090909091,1.0,0.625,1,BlackBasta-df5b004be71717362e6b1ad22072f9ee4113b95b5d78c496a90857977a9fb415
0.9576136785946152,1.0,1.0,1.0,0.75,1.0,0.625,1,BlackBasta-df5b004be71717362e6b1ad22072f9ee4113b95b5d78c496a90857977a9fb415
0.12152170025982928,1.0,1.0,1.0,0.7509025270758123,1.0,0.625,1,BlackBasta-df5b004be71717362e6b1ad22072f9ee4113b95b5d78c496a90857977a9fb415
0.12152170025982928,1.0,1.0,1.0,0.7517985611510791,1.0,0.625,1,BlackBasta-df5b004be71717362e6b1ad22072f9ee4113b95b5d78c496a90857977a9fb415
0.11789174607420132,1.0,1.0,1.0,0.7526881720430108,1.0,0.625,1,BlackBasta-df5b004be71717362e6b1ad22072f9ee4113b95b5d78c496a90857977a9fb415
0.9585498816013287,1.0,1.0,1.0,0.7517857142857143,1.0,0.625,1,BlackBasta-df5b004be71717362e6b1ad22072f9ee4113b95b5d78c496a90857977a9fb415
0.9618054656417254,1.0,1.0,1.0,0.7508896797153025,1.0,0.625,1,BlackBasta-df5b004be71717362e6b1ad22072f9ee4113b95b5d78c496a90857977a9fb415
0.9623367161522802,1.0,1.0,1.0,0.75,1.0,0.625,1,BlackBasta-df5b004be71717362e6b1ad22072f9ee4113b95b5d78c496a90857977a9fb415
0.9583217143548048,1.0,1.0,1.0,0.7491166077738516,1.0,0.625,1,BlackBasta-df5b004be71717362e6b1ad22072f9ee4113b95b5d78c496a90857977a9fb415
0.9584727456385622,1.0,1.0,1.0,0.7482394366197183,1.0,0.625,1,BlackBasta-df5b004be71717362e6b1ad22072f9ee4113b95b5d78c496a90857977a9fb415
0.9625829201426539,1.0,1.0,1.0,0.7473684210526316,1.0,0.625,1,BlackBasta-df5b004be71717362e6b1ad22072f9ee4113b95b5d78c496a90857977a9fb415
0.9623746698465728,1.0,1.0,1.0,0.7465034965034965,1.0,0.625,1,BlackBasta-df5b004be71717362e6b1ad22072f9ee4113b95b5d78c496a90857977a9fb415
0.9626430418962991,1.0,1.0,1.0,0.7456445993031359,1.0,0.625,1,BlackBasta-df5b004be71717362e6b1ad22072f9ee4113b95b5d78c496a90857977a9fb415
0.9624091199842993,1.0,1.0,1.0,0.7447916666666667,1.0,0.625,1,BlackBasta-df5b004be71717362e6b1ad22072f9ee4113b95b5d78c496a90857977a9fb415
0.9624220070040242,1.0,1.0,1.0,0.7439446366782008,1.0,0.625,1,BlackBasta-df5b004be71717362e6b1ad22072f9ee4113b95b5d78c496a90857977a9fb415
0.11916433407288944,1.0,1.0,1.0,0.7448275862068965,1.0,0.625,1,BlackBasta-df5b004be71717362e6b1ad22072f9ee4113b95b5d78c496a90857977a9fb415
0.12267611811853227,1.0,1.0,1.0,0.7457044673539519,1.0,0.625,1,BlackBasta-df5b004be71717362e6b1ad22072f9ee4113b95b5d78c496a90857977a9fb415
0.954567103139396,1.0,1.0,1.0,0.7465753424657534,1.0,0.625,1,BlackBasta-df5b004be71717362e6b1ad22072f9ee4113b95b5d78c496a90857977a9fb415
0.954567103139396,1.0,1.0,1.0,0.7474402730375427,1.0,0.625,1,BlackBasta-df5b004be71717362e6b1ad22072f9ee4113b95b5d78c496a90857977a9fb415
0.954567103139396,1.0,1.0,1.0,0.7482993197278911,1.0,0.625,1,BlackBasta-df5b004be71717362e6b1ad22072f9ee4113b95b5d78c496a90857977a9fb415
0.954567103139396,1.0,1.0,1.0,0.7491525423728813,1.0,0.625,1,BlackBasta-df5b004be71717362e6b1ad22072f9ee4113b95b5d78c496a90857977a9fb415
0.954567103139396,1.0,1.0,1.0,0.75,1.0,0.625,1,BlackBasta-df5b004be71717362e6b1ad22072f9ee4113b95b5d78c496a90857977a9fb415
0.954567103139396,1.0,1.0,1.0,0.7508417508417509,1.0,0.625,1,BlackBasta-df5b004be71717362e6b1ad22072f9ee4113b95b5d78c496a90857977a9fb415
0.954567103139396,1.0,1.0,1.0,0.7516778523489933,1.0,0.625,1,BlackBasta-df5b004be71717362e6b1ad22072f9ee4113b95b5d78c496a90857977a9fb415
0.954567103139396,1.0,1.0,1.0,0.7525083612040133,1.0,0.625,1,BlackBasta-df5b004be71717362e6b1ad22072f9ee4113b95b5d78c496a90857977a9fb415
0.954567103139396,1.0,1.0,1.0,0.7533333333333333,1.0,0.625,1,BlackBasta-df5b004be71717362e6b1ad22072f9ee4113b95b5d78c496a90857977a9fb415
0.11789174607420132,1.0,1.0,1.0,0.7541528239202657,1.0,0.625,1,BlackBasta-df5b004be71717362e6b1ad22072f9ee4113b95b5d78c496a90857977a9fb415
0.11789174607420132,1.0,1.0,1.0,0.7549668874172185,1.0,0.625,1,BlackBasta-df5b004be71717362e6b1ad22072f9ee4113b95b5d78c496a90857977a9fb415
0.11789174607420132,1.0,1.0,1.0,0.7557755775577557,1.0,0.625,1,BlackBasta-df5b004be71717362e6b1ad22072f9ee4113b95b5d78c496a90857977a9fb415
0.11789174607420132,1.0,1.0,1.0,0.756578947368421,1.0,0.625,1,BlackBasta-df5b004be71717362e6b1ad22072f9ee4113b95b5d78c496a90857977a9fb415
0.11789174607420132,1.0,1.0,1.0,0.7573770491803279,1.0,0.625,1,BlackBasta-df5b004be71717362e6b1ad22072f9ee4113b95b5d78c496a90857977a9fb415
0.11789174607420132,1.0,1.0,1.0,0.7581699346405228,1.0,0.625,1,BlackBasta-df5b004be71717362e6b1ad22072f9ee4113b95b5d78c496a90857977a9fb415
0.95552903996503,1.0,1.0,1.0,0.757328990228013,1.0,0.625,1,BlackBasta-df5b004be71717362e6b1ad22072f9ee4113b95b5d78c496a90857977a9fb415
0.9631649682497483,1.0,1.0,1.0,0.7564935064935066,1.0,0.625,1,BlackBasta-df5b004be71717362e6b1ad22072f9ee4113b95b5d78c496a90857977a9fb415
0.9631649682497483,1.0,1.0,1.0,0.7556634304207119,1.0,0.625,1,BlackBasta-df5b004be71717362e6b1ad22072f9ee4113b95b5d78c496a90857977a9fb415
0.9589227032254087,1.0,1.0,1.0,0.7548387096774194,1.0,0.625,1,BlackBasta-df5b004be71717362e6b1ad22072f9ee4113b95b5d78c496a90857977a9fb415
0.9594019215044515,1.0,1.0,1.0,0.7540192926045016,1.0,0.625,1,BlackBasta-df5b004be71717362e6b1ad22072f9ee4113b95b5d78c496a90857977a9fb415
0.9608694000871921,1.0,1.0,1.0,0.7532051282051282,1.0,0.625,1,BlackBasta-df5b004be71717362e6b1ad22072f9ee4113b95b5d78c496a90857977a9fb415
0.9608694000871921,1.0,1.0,1.0,0.7539936102236422,1.0,0.625,1,BlackBasta-df5b004be71717362e6b1ad22072f9ee4113b95b5d78c496a90857977a9fb415
0.9603925230674022,1.0,1.0,1.0,0.7531847133757962,1.0,0.625,1,BlackBasta-df5b004be71717362e6b1ad22072f9ee4113b95b5d78c496a90857977a9fb415
0.961706528168559,1.0,1.0,1.0,0.7523809523809524,1.0,0.625,1,BlackBasta-df5b004be71717362e6b1ad22072f9ee4113b95b5d78c496a90857977a9fb415
0.961706528168559,1.0,1.0,1.0,0.7531645569620253,1.0,0.625,1,BlackBasta-df5b004be71717362e6b1ad22072f9ee4113b95b5d78c496a90857977a9fb415
0.9608897399900191,1.0,1.0,1.0,0.7523659305993691,1.0,0.625,1,BlackBasta-df5b004be71717362e6b1ad22072f9ee4113b95b5d78c496a90857977a9fb415
0.9610475587121171,1.0,1.0,1.0,0.7515723270440251,1.0,0.625,1,BlackBasta-df5b004be71717362e6b1ad22072f9ee4113b95b5d78c496a90857977a9fb415
0.9622025304782822,1.0,1.0,1.0,0.7507836990595611,1.0,0.625,1,BlackBasta-df5b004be71717362e6b1ad22072f9ee4113b95b5d78c496a90857977a9fb415
0.962675174723863,1.0,1.0,1.0,0.75,1.0,0.625,1,BlackBasta-df5b004be71717362e6b1ad22072f9ee4113b95b5d78c496a90857977a9fb415
0.9628400650125405,1.0,1.0,1.0,0.7492211838006231,1.0,0.625,1,BlackBasta-df5b004be71717362e6b1ad22072f9ee4113b95b5d78c496a90857977a9fb415
0.9623208058367905,1.0,1.0,1.0,0.7484472049689441,1.0,0.625,1,BlackBasta-df5b004be71717362e6b1ad22072f9ee4113b95b5d78c496a90857977a9fb415
0.9598625683362053,1.0,1.0,1.0,0.7476780185758514,1.0,0.625,1,BlackBasta-df5b004be71717362e6b1ad22072f9ee4113b95b5d78c496a90857977a9fb415
0.9587763414150879,1.0,1.0,1.0,0.7469135802469136,1.0,0.625,1,BlackBasta-df5b004be71717362e6b1ad22072f9ee4113b95b5d78c496a90857977a9fb415
0.9591305931725591,1.0,1.0,1.0,0.7461538461538462,1.0,0.625,1,BlackBasta-df5b004be71717362e6b1ad22072f9ee4113b95b5d78c496a90857977a9fb415
0.9598222419389364,1.0,1.0,1.0,0.745398773006135,1.0,0.625,1,BlackBasta-df5b004be71717362e6b1ad22072f9ee4113b95b5d78c496a90857977a9fb415
0.9574733207859035,1.0,1.0,1.0,0.746177370030581,1.0,0.625,1,BlackBasta-df5b004be71717362e6b1ad22072f9ee4113b95b5d78c496a90857977a9fb415
0.9579252560490309,1.0,1.0,1.0,0.7469512195121951,1.0,0.625,1,BlackBasta-df5b004be71717362e6b1ad22072f9ee4113b95b5d78c496a90857977a9fb415
0.9576136785946152,1.0,1.0,1.0,0.7477203647416413,1.0,0.625,1,BlackBasta-df5b004be71717362e6b1ad22072f9ee4113b95b5d78c496a90857977a9fb415
0.9618054656417254,1.0,1.0,1.0,0.7484848484848485,1.0,0.625,1,BlackBasta-df5b004be71717362e6b1ad22072f9ee4113b95b5d78c496a90857977a9fb415
0.9576136785946152,1.0,1.0,1.0,0.7492447129909365,1.0,0.625,1,BlackBasta-df5b004be71717362e6b1ad22072f9ee4113b95b5d78c496a90857977a9fb415
0.9587763414150879,1.0,1.0,1.0,0.75,1.0,0.625,1,BlackBasta-df5b004be71717362e6b1ad22072f9ee4113b95b5d78c496a90857977a9fb415
0.9591305931725591,1.0,1.0,1.0,0.7507507507507507,1.0,0.625,1,BlackBasta-df5b004be71717362e6b1ad22072f9ee4113b95b5d78c496a90857977a9fb415
0.11789174607420132,1.0,1.0,1.0,0.7514970059880239,1.0,0.625,1,BlackBasta-df5b004be71717362e6b1ad22072f9ee4113b95b5d78c496a90857977a9fb415
0.11789174607420132,1.0,1.0,1.0,0.7522388059701492,1.0,0.625,1,BlackBasta-df5b004be71717362e6b1ad22072f9ee4113b95b5d78c496a90857977a9fb415
0.1261660874599347,1.0,1.0,1.0,0.7529761904761905,1.0,0.625,1,BlackBasta-df5b004be71717362e6b1ad22072f9ee4113b95b5d78c496a90857977a9fb415
0.11789174607420132,1.0,1.0,1.0,0.7537091988130564,1.0,0.625,1,BlackBasta-df5b004be71717362e6b1ad22072f9ee4113b95b5d78c496a90857977a9fb415
0.9577429268854593,1.0,1.0,1.0,0.7529585798816568,1.0,0.625,1,BlackBasta-df5b004be71717362e6b1ad22072f9ee4113b95b5d78c496a90857977a9fb415
0.1261660874599347,1.0,1.0,1.0,0.7536873156342183,1.0,0.625,1,BlackBasta-df5b004be71717362e6b1ad22072f9ee4113b95b5d78c496a90857977a9fb415
0.11789174607420132,1.0,1.0,1.0,0.7544117647058823,1.0,0.625,1,BlackBasta-df5b004be71717362e6b1ad22072f9ee4113b95b5d78c496a90857977a9fb415
0.9607070595266369,1.0,1.0,1.0,0.7536656891495601,1.0,0.625,1,BlackBasta-df5b004be71717362e6b1ad22072f9ee4113b95b5d78c496a90857977a9fb415
0.9619723336270672,1.0,1.0,1.0,0.7529239766081871,1.0,0.625,1,BlackBasta-df5b004be71717362e6b1ad22072f9ee4113b95b5d78c496a90857977a9fb415
0.11789174607420132,1.0,1.0,1.0,0.7536443148688047,1.0,0.625,1,BlackBasta-df5b004be71717362e6b1ad22072f9ee4113b95b5d78c496a90857977a9fb415
0.11789174607420132,1.0,1.0,1.0,0.7543604651162791,1.0,0.625,1,BlackBasta-df5b004be71717362e6b1ad22072f9ee4113b95b5d78c496a90857977a9fb415
0.11789174607420132,1.0,1.0,1.0,0.7550724637681159,1.0,0.625,1,BlackBasta-df5b004be71717362e6b1ad22072f9ee4113b95b5d78c496a90857977a9fb415
0.9619723336270672,1.0,1.0,1.0,0.7557803468208093,1.0,0.625,1,BlackBasta-df5b004be71717362e6b1ad22072f9ee4113b95b5d78c496a90857977a9fb415
0.11789174607420132,1.0,1.0,1.0,0.7564841498559078,1.0,0.625,1,BlackBasta-df5b004be71717362e6b1ad22072f9ee4113b95b5d78c496a90857977a9fb415
0.11789174607420132,1.0,1.0,1.0,0.757183908045977,1.0,0.625,1,BlackBasta-df5b004be71717362e6b1ad22072f9ee4113b95b5d78c496a90857977a9fb415
0.11789174607420132,1.0,1.0,1.0,0.7578796561604585,1.0,0.625,1,BlackBasta-df5b004be71717362e6b1ad22072f9ee4113b95b5d78c496a90857977a9fb415
0.9586280529791832,1.0,1.0,1.0,0.7571428571428571,1.0,0.625,1,BlackBasta-df5b004be71717362e6b1ad22072f9ee4113b95b5d78c496a90857977a9fb415
0.9601632927102427,1.0,1.0,1.0,0.7564102564102564,1.0,0.625,1,BlackBasta-df5b004be71717362e6b1ad22072f9ee4113b95b5d78c496a90857977a9fb415
0.9598403716420013,1.0,1.0,1.0,0.7556818181818181,1.0,0.625,1,BlackBasta-df5b004be71717362e6b1ad22072f9ee4113b95b5d78c496a90857977a9fb415
0.9589858326401126,1.0,1.0,1.0,0.754957507082153,1.0,0.625,1,BlackBasta-df5b004be71717362e6b1ad22072f9ee4113b95b5d78c496a90857977a9fb415
0.9605425407058901,1.0,1.0,1.0,0.7542372881355932,1.0,0.625,1,BlackBasta-df5b004be71717362e6b1ad22072f9ee4113b95b5d78c496a90857977a9fb415
0.9596871212187013,1.0,1.0,1.0,0.7535211267605634,1.0,0.625,1,BlackBasta-df5b004be71717362e6b1ad22072f9ee4113b95b5d78c496a90857977a9fb415
0.9602137361707813,1.0,1.0,1.0,0.752808988764045,1.0,0.625,1,BlackBasta-df5b004be71717362e6b1ad22072f9ee4113b95b5d78c496a90857977a9fb415
0.959941475965615,1.0,1.0,1.0,0.7521008403361344,1.0,0.625,1,BlackBasta-df5b004be71717362e6b1ad22072f9ee4113b95b5d78c496a90857977a9fb415
0.9606885288458672,1.0,1.0,1.0,0.7513966480446927,1.0,0.625,1,BlackBasta-df5b004be71717362e6b1ad22072f9ee4113b95b5d78c496a90857977a9fb415
0.9600039953195602,1.0,1.0,1.0,0.7506963788300836,1.0,0.625,1,BlackBasta-df5b004be71717362e6b1ad22072f9ee4113b95b5d78c496a90857977a9fb415
0.9616107609459073,1.0,1.0,1.0,0.75,1.0,0.625,1,BlackBasta-df5b004be71717362e6b1ad22072f9ee4113b95b5d78c496a90857977a9fb415
0.9592294279520893,1.0,1.0,1.0,0.7493074792243768,1.0,0.625,1,BlackBasta-df5b004be71717362e6b1ad22072f9ee4113b95b5d78c496a90857977a9fb415
0.9606082502085697,1.0,1.0,1.0,0.7486187845303867,1.0,0.625,1,BlackBasta-df5b004be71717362e6b1ad22072f9ee4113b95b5d78c496a90857977a9fb415
0.9605527424083277,1.0,1.0,1.0,0.7479338842975207,1.0,0.625,1,BlackBasta-df5b004be71717362e6b1ad22072f9ee4113b95b5d78c496a90857977a9fb415
0.9607445395173364,1.0,1.0,1.0,0.7472527472527473,1.0,0.625,1,BlackBasta-df5b004be71717362e6b1ad22072f9ee4113b95b5d78c496a90857977a9fb415
0.9533164941389348,1.0,1.0,1.0,0.7465753424657534,1.0,0.625,1,BlackBasta-df5b004be71717362e6b1ad22072f9ee4113b95b5d78c496a90857977a9fb415
0.9608353341755889,1.0,1.0,1.0,0.7459016393442623,1.0,0.625,1,BlackBasta-df5b004be71717362e6b1ad22072f9ee4113b95b5d78c496a90857977a9fb415
0.9613320194220273,1.0,1.0,1.0,0.7452316076294279,1.0,0.625,1,BlackBasta-df5b004be71717362e6b1ad22072f9ee4113b95b5d78c496a90857977a9fb415
0.9610013359436479,1.0,1.0,1.0,0.7445652173913043,1.0,0.625,1,BlackBasta-df5b004be71717362e6b1ad22072f9ee4113b95b5d78c496a90857977a9fb415
0.9609232994746648,1.0,1.0,1.0,0.7439024390243902,1.0,0.625,1,BlackBasta-df5b004be71717362e6b1ad22072f9ee4113b95b5d78c496a90857977a9fb415
0.9612046630509768,1.0,1.0,1.0,0.7432432432432432,1.0,0.625,1,BlackBasta-df5b004be71717362e6b1ad22072f9ee4113b95b5d78c496a90857977a9fb415
0.9606882904214281,1.0,1.0,1.0,0.7425876010781671,1.0,0.625,1,BlackBasta-df5b004be71717362e6b1ad22072f9ee4113b95b5d78c496a90857977a9fb415
0.9607071763003503,1.0,1.0,1.0,0.7419354838709677,1.0,0.625,1,BlackBasta-df5b004be71717362e6b1ad22072f9ee4113b95b5d78c496a90857977a9fb415
0.9615432059359889,1.0,1.0,1.0,0.7412868632707774,1.0,0.625,1,BlackBasta-df5b004be71717362e6b1ad22072f9ee4113b95b5d78c496a90857977a9fb415
0.9611056035576326,1.0,1.0,1.0,0.7406417112299466,1.0,0.625,1,BlackBasta-df5b004be71717362e6b1ad22072f9ee4113b95b5d78c496a90857977a9fb415
0.9613253134868137,1.0,1.0,1.0,0.74,1.0,0.625,1,BlackBasta-df5b004be71717362e6b1ad22072f9ee4113b95b5d78c496a90857977a9fb415
0.9612521654730382,1.0,1.0,1.0,0.7393617021276595,1.0,0.625,1,BlackBasta-df5b004be71717362e6b1ad22072f9ee4113b95b5d78c496a90857977a9fb415
0.9610759033166969,1.0,1.0,1.0,0.7387267904509284,1.0,0.625,1,BlackBasta-df5b004be71717362e6b1ad22072f9ee4113b95b5d78c496a90857977a9fb415
0.9609964474884404,1.0,1.0,1.0,0.7380952380952381,1.0,0.625,1,BlackBasta-df5b004be71717362e6b1ad22072f9ee4113b95b5d78c496a90857977a9fb415
0.96136734190038,1.0,1.0,1.0,0.737467018469657,1.0,0.625,1,BlackBasta-df5b004be71717362e6b1ad22072f9ee4113b95b5d78c496a90857977a9fb415
0.9616728476814003,1.0,1.0,1.0,0.736842105263158,1.0,0.625,1,BlackBasta-df5b004be71717362e6b1ad22072f9ee4113b95b5d78c496a90857977a9fb415
0.9613100143627582,1.0,1.0,1.0,0.7362204724409449,1.0,0.625,1,BlackBasta-df5b004be71717362e6b1ad22072f9ee4113b95b5d78c496a90857977a9fb415
0.9615994337797702,1.0,1.0,1.0,0.7356020942408377,1.0,0.625,1,BlackBasta-df5b004be71717362e6b1ad22072f9ee4113b95b5d78c496a90857977a9fb415
0.9603856177865219,1.0,1.0,1.0,0.7349869451697129,1.0,0.625,1,BlackBasta-df5b004be71717362e6b1ad22072f9ee4113b95b5d78c496a90857977a9fb415
0.9610625699015694,1.0,1.0,1.0,0.734375,1.0,0.625,1,BlackBasta-df5b004be71717362e6b1ad22072f9ee4113b95b5d78c496a90857977a9fb415
0.9614456980347961,1.0,1.0,1.0,0.7337662337662338,1.0,0.625,1,BlackBasta-df5b004be71717362e6b1ad22072f9ee4113b95b5d78c496a90857977a9fb415
0.9615310259922802,1.0,1.0,1.0,0.733160621761658,1.0,0.625,1,BlackBasta-df5b004be71717362e6b1ad22072f9ee4113b95b5d78c496a90857977a9fb415
0.9608453630294582,1.0,1.0,1.0,0.7325581395348837,1.0,0.625,1,BlackBasta-df5b004be71717362e6b1ad22072f9ee4113b95b5d78c496a90857977a9fb415
0.9608460968116678,1.0,1.0,1.0,0.731958762886598,1.0,0.625,1,BlackBasta-df5b004be71717362e6b1ad22072f9ee4113b95b5d78c496a90857977a9fb415
0.9609894218877938,1.0,1.0,1.0,0.731362467866324,1.0,0.625,1,BlackBasta-df5b004be71717362e6b1ad22072f9ee4113b95b5d78c496a90857977a9fb415
0.9608809513956655,1.0,1.0,1.0,0.7307692307692308,1.0,0.625,1,BlackBasta-df5b004be71717362e6b1ad22072f9ee4113b95b5d78c496a90857977a9fb415
0.9610977441510001,1.0,1.0,1.0,0.7301790281329923,1.0,0.625,1,BlackBasta-df5b004be71717362e6b1ad22072f9ee4113b95b5d78c496a90857977a9fb415
0.9610342730238631,1.0,1.0,1.0,0.7295918367346939,1.0,0.625,1,BlackBasta-df5b004be71717362e6b1ad22072f9ee4113b95b5d78c496a90857977a9fb415
0.9606738893045479,1.0,1.0,1.0,0.7290076335877862,1.0,0.625,1,BlackBasta-df5b004be71717362e6b1ad22072f9ee4113b95b5d78c496a90857977a9fb415
0.9615488121773619,1.0,1.0,1.0,0.7284263959390863,1.0,0.625,1,BlackBasta-df5b004be71717362e6b1ad22072f9ee4113b95b5d78c496a90857977a9fb415
0.9611740113451226,1.0,1.0,1.0,0.7278481012658228,1.0,0.625,1,BlackBasta-df5b004be71717362e6b1ad22072f9ee4113b95b5d78c496a90857977a9fb415
0.9592030426622883,1.0,1.0,1.0,0.7272727272727273,1.0,0.625,1,BlackBasta-df5b004be71717362e6b1ad22072f9ee4113b95b5d78c496a90857977a9fb415
0.9607013334600121,1.0,1.0,1.0,0.7267002518891688,1.0,0.625,1,BlackBasta-df5b004be71717362e6b1ad22072f9ee4113b95b5d78c496a90857977a9fb415
0.9612697017663093,1.0,1.0,1.0,0.7261306532663316,1.0,0.625,1,BlackBasta-df5b004be71717362e6b1ad22072f9ee4113b95b5d78c496a90857977a9fb415
0.960937716587589,1.0,1.0,1.0,0.7255639097744361,1.0,0.625,1,BlackBasta-df5b004be71717362e6b1ad22072f9ee4113b95b5d78c496a90857977a9fb415
0.960670918353123,1.0,1.0,1.0,0.725,1.0,0.625,1,BlackBasta-df5b004be71717362e6b1ad22072f9ee4113b95b5d78c496a90857977a9fb415
0.9574028173310807,0.5435275175560625,0.02,0.05,0.8,0.0,0.625,1,BlackBasta-e28188e516db1bda9015c30de59a2e91996b67c2e2b44989a6b0f562577fd757
0.13646075659328394,1.0,0.04,0.1,0.5,0.04960159612028318,0.625,1,BlackBasta-e28188e516db1bda9015c30de59a2e91996b67c2e2b44989a6b0f562577fd757
0.09294587706181785,1.0,0.06,0.15,0.5,0.098807962873877,0.625,1,BlackBasta-e28188e516db1bda9015c30de59a2e91996b67c2e2b44989a6b0f562577fd757
0.11789174607420132,0.7601822499435653,0.08,0.2,0.5,0.14762224947904282,0.625,1,BlackBasta-e28188e516db1bda9015c30de59a2e91996b67c2e2b44989a6b0f562577fd757
0.4553884431277716,0.621618624100043,0.1,0.25,0.5,0.19604758006082648,0.625,1,BlackBasta-e28188e516db1bda9015c30de59a2e91996b67c2e2b44989a6b0f562577fd757
0.11789174607420132,0.8959363004330962,0.1,0.25,0.5833333333333333,0.24408705385100307,0.625,1,BlackBasta-e28188e516db1bda9015c30de59a2e91996b67c2e2b44989a6b0f562577fd757
0.9627296910452963,0.809067332287577,0.12,0.3,0.5714285714285714,0.2917437453864285,0.625,1,BlackBasta-e28188e516db1bda9015c30de59a2e91996b67c2e2b44989a6b0f562577fd757
0.9627296910452963,0.7071185246949808,0.12,0.3,0.625,0.33902070470581025,0.625,1,BlackBasta-e28188e516db1bda9015c30de59a2e91996b67c2e2b44989a6b0f562577fd757
0.11789174607420132,0.8735060078193666,0.12,0.3,0.6666666666666667,0.38592095754491085,0.625,1,BlackBasta-e28188e516db1bda9015c30de59a2e91996b67c2e2b44989a6b0f562577fd757
0.13373670235203394,0.8020886431048678,0.14,0.35,0.65,0.4324475055301956,0.625,1,BlackBasta-e28188e516db1bda9015c30de59a2e91996b67c2e2b44989a6b0f562577fd757
0.6571264506410632,0.749042225729584,0.16,0.4,0.6363636363636364,0.47860332637093694,0.625,1,BlackBasta-e28188e516db1bda9015c30de59a2e91996b67c2e2b44989a6b0f562577fd757
0.9627296910452963,0.6870757823489292,0.16,0.4,0.6666666666666667,0.524391374049789,0.625,1,BlackBasta-e28188e516db1bda9015c30de59a2e91996b67c2e2b44989a6b0f562577fd757
0.1125860651838575,0.8149100718867782,0.18,0.45,0.6538461538461539,0.5698145790118427,0.625,1,BlackBasta-e28188e516db1bda9015c30de59a2e91996b67c2e2b44989a6b0f562577fd757
0.9534210547032753,0.784009278990948,0.2,0.5,0.6428571428571428,0.6148757310739256,0.625,1,BlackBasta-e28188e516db1bda9015c30de59a2e91996b67c2e2b44989a6b0f562577fd757
0.9626008292264994,0.7298744131865676,0.22,0.55,0.6333333333333333,0.6595779496581373,0.625,1,BlackBasta-e28188e516db1bda9015c30de59a2e91996b67c2e2b44989a6b0f562577fd757
0.9622487219758857,0.68354880268512,0.24,0.6,0.625,0.7039239774960311,0.625,1,BlackBasta-e28188e516db1bda9015c30de59a2e91996b67c2e2b44989a6b0f562577fd757
0.9530804918083877,0.6539071784322188,0.26,0.65,0.6176470588235294,0.7479166527431119,0.625,1,BlackBasta-e28188e516db1bda9015c30de59a2e91996b67c2e2b44989a6b0f562577fd757
0.9531772165083431,0.6256260273307426,0.28,0.7,0.6111111111111112,0.7915587909402417,0.625,1,BlackBasta-e28188e516db1bda9015c30de59a2e91996b67c2e2b44989a6b0f562577fd757
0.9537027200323758,0.6038728684799518,0.3,0.75,0.6052631578947368,0.8348531851938338,0.625,1,BlackBasta-e28188e516db1bda9015c30de59a2e91996b67c2e2b44989a6b0f562577fd757
0.9526178420044334,0.573531159342709,0.32,0.8,0.6,0.8778026063546134,0.625,1,BlackBasta-e28188e516db1bda9015c30de59a2e91996b67c2e2b44989a6b0f562577fd757
0.9532997727572613,0.5448181413328343,0.34,0.85,0.5952380952380952,0.9204098031949522,0.625,1,BlackBasta-e28188e516db1bda9015c30de59a2e91996b67c2e2b44989a6b0f562577fd757
0.9547021828758705,0.5274938785922886,0.36,0.9,0.5909090909090908,0.9626775025847902,0.625,1,BlackBasta-e28188e516db1bda9015c30de59a2e91996b67c2e2b44989a6b0f562577fd757
0.9528409720163564,0.5122284441165842,0.38,0.95,0.5869565217391304,1.0,0.625,1,BlackBasta-e28188e516db1bda9015c30de59a2e91996b67c2e2b44989a6b0f562577fd757
0.9531126792107424,0.5003163627273806,0.4,1.0,0.5833333333333333,1.0,0.625,1,BlackBasta-e28188e516db1bda9015c30de59a2e91996b67c2e2b44989a6b0f562577fd757
0.9521407465327665,0.5623760481522867,0.42,1.0,0.5800000000000001,1.0,0.625,1,BlackBasta-e28188e516db1bda9015c30de59a2e91996b67c2e2b44989a6b0f562577fd757
0.9533779649075129,0.6194399013195814,0.44,1.0,0.5769230769230769,1.0,0.625,1,BlackBasta-e28188e516db1bda9015c30de59a2e91996b67c2e2b44989a6b0f562577fd757
0.9612067654071905,0.6794786301534302,0.46,1.0,0.5740740740740741,1.0,0.625,1,BlackBasta-e28188e516db1bda9015c30de59a2e91996b67c2e2b44989a6b0f562577fd757
0.9538664196926998,0.7350380022990504,0.48,1.0,0.5714285714285714,1.0,0.625,1,BlackBasta-e28188e516db1bda9015c30de59a2e91996b67c2e2b44989a6b0f562577fd757
0.9621245796190541,0.7891910408983666,0.5,1.0,0.5689655172413793,1.0,0.625,1,BlackBasta-e28188e516db1bda9015c30de59a2e91996b67c2e2b44989a6b0f562577fd757
0.9481264380643526,0.830385081804279,0.52,1.0,0.5666666666666667,1.0,0.625,1,BlackBasta-e28188e516db1bda9015c30de59a2e91996b67c2e2b44989a6b0f562577fd757
0.9545445523319721,0.8687662870307504,0.54,1.0,0.564516129032258,1.0,0.625,1,BlackBasta-e28188e516db1bda9015c30de59a2e91996b67c2e2b44989a6b0f562577fd757
0.9586667273101084,0.9108531909849626,0.56,1.0,0.5625,1.0,0.625,1,BlackBasta-e28188e516db1bda9015c30de59a2e91996b67c2e2b44989a6b0f562577fd757
0.9621245796190541,0.9525402672465878,0.56,1.0,0.5757575757575757,1.0,0.625,1,BlackBasta-e28188e516db1bda9015c30de59a2e91996b67c2e2b44989a6b0f562577fd757
0.949846313481255,0.9894263063723073,0.58,1.0,0.5735294117647058,1.0,0.625,1,BlackBasta-e28188e516db1bda9015c30de59a2e91996b67c2e2b44989a6b0f562577fd757
0.9621245796190541,1.0,0.58,1.0,0.5857142857142856,1.0,0.625,1,BlackBasta-e28188e516db1bda9015c30de59a2e91996b67c2e2b44989a6b0f562577fd757
0.9621245796190541,1.0,0.58,1.0,0.5972222222222222,1.0,0.625,1,BlackBasta-e28188e516db1bda9015c30de59a2e91996b67c2e2b44989a6b0f562577fd757
0.965925191358444,1.0,0.6,1.0,0.5945945945945945,1.0,0.625,1,BlackBasta-e28188e516db1bda9015c30de59a2e91996b67c2e2b44989a6b0f562577fd757
0.9488728182292314,1.0,0.62,1.0,0.5921052631578947,1.0,0.625,1,BlackBasta-e28188e516db1bda9015c30de59a2e91996b67c2e2b44989a6b0f562577fd757
0.9488213100194581,1.0,0.64,1.0,0.5897435897435898,1.0,0.625,1,BlackBasta-e28188e516db1bda9015c30de59a2e91996b67c2e2b44989a6b0f562577fd757
0.9621245796190541,1.0,0.64,1.0,0.6,1.0,0.625,1,BlackBasta-e28188e516db1bda9015c30de59a2e91996b67c2e2b44989a6b0f562577fd757
0.9621245796190541,1.0,0.64,1.0,0.6097560975609756,1.0,0.625,1,BlackBasta-e28188e516db1bda9015c30de59a2e91996b67c2e2b44989a6b0f562577fd757
0.9631344831568522,1.0,0.66,1.0,0.6071428571428572,1.0,0.625,1,BlackBasta-e28188e516db1bda9015c30de59a2e91996b67c2e2b44989a6b0f562577fd757
0.9637808049601188,1.0,0.68,1.0,0.6046511627906976,1.0,0.625,1,BlackBasta-e28188e516db1bda9015c30de59a2e91996b67c2e2b44989a6b0f562577fd757
0.9621245796190541,1.0,0.68,1.0,0.6136363636363636,1.0,0.625,1,BlackBasta-e28188e516db1bda9015c30de59a2e91996b67c2e2b44989a6b0f562577fd757
0.9480974074044369,1.0,0.7,1.0,0.6111111111111112,1.0,0.625,1,BlackBasta-e28188e516db1bda9015c30de59a2e91996b67c2e2b44989a6b0f562577fd757
0.9621245796190541,1.0,0.7,1.0,0.6195652173913043,1.0,0.625,1,BlackBasta-e28188e516db1bda9015c30de59a2e91996b67c2e2b44989a6b0f562577fd757
0.9621245796190541,1.0,0.7,1.0,0.6276595744680851,1.0,0.625,1,BlackBasta-e28188e516db1bda9015c30de59a2e91996b67c2e2b44989a6b0f562577fd757
0.965925191358444,1.0,0.7,1.0,0.6354166666666667,1.0,0.625,1,BlackBasta-e28188e516db1bda9015c30de59a2e91996b67c2e2b44989a6b0f562577fd757
0.9487221523284348,1.0,0.72,1.0,0.6326530612244898,1.0,0.625,1,BlackBasta-e28188e516db1bda9015c30de59a2e91996b67c2e2b44989a6b0f562577fd757
0.9637965344873443,1.0,0.74,1.0,0.63,1.0,0.625,1,BlackBasta-e28188e516db1bda9015c30de59a2e91996b67c2e2b44989a6b0f562577fd757
0.9621245796190541,1.0,0.74,1.0,0.6372549019607843,1.0,0.625,1,BlackBasta-e28188e516db1bda9015c30de59a2e91996b67c2e2b44989a6b0f562577fd757
0.9621245796190541,1.0,0.74,1.0,0.6442307692307692,1.0,0.625,1,BlackBasta-e28188e516db1bda9015c30de59a2e91996b67c2e2b44989a6b0f562577fd757
0.9507849401072964,1.0,0.76,1.0,0.6415094339622642,1.0,0.625,1,BlackBasta-e28188e516db1bda9015c30de59a2e91996b67c2e2b44989a6b0f562577fd757
0.9621245796190541,1.0,0.76,1.0,0.6481481481481481,1.0,0.625,1,BlackBasta-e28188e516db1bda9015c30de59a2e91996b67c2e2b44989a6b0f562577fd757
0.9621245796190541,1.0,0.76,1.0,0.6545454545454545,1.0,0.625,1,BlackBasta-e28188e516db1bda9015c30de59a2e91996b67c2e2b44989a6b0f562577fd757
0.965925191358444,1.0,0.76,1.0,0.6607142857142857,1.0,0.625,1,BlackBasta-e28188e516db1bda9015c30de59a2e91996b67c2e2b44989a6b0f562577fd757
0.9483813049987543,1.0,0.78,1.0,0.6578947368421053,1.0,0.625,1,BlackBasta-e28188e516db1bda9015c30de59a2e91996b67c2e2b44989a6b0f562577fd757
0.951146891414807,1.0,0.8,1.0,0.6551724137931034,1.0,0.625,1,BlackBasta-e28188e516db1bda9015c30de59a2e91996b67c2e2b44989a6b0f562577fd757
0.9621245796190541,1.0,0.8,1.0,0.6610169491525424,1.0,0.625,1,BlackBasta-e28188e516db1bda9015c30de59a2e91996b67c2e2b44989a6b0f562577fd757
0.9621245796190541,1.0,0.8,1.0,0.6666666666666667,1.0,0.625,1,BlackBasta-e28188e516db1bda9015c30de59a2e91996b67c2e2b44989a6b0f562577fd757
0.9589398068841849,1.0,0.82,1.0,0.6639344262295082,1.0,0.625,1,BlackBasta-e28188e516db1bda9015c30de59a2e91996b67c2e2b44989a6b0f562577fd757
0.9586254615524243,1.0,0.84,1.0,0.6612903225806452,1.0,0.625,1,BlackBasta-e28188e516db1bda9015c30de59a2e91996b67c2e2b44989a6b0f562577fd757
0.11789174607420132,1.0,0.84,1.0,0.6666666666666667,1.0,0.625,1,BlackBasta-e28188e516db1bda9015c30de59a2e91996b67c2e2b44989a6b0f562577fd757
0.9598752398508871,1.0,0.86,1.0,0.6640625,1.0,0.625,1,BlackBasta-e28188e516db1bda9015c30de59a2e91996b67c2e2b44989a6b0f562577fd757
0.9594253121180512,1.0,0.88,1.0,0.6615384615384615,1.0,0.625,1,BlackBasta-e28188e516db1bda9015c30de59a2e91996b67c2e2b44989a6b0f562577fd757
0.9623080204224096,1.0,0.9,1.0,0.6590909090909092,1.0,0.625,1,BlackBasta-e28188e516db1bda9015c30de59a2e91996b67c2e2b44989a6b0f562577fd757
0.9592578352816459,1.0,0.92,1.0,0.6567164179104478,1.0,0.625,1,BlackBasta-e28188e516db1bda9015c30de59a2e91996b67c2e2b44989a6b0f562577fd757
0.9588384779133374,1.0,0.94,1.0,0.6544117647058824,1.0,0.625,1,BlackBasta-e28188e516db1bda9015c30de59a2e91996b67c2e2b44989a6b0f562577fd757
0.9583639574649052,1.0,0.96,1.0,0.6521739130434783,1.0,0.625,1,BlackBasta-e28188e516db1bda9015c30de59a2e91996b67c2e2b44989a6b0f562577fd757
0.958762202277745,1.0,0.98,1.0,0.65,1.0,0.625,1,BlackBasta-e28188e516db1bda9015c30de59a2e91996b67c2e2b44989a6b0f562577fd757
0.9585308265208977,1.0,1.0,1.0,0.647887323943662,1.0,0.625,1,BlackBasta-e28188e516db1bda9015c30de59a2e91996b67c2e2b44989a6b0f562577fd757
0.9579583184026756,1.0,1.0,1.0,0.6458333333333333,1.0,0.625,1,BlackBasta-e28188e516db1bda9015c30de59a2e91996b67c2e2b44989a6b0f562577fd757
0.12748351609440636,1.0,1.0,1.0,0.6438356164383562,1.0,0.625,1,BlackBasta-e28188e516db1bda9015c30de59a2e91996b67c2e2b44989a6b0f562577fd757
0.11916433407288944,1.0,1.0,1.0,0.6418918918918919,1.0,0.625,1,BlackBasta-e28188e516db1bda9015c30de59a2e91996b67c2e2b44989a6b0f562577fd757
0.12267611811853227,1.0,1.0,1.0,0.64,1.0,0.625,1,BlackBasta-e28188e516db1bda9015c30de59a2e91996b67c2e2b44989a6b0f562577fd757
0.9600111995894801,1.0,1.0,1.0,0.638157894736842,1.0,0.625,1,BlackBasta-e28188e516db1bda9015c30de59a2e91996b67c2e2b44989a6b0f562577fd757
0.9594984371996645,1.0,1.0,1.0,0.6363636363636364,1.0,0.625,1,BlackBasta-e28188e516db1bda9015c30de59a2e91996b67c2e2b44989a6b0f562577fd757
0.9600662018229117,1.0,1.0,1.0,0.6346153846153846,1.0,0.625,1,BlackBasta-e28188e516db1bda9015c30de59a2e91996b67c2e2b44989a6b0f562577fd757
0.9597204574042676,1.0,1.0,1.0,0.6329113924050633,1.0,0.625,1,BlackBasta-e28188e516db1bda9015c30de59a2e91996b67c2e2b44989a6b0f562577fd757
0.9602499461875634,1.0,1.0,1.0,0.63125,1.0,0.625,1,BlackBasta-e28188e516db1bda9015c30de59a2e91996b67c2e2b44989a6b0f562577fd757
0.9598230316297901,1.0,1.0,1.0,0.6296296296296297,1.0,0.625,1,BlackBasta-e28188e516db1bda9015c30de59a2e91996b67c2e2b44989a6b0f562577fd757
0.9598508248319766,1.0,1.0,1.0,0.6280487804878049,1.0,0.625,1,BlackBasta-e28188e516db1bda9015c30de59a2e91996b67c2e2b44989a6b0f562577fd757
0.9600338702280157,1.0,1.0,1.0,0.6265060240963856,1.0,0.625,1,BlackBasta-e28188e516db1bda9015c30de59a2e91996b67c2e2b44989a6b0f562577fd757
0.9595763271964927,1.0,1.0,1.0,0.625,1.0,0.625,1,BlackBasta-e28188e516db1bda9015c30de59a2e91996b67c2e2b44989a6b0f562577fd757
0.9592017180041491,1.0,1.0,1.0,0.6235294117647059,1.0,0.625,1,BlackBasta-e28188e516db1bda9015c30de59a2e91996b67c2e2b44989a6b0f562577fd757
0.9597372434247035,1.0,1.0,1.0,0.622093023255814,1.0,0.625,1,BlackBasta-e28188e516db1bda9015c30de59a2e91996b67c2e2b44989a6b0f562577fd757
0.9593628334802675,1.0,1.0,1.0,0.6206896551724138,1.0,0.625,1,BlackBasta-e28188e516db1bda9015c30de59a2e91996b67c2e2b44989a6b0f562577fd757
0.959730039482936,1.0,1.0,1.0,0.6193181818181819,1.0,0.625,1,BlackBasta-e28188e516db1bda9015c30de59a2e91996b67c2e2b44989a6b0f562577fd757
0.9594274723510889,1.0,1.0,1.0,0.6179775280898876,1.0,0.625,1,BlackBasta-e28188e516db1bda9015c30de59a2e91996b67c2e2b44989a6b0f562577fd757
0.9594838240317566,1.0,1.0,1.0,0.6166666666666667,1.0,0.625,1,BlackBasta-e28188e516db1bda9015c30de59a2e91996b67c2e2b44989a6b0f562577fd757
0.9595623256959538,1.0,1.0,1.0,0.6153846153846154,1.0,0.625,1,BlackBasta-e28188e516db1bda9015c30de59a2e91996b67c2e2b44989a6b0f562577fd757
0.9623962557458432,1.0,1.0,1.0,0.6141304347826086,1.0,0.625,1,BlackBasta-e28188e516db1bda9015c30de59a2e91996b67c2e2b44989a6b0f562577fd757
0.959112979250598,1.0,1.0,1.0,0.6129032258064516,1.0,0.625,1,BlackBasta-e28188e516db1bda9015c30de59a2e91996b67c2e2b44989a6b0f562577fd757
0.9593886124248515,1.0,1.0,1.0,0.6117021276595744,1.0,0.625,1,BlackBasta-e28188e516db1bda9015c30de59a2e91996b67c2e2b44989a6b0f562577fd757
0.9592856047786467,1.0,1.0,1.0,0.6105263157894737,1.0,0.625,1,BlackBasta-e28188e516db1bda9015c30de59a2e91996b67c2e2b44989a6b0f562577fd757
0.958523911609975,1.0,1.0,1.0,0.609375,1.0,0.625,1,BlackBasta-e28188e516db1bda9015c30de59a2e91996b67c2e2b44989a6b0f562577fd757
0.9579297921399177,1.0,1.0,1.0,0.6082474226804124,1.0,0.625,1,BlackBasta-e28188e516db1bda9015c30de59a2e91996b67c2e2b44989a6b0f562577fd757
0.9583839323316766,1.0,1.0,1.0,0.6071428571428572,1.0,0.625,1,BlackBasta-e28188e516db1bda9015c30de59a2e91996b67c2e2b44989a6b0f562577fd757
0.958181478462245,1.0,1.0,1.0,0.6060606060606061,1.0,0.625,1,BlackBasta-e28188e516db1bda9015c30de59a2e91996b67c2e2b44989a6b0f562577fd757
0.11946592814955426,1.0,1.0,1.0,0.605,1.0,0.625,1,BlackBasta-e28188e516db1bda9015c30de59a2e91996b67c2e2b44989a6b0f562577fd757
0.9510291017107304,1.0,1.0,1.0,0.6039603960396039,1.0,0.625,1,BlackBasta-e28188e516db1bda9015c30de59a2e91996b67c2e2b44989a6b0f562577fd757
0.9628488520883413,1.0,1.0,1.0,0.6029411764705883,1.0,0.625,1,BlackBasta-e28188e516db1bda9015c30de59a2e91996b67c2e2b44989a6b0f562577fd757
0.9621245796190541,1.0,1.0,1.0,0.6067961165048543,1.0,0.625,1,BlackBasta-e28188e516db1bda9015c30de59a2e91996b67c2e2b44989a6b0f562577fd757
0.9570887442024166,1.0,1.0,1.0,0.6057692307692308,1.0,0.625,1,BlackBasta-e28188e516db1bda9015c30de59a2e91996b67c2e2b44989a6b0f562577fd757
0.9621245796190541,1.0,1.0,1.0,0.6095238095238096,1.0,0.625,1,BlackBasta-e28188e516db1bda9015c30de59a2e91996b67c2e2b44989a6b0f562577fd757
0.9621245796190541,1.0,1.0,1.0,0.6132075471698113,1.0,0.625,1,BlackBasta-e28188e516db1bda9015c30de59a2e91996b67c2e2b44989a6b0f562577fd757
0.9504041417493881,1.0,1.0,1.0,0.6121495327102804,1.0,0.625,1,BlackBasta-e28188e516db1bda9015c30de59a2e91996b67c2e2b44989a6b0f562577fd757
0.9621245796190541,1.0,1.0,1.0,0.6157407407407407,1.0,0.625,1,BlackBasta-e28188e516db1bda9015c30de59a2e91996b67c2e2b44989a6b0f562577fd757
0.9621245796190541,1.0,1.0,1.0,0.6192660550458715,1.0,0.625,1,BlackBasta-e28188e516db1bda9015c30de59a2e91996b67c2e2b44989a6b0f562577fd757
0.9505443076854921,1.0,1.0,1.0,0.6181818181818182,1.0,0.625,1,BlackBasta-e28188e516db1bda9015c30de59a2e91996b67c2e2b44989a6b0f562577fd757
0.9621245796190541,1.0,1.0,1.0,0.6216216216216216,1.0,0.625,1,BlackBasta-e28188e516db1bda9015c30de59a2e91996b67c2e2b44989a6b0f562577fd757
0.9621245796190541,1.0,1.0,1.0,0.625,1.0,0.625,1,BlackBasta-e28188e516db1bda9015c30de59a2e91996b67c2e2b44989a6b0f562577fd757
0.9504272964972399,1.0,1.0,1.0,0.6238938053097345,1.0,0.625,1,BlackBasta-e28188e516db1bda9015c30de59a2e91996b67c2e2b44989a6b0f562577fd757
0.9621245796190541,1.0,1.0,1.0,0.6271929824561404,1.0,0.625,1,BlackBasta-e28188e516db1bda9015c30de59a2e91996b67c2e2b44989a6b0f562577fd757
0.9621245796190541,1.0,1.0,1.0,0.6304347826086957,1.0,0.625,1,BlackBasta-e28188e516db1bda9015c30de59a2e91996b67c2e2b44989a6b0f562577fd757
0.9492807972521211,1.0,1.0,1.0,0.6293103448275862,1.0,0.625,1,BlackBasta-e28188e516db1bda9015c30de59a2e91996b67c2e2b44989a6b0f562577fd757
0.9621245796190541,1.0,1.0,1.0,0.6324786324786325,1.0,0.625,1,BlackBasta-e28188e516db1bda9015c30de59a2e91996b67c2e2b44989a6b0f562577fd757
0.9621245796190541,1.0,1.0,1.0,0.6355932203389831,1.0,0.625,1,BlackBasta-e28188e516db1bda9015c30de59a2e91996b67c2e2b44989a6b0f562577fd757
0.965925191358444,1.0,1.0,1.0,0.6386554621848739,1.0,0.625,1,BlackBasta-e28188e516db1bda9015c30de59a2e91996b67c2e2b44989a6b0f562577fd757
0.9509564780333961,1.0,1.0,1.0,0.6375,1.0,0.625,1,BlackBasta-e28188e516db1bda9015c30de59a2e91996b67c2e2b44989a6b0f562577fd757
0.9468164853240396,1.0,1.0,1.0,0.6363636363636364,1.0,0.625,1,BlackBasta-e28188e516db1bda9015c30de59a2e91996b67c2e2b44989a6b0f562577fd757
0.9499845258165855,1.0,1.0,1.0,0.6352459016393442,1.0,0.625,1,BlackBasta-e28188e516db1bda9015c30de59a2e91996b67c2e2b44989a6b0f562577fd757
0.9621245796190541,1.0,1.0,1.0,0.6382113821138211,1.0,0.625,1,BlackBasta-e28188e516db1bda9015c30de59a2e91996b67c2e2b44989a6b0f562577fd757
0.9575611746196082,1.0,1.0,1.0,0.6370967741935484,1.0,0.625,1,BlackBasta-e28188e516db1bda9015c30de59a2e91996b67c2e2b44989a6b0f562577fd757
0.9602553262568146,1.0,1.0,1.0,0.636,1.0,0.625,1,BlackBasta-e28188e516db1bda9015c30de59a2e91996b67c2e2b44989a6b0f562577fd757
0.9598175702392964,1.0,1.0,1.0,0.6349206349206349,1.0,0.625,1,BlackBasta-e28188e516db1bda9015c30de59a2e91996b67c2e2b44989a6b0f562577fd757
0.9626477944926956,1.0,1.0,1.0,0.6338582677165354,1.0,0.625,1,BlackBasta-e28188e516db1bda9015c30de59a2e91996b67c2e2b44989a6b0f562577fd757
0.11789174607420132,1.0,1.0,1.0,0.63671875,1.0,0.625,1,BlackBasta-e28188e516db1bda9015c30de59a2e91996b67c2e2b44989a6b0f562577fd757
0.9567843540805765,1.0,1.0,1.0,0.6356589147286822,1.0,0.625,1,BlackBasta-e28188e516db1bda9015c30de59a2e91996b67c2e2b44989a6b0f562577fd757
0.9567843540805765,1.0,1.0,1.0,0.6384615384615384,1.0,0.625,1,BlackBasta-e28188e516db1bda9015c30de59a2e91996b67c2e2b44989a6b0f562577fd757
0.12417084724456302,1.0,1.0,1.0,0.6374045801526718,1.0,0.625,1,BlackBasta-e28188e516db1bda9015c30de59a2e91996b67c2e2b44989a6b0f562577fd757
0.12417084724456302,1.0,1.0,1.0,0.6401515151515151,1.0,0.625,1,BlackBasta-e28188e516db1bda9015c30de59a2e91996b67c2e2b44989a6b0f562577fd757
0.12417084724456302,1.0,1.0,1.0,0.6428571428571428,1.0,0.625,1,BlackBasta-e28188e516db1bda9015c30de59a2e91996b67c2e2b44989a6b0f562577fd757
0.12417084724456302,1.0,1.0,1.0,0.6455223880597014,1.0,0.625,1,BlackBasta-e28188e516db1bda9015c30de59a2e91996b67c2e2b44989a6b0f562577fd757
0.12417084724456302,1.0,1.0,1.0,0.6481481481481481,1.0,0.625,1,BlackBasta-e28188e516db1bda9015c30de59a2e91996b67c2e2b44989a6b0f562577fd757
0.9506994768951891,1.0,1.0,1.0,0.6470588235294117,1.0,0.625,1,BlackBasta-e28188e516db1bda9015c30de59a2e91996b67c2e2b44989a6b0f562577fd757
0.6259511703524638,1.0,1.0,1.0,0.6459854014598541,1.0,0.625,1,BlackBasta-e28188e516db1bda9015c30de59a2e91996b67c2e2b44989a6b0f562577fd757
0.43370057288825203,1.0,1.0,1.0,0.644927536231884,1.0,0.625,1,BlackBasta-e28188e516db1bda9015c30de59a2e91996b67c2e2b44989a6b0f562577fd757
0.9517192188908257,1.0,1.0,1.0,0.6438848920863309,1.0,0.625,1,BlackBasta-e28188e516db1bda9015c30de59a2e91996b67c2e2b44989a6b0f562577fd757
0.12417084724456302,1.0,1.0,1.0,0.6464285714285714,1.0,0.625,1,BlackBasta-e28188e516db1bda9015c30de59a2e91996b67c2e2b44989a6b0f562577fd757
0.960038198841666,1.0,1.0,1.0,0.6453900709219857,1.0,0.625,1,BlackBasta-e28188e516db1bda9015c30de59a2e91996b67c2e2b44989a6b0f562577fd757
0.11789174607420132,1.0,1.0,1.0,0.647887323943662,1.0,0.625,1,BlackBasta-e28188e516db1bda9015c30de59a2e91996b67c2e2b44989a6b0f562577fd757
0.4475436240256218,1.0,1.0,1.0,0.6468531468531469,1.0,0.625,1,BlackBasta-e28188e516db1bda9015c30de59a2e91996b67c2e2b44989a6b0f562577fd757
0.9567843540805765,1.0,1.0,1.0,0.6493055555555556,1.0,0.625,1,BlackBasta-e28188e516db1bda9015c30de59a2e91996b67c2e2b44989a6b0f562577fd757
0.9567843540805765,1.0,1.0,1.0,0.6517241379310346,1.0,0.625,1,BlackBasta-e28188e516db1bda9015c30de59a2e91996b67c2e2b44989a6b0f562577fd757
0.12417084724456302,1.0,1.0,1.0,0.654109589041096,1.0,0.625,1,BlackBasta-e28188e516db1bda9015c30de59a2e91996b67c2e2b44989a6b0f562577fd757
0.12417084724456302,1.0,1.0,1.0,0.6564625850340136,1.0,0.625,1,BlackBasta-e28188e516db1bda9015c30de59a2e91996b67c2e2b44989a6b0f562577fd757
0.12417084724456302,1.0,1.0,1.0,0.6587837837837838,1.0,0.625,1,BlackBasta-e28188e516db1bda9015c30de59a2e91996b67c2e2b44989a6b0f562577fd757
0.12417084724456302,1.0,1.0,1.0,0.6610738255033557,1.0,0.625,1,BlackBasta-e28188e516db1bda9015c30de59a2e91996b67c2e2b44989a6b0f562577fd757
0.12417084724456302,1.0,1.0,1.0,0.6633333333333333,1.0,0.625,1,BlackBasta-e28188e516db1bda9015c30de59a2e91996b67c2e2b44989a6b0f562577fd757
0.9315205079542915,1.0,1.0,1.0,0.6622516556291391,1.0,0.625,1,BlackBasta-e28188e516db1bda9015c30de59a2e91996b67c2e2b44989a6b0f562577fd757
0.9577733707574665,1.0,1.0,1.0,0.6611842105263157,1.0,0.625,1,BlackBasta-e28188e516db1bda9015c30de59a2e91996b67c2e2b44989a6b0f562577fd757
0.9621245796190541,1.0,1.0,1.0,0.6633986928104575,1.0,0.625,1,BlackBasta-e28188e516db1bda9015c30de59a2e91996b67c2e2b44989a6b0f562577fd757
0.9635546682060335,1.0,1.0,1.0,0.6623376623376623,1.0,0.625,1,BlackBasta-e28188e516db1bda9015c30de59a2e91996b67c2e2b44989a6b0f562577fd757
0.949004214229659,1.0,1.0,1.0,0.6612903225806452,1.0,0.625,1,BlackBasta-e28188e516db1bda9015c30de59a2e91996b67c2e2b44989a6b0f562577fd757
0.9621245796190541,1.0,1.0,1.0,0.6634615384615384,1.0,0.625,1,BlackBasta-e28188e516db1bda9015c30de59a2e91996b67c2e2b44989a6b0f562577fd757
0.9515455712028463,1.0,1.0,1.0,0.6624203821656052,1.0,0.625,1,BlackBasta-e28188e516db1bda9015c30de59a2e91996b67c2e2b44989a6b0f562577fd757
0.9621245796190541,1.0,1.0,1.0,0.6645569620253164,1.0,0.625,1,BlackBasta-e28188e516db1bda9015c30de59a2e91996b67c2e2b44989a6b0f562577fd757
0.9621245796190541,1.0,1.0,1.0,0.6666666666666667,1.0,0.625,1,BlackBasta-e28188e516db1bda9015c30de59a2e91996b67c2e2b44989a6b0f562577fd757
0.965925191358444,1.0,1.0,1.0,0.66875,1.0,0.625,1,BlackBasta-e28188e516db1bda9015c30de59a2e91996b67c2e2b44989a6b0f562577fd757
0.9502091947160389,1.0,1.0,1.0,0.6677018633540373,1.0,0.625,1,BlackBasta-e28188e516db1bda9015c30de59a2e91996b67c2e2b44989a6b0f562577fd757
0.9489765430939924,1.0,1.0,1.0,0.6666666666666667,1.0,0.625,1,BlackBasta-e28188e516db1bda9015c30de59a2e91996b67c2e2b44989a6b0f562577fd757
0.9621245796190541,1.0,1.0,1.0,0.6687116564417178,1.0,0.625,1,BlackBasta-e28188e516db1bda9015c30de59a2e91996b67c2e2b44989a6b0f562577fd757
0.9621245796190541,1.0,1.0,1.0,0.6707317073170731,1.0,0.625,1,BlackBasta-e28188e516db1bda9015c30de59a2e91996b67c2e2b44989a6b0f562577fd757
0.965925191358444,1.0,1.0,1.0,0.6727272727272727,1.0,0.625,1,BlackBasta-e28188e516db1bda9015c30de59a2e91996b67c2e2b44989a6b0f562577fd757
0.9490642000719942,1.0,1.0,1.0,0.6716867469879518,1.0,0.625,1,BlackBasta-e28188e516db1bda9015c30de59a2e91996b67c2e2b44989a6b0f562577fd757
0.9621245796190541,1.0,1.0,1.0,0.6736526946107784,1.0,0.625,1,BlackBasta-e28188e516db1bda9015c30de59a2e91996b67c2e2b44989a6b0f562577fd757
0.9621245796190541,1.0,1.0,1.0,0.6755952380952381,1.0,0.625,1,BlackBasta-e28188e516db1bda9015c30de59a2e91996b67c2e2b44989a6b0f562577fd757
0.965925191358444,1.0,1.0,1.0,0.6775147928994083,1.0,0.625,1,BlackBasta-e28188e516db1bda9015c30de59a2e91996b67c2e2b44989a6b0f562577fd757
0.9642088815518624,1.0,1.0,1.0,0.6764705882352942,1.0,0.625,1,BlackBasta-e28188e516db1bda9015c30de59a2e91996b67c2e2b44989a6b0f562577fd757
0.9493298439891391,1.0,1.0,1.0,0.6754385964912281,1.0,0.625,1,BlackBasta-e28188e516db1bda9015c30de59a2e91996b67c2e2b44989a6b0f562577fd757
0.9621245796190541,1.0,1.0,1.0,0.6773255813953488,1.0,0.625,1,BlackBasta-e28188e516db1bda9015c30de59a2e91996b67c2e2b44989a6b0f562577fd757
0.9640903992336483,1.0,1.0,1.0,0.676300578034682,1.0,0.625,1,BlackBasta-e28188e516db1bda9015c30de59a2e91996b67c2e2b44989a6b0f562577fd757
0.9621245796190541,1.0,1.0,1.0,0.6781609195402298,1.0,0.625,1,BlackBasta-e28188e516db1bda9015c30de59a2e91996b67c2e2b44989a6b0f562577fd757
0.9507747109451729,1.0,1.0,1.0,0.6771428571428572,1.0,0.625,1,BlackBasta-e28188e516db1bda9015c30de59a2e91996b67c2e2b44989a6b0f562577fd757
0.9621245796190541,1.0,1.0,1.0,0.6789772727272727,1.0,0.625,1,BlackBasta-e28188e516db1bda9015c30de59a2e91996b67c2e2b44989a6b0f562577fd757
0.9621245796190541,1.0,1.0,1.0,0.6807909604519774,1.0,0.625,1,BlackBasta-e28188e516db1bda9015c30de59a2e91996b67c2e2b44989a6b0f562577fd757
0.965925191358444,1.0,1.0,1.0,0.6825842696629214,1.0,0.625,1,BlackBasta-e28188e516db1bda9015c30de59a2e91996b67c2e2b44989a6b0f562577fd757
0.949846313481255,1.0,1.0,1.0,0.6815642458100559,1.0,0.625,1,BlackBasta-e28188e516db1bda9015c30de59a2e91996b67c2e2b44989a6b0f562577fd757
0.11946592814955426,1.0,1.0,1.0,0.6833333333333333,1.0,0.625,1,BlackBasta-e28188e516db1bda9015c30de59a2e91996b67c2e2b44989a6b0f562577fd757
0.48943283463784887,1.0,1.0,1.0,0.6823204419889503,1.0,0.625,1,BlackBasta-e28188e516db1bda9015c30de59a2e91996b67c2e2b44989a6b0f562577fd757
0.11946592814955426,1.0,1.0,1.0,0.6840659340659341,1.0,0.625,1,BlackBasta-e28188e516db1bda9015c30de59a2e91996b67c2e2b44989a6b0f562577fd757
0.11839419137005573,1.0,1.0,1.0,0.6830601092896175,1.0,0.625,1,BlackBasta-e28188e516db1bda9015c30de59a2e91996b67c2e2b44989a6b0f562577fd757
0.11839419137005573,1.0,1.0,1.0,0.6847826086956521,1.0,0.625,1,BlackBasta-e28188e516db1bda9015c30de59a2e91996b67c2e2b44989a6b0f562577fd757
0.9542652344738698,1.0,1.0,1.0,0.6837837837837838,1.0,0.625,1,BlackBasta-e28188e516db1bda9015c30de59a2e91996b67c2e2b44989a6b0f562577fd757
0.9542652344738698,1.0,1.0,1.0,0.685483870967742,1.0,0.625,1,BlackBasta-e28188e516db1bda9015c30de59a2e91996b67c2e2b44989a6b0f562577fd757
0.6277869284935209,1.0,1.0,1.0,0.6844919786096257,1.0,0.625,1,BlackBasta-e28188e516db1bda9015c30de59a2e91996b67c2e2b44989a6b0f562577fd757
0.13373670235203394,1.0,1.0,1.0,0.6861702127659575,1.0,0.625,1,BlackBasta-e28188e516db1bda9015c30de59a2e91996b67c2e2b44989a6b0f562577fd757
0.1261660874599347,1.0,1.0,1.0,0.6851851851851851,1.0,0.625,1,BlackBasta-e28188e516db1bda9015c30de59a2e91996b67c2e2b44989a6b0f562577fd757
0.9579532914154962,1.0,1.0,1.0,0.6842105263157895,1.0,0.625,1,BlackBasta-e28188e516db1bda9015c30de59a2e91996b67c2e2b44989a6b0f562577fd757
0.9559094503762818,1.0,1.0,1.0,0.6832460732984293,1.0,0.625,1,BlackBasta-e28188e516db1bda9015c30de59a2e91996b67c2e2b44989a6b0f562577fd757
0.13373670235203394,1.0,1.0,1.0,0.6848958333333333,1.0,0.625,1,BlackBasta-e28188e516db1bda9015c30de59a2e91996b67c2e2b44989a6b0f562577fd757
0.11789174607420132,1.0,1.0,1.0,0.6865284974093264,1.0,0.625,1,BlackBasta-e28188e516db1bda9015c30de59a2e91996b67c2e2b44989a6b0f562577fd757
0.11789174607420132,1.0,1.0,1.0,0.6881443298969072,1.0,0.625,1,BlackBasta-e28188e516db1bda9015c30de59a2e91996b67c2e2b44989a6b0f562577fd757
0.9554431910862489,1.0,1.0,1.0,0.6871794871794872,1.0,0.625,1,BlackBasta-e28188e516db1bda9015c30de59a2e91996b67c2e2b44989a6b0f562577fd757
0.1261660874599347,1.0,1.0,1.0,0.6887755102040816,1.0,0.625,1,BlackBasta-e28188e516db1bda9015c30de59a2e91996b67c2e2b44989a6b0f562577fd757
0.1261660874599347,1.0,1.0,1.0,0.6903553299492386,1.0,0.625,1,BlackBasta-e28188e516db1bda9015c30de59a2e91996b67c2e2b44989a6b0f562577fd757
0.11789174607420132,1.0,1.0,1.0,0.6919191919191919,1.0,0.625,1,BlackBasta-e28188e516db1bda9015c30de59a2e91996b67c2e2b44989a6b0f562577fd757
0.11789174607420132,1.0,1.0,1.0,0.6934673366834171,1.0,0.625,1,BlackBasta-e28188e516db1bda9015c30de59a2e91996b67c2e2b44989a6b0f562577fd757
0.11789174607420132,1.0,1.0,1.0,0.6950000000000001,1.0,0.625,1,BlackBasta-e28188e516db1bda9015c30de59a2e91996b67c2e2b44989a6b0f562577fd757
0.11789174607420132,1.0,1.0,1.0,0.6965174129353233,1.0,0.625,1,BlackBasta-e28188e516db1bda9015c30de59a2e91996b67c2e2b44989a6b0f562577fd757
0.12166030539661564,1.0,1.0,1.0,0.6955445544554455,1.0,0.625,1,BlackBasta-e28188e516db1bda9015c30de59a2e91996b67c2e2b44989a6b0f562577fd757
0.9609838368035016,1.0,1.0,1.0,0.6945812807881773,1.0,0.625,1,BlackBasta-e28188e516db1bda9015c30de59a2e91996b67c2e2b44989a6b0f562577fd757
0.1261660874599347,1.0,1.0,1.0,0.696078431372549,1.0,0.625,1,BlackBasta-e28188e516db1bda9015c30de59a2e91996b67c2e2b44989a6b0f562577fd757
0.11789174607420132,1.0,1.0,1.0,0.697560975609756,1.0,0.625,1,BlackBasta-e28188e516db1bda9015c30de59a2e91996b67c2e2b44989a6b0f562577fd757
0.11839419137005573,1.0,1.0,1.0,0.6990291262135923,1.0,0.625,1,BlackBasta-e28188e516db1bda9015c30de59a2e91996b67c2e2b44989a6b0f562577fd757
0.12152170025982928,1.0,1.0,1.0,0.6980676328502415,1.0,0.625,1,BlackBasta-e28188e516db1bda9015c30de59a2e91996b67c2e2b44989a6b0f562577fd757
0.12152170025982928,1.0,1.0,1.0,0.6995192307692308,1.0,0.625,1,BlackBasta-e28188e516db1bda9015c30de59a2e91996b67c2e2b44989a6b0f562577fd757
0.11789174607420132,1.0,1.0,1.0,0.700956937799043,1.0,0.625,1,BlackBasta-e28188e516db1bda9015c30de59a2e91996b67c2e2b44989a6b0f562577fd757
0.11789174607420132,1.0,1.0,1.0,0.7023809523809523,1.0,0.625,1,BlackBasta-e28188e516db1bda9015c30de59a2e91996b67c2e2b44989a6b0f562577fd757
0.4553884431277716,1.0,1.0,1.0,0.7037914691943128,1.0,0.625,1,BlackBasta-e28188e516db1bda9015c30de59a2e91996b67c2e2b44989a6b0f562577fd757
0.9574028173310807,1.0,1.0,1.0,0.7051886792452831,1.0,0.625,1,BlackBasta-e28188e516db1bda9015c30de59a2e91996b67c2e2b44989a6b0f562577fd757
0.11789174607420132,1.0,1.0,1.0,0.7065727699530516,1.0,0.625,1,BlackBasta-e28188e516db1bda9015c30de59a2e91996b67c2e2b44989a6b0f562577fd757
0.9615202675397608,1.0,1.0,1.0,0.705607476635514,1.0,0.625,1,BlackBasta-e28188e516db1bda9015c30de59a2e91996b67c2e2b44989a6b0f562577fd757
0.9627296910452963,1.0,1.0,1.0,0.7069767441860465,1.0,0.625,1,BlackBasta-e28188e516db1bda9015c30de59a2e91996b67c2e2b44989a6b0f562577fd757
0.9627296910452963,1.0,1.0,1.0,0.7083333333333333,1.0,0.625,1,BlackBasta-e28188e516db1bda9015c30de59a2e91996b67c2e2b44989a6b0f562577fd757
0.11789174607420132,1.0,1.0,1.0,0.7096774193548387,1.0,0.625,1,BlackBasta-e28188e516db1bda9015c30de59a2e91996b67c2e2b44989a6b0f562577fd757
0.13373670235203394,1.0,1.0,1.0,0.7110091743119267,1.0,0.625,1,BlackBasta-e28188e516db1bda9015c30de59a2e91996b67c2e2b44989a6b0f562577fd757
0.6571264506410632,1.0,1.0,1.0,0.7123287671232876,1.0,0.625,1,BlackBasta-e28188e516db1bda9015c30de59a2e91996b67c2e2b44989a6b0f562577fd757
0.9627296910452963,1.0,1.0,1.0,0.7136363636363636,1.0,0.625,1,BlackBasta-e28188e516db1bda9015c30de59a2e91996b67c2e2b44989a6b0f562577fd757
0.11789174607420132,1.0,1.0,1.0,0.7149321266968326,1.0,0.625,1,BlackBasta-e28188e516db1bda9015c30de59a2e91996b67c2e2b44989a6b0f562577fd757
0.4553884431277716,1.0,1.0,1.0,0.7162162162162162,1.0,0.625,1,BlackBasta-e28188e516db1bda9015c30de59a2e91996b67c2e2b44989a6b0f562577fd757
0.4553884431277716,1.0,1.0,1.0,0.7174887892376682,1.0,0.625,1,BlackBasta-e28188e516db1bda9015c30de59a2e91996b67c2e2b44989a6b0f562577fd757
0.9626008292264994,1.0,1.0,1.0,0.71875,1.0,0.625,1,BlackBasta-e28188e516db1bda9015c30de59a2e91996b67c2e2b44989a6b0f562577fd757
0.9622487219758857,1.0,1.0,1.0,0.72,1.0,0.625,1,BlackBasta-e28188e516db1bda9015c30de59a2e91996b67c2e2b44989a6b0f562577fd757
0.13373670235203394,1.0,1.0,1.0,0.7212389380530974,1.0,0.625,1,BlackBasta-e28188e516db1bda9015c30de59a2e91996b67c2e2b44989a6b0f562577fd757
0.9623356648170804,1.0,1.0,1.0,0.7202643171806167,1.0,0.625,1,BlackBasta-e28188e516db1bda9015c30de59a2e91996b67c2e2b44989a6b0f562577fd757
0.13373670235203394,1.0,1.0,1.0,0.7214912280701755,1.0,0.625,1,BlackBasta-e28188e516db1bda9015c30de59a2e91996b67c2e2b44989a6b0f562577fd757
0.13373670235203394,1.0,1.0,1.0,0.722707423580786,1.0,0.625,1,BlackBasta-e28188e516db1bda9015c30de59a2e91996b67c2e2b44989a6b0f562577fd757
0.1261660874599347,1.0,1.0,1.0,0.7239130434782608,1.0,0.625,1,BlackBasta-e28188e516db1bda9015c30de59a2e91996b67c2e2b44989a6b0f562577fd757
0.9911979091752522,1.0,1.0,1.0,0.722943722943723,1.0,0.625,1,BlackBasta-e28188e516db1bda9015c30de59a2e91996b67c2e2b44989a6b0f562577fd757
0.9635142407776783,1.0,1.0,1.0,0.7219827586206897,1.0,0.625,1,BlackBasta-e28188e516db1bda9015c30de59a2e91996b67c2e2b44989a6b0f562577fd757
0.9635142407776783,1.0,1.0,1.0,0.7231759656652361,1.0,0.625,1,BlackBasta-e28188e516db1bda9015c30de59a2e91996b67c2e2b44989a6b0f562577fd757
0.11789174607420132,1.0,1.0,1.0,0.7243589743589743,1.0,0.625,1,BlackBasta-e28188e516db1bda9015c30de59a2e91996b67c2e2b44989a6b0f562577fd757
0.9542652344738698,1.0,1.0,1.0,0.725531914893617,1.0,0.625,1,BlackBasta-e28188e516db1bda9015c30de59a2e91996b67c2e2b44989a6b0f562577fd757
0.9539387312858734,1.0,1.0,1.0,0.7245762711864407,1.0,0.625,1,BlackBasta-e28188e516db1bda9015c30de59a2e91996b67c2e2b44989a6b0f562577fd757
0.13373670235203394,1.0,1.0,1.0,0.7257383966244726,1.0,0.625,1,BlackBasta-e28188e516db1bda9015c30de59a2e91996b67c2e2b44989a6b0f562577fd757
0.13373670235203394,1.0,1.0,1.0,0.7268907563025211,1.0,0.625,1,BlackBasta-e28188e516db1bda9015c30de59a2e91996b67c2e2b44989a6b0f562577fd757
0.12123612128545803,1.0,1.0,1.0,0.7259414225941423,1.0,0.625,1,BlackBasta-e28188e516db1bda9015c30de59a2e91996b67c2e2b44989a6b0f562577fd757
0.12152170025982928,1.0,1.0,1.0,0.7270833333333333,1.0,0.625,1,BlackBasta-e28188e516db1bda9015c30de59a2e91996b67c2e2b44989a6b0f562577fd757
0.1261660874599347,1.0,1.0,1.0,0.7282157676348548,1.0,0.625,1,BlackBasta-e28188e516db1bda9015c30de59a2e91996b67c2e2b44989a6b0f562577fd757
0.9523737261933036,1.0,1.0,1.0,0.7272727272727273,1.0,0.625,1,BlackBasta-e28188e516db1bda9015c30de59a2e91996b67c2e2b44989a6b0f562577fd757
0.9523737261933036,1.0,1.0,1.0,0.7283950617283951,1.0,0.625,1,BlackBasta-e28188e516db1bda9015c30de59a2e91996b67c2e2b44989a6b0f562577fd757
0.9523737261933036,1.0,1.0,1.0,0.7295081967213115,1.0,0.625,1,BlackBasta-e28188e516db1bda9015c30de59a2e91996b67c2e2b44989a6b0f562577fd757
0.9522403662084022,1.0,1.0,1.0,0.7285714285714286,1.0,0.625,1,BlackBasta-e28188e516db1bda9015c30de59a2e91996b67c2e2b44989a6b0f562577fd757
0.9522403662084022,1.0,1.0,1.0,0.7296747967479675,1.0,0.625,1,BlackBasta-e28188e516db1bda9015c30de59a2e91996b67c2e2b44989a6b0f562577fd757
0.9522403662084022,1.0,1.0,1.0,0.7307692307692308,1.0,0.625,1,BlackBasta-e28188e516db1bda9015c30de59a2e91996b67c2e2b44989a6b0f562577fd757
0.9522403662084022,1.0,1.0,1.0,0.7318548387096775,1.0,0.625,1,BlackBasta-e28188e516db1bda9015c30de59a2e91996b67c2e2b44989a6b0f562577fd757
0.9522403662084022,1.0,1.0,1.0,0.7329317269076305,1.0,0.625,1,BlackBasta-e28188e516db1bda9015c30de59a2e91996b67c2e2b44989a6b0f562577fd757
0.9522403662084022,1.0,1.0,1.0,0.734,1.0,0.625,1,BlackBasta-e28188e516db1bda9015c30de59a2e91996b67c2e2b44989a6b0f562577fd757
0.9522403662084022,1.0,1.0,1.0,0.7350597609561753,1.0,0.625,1,BlackBasta-e28188e516db1bda9015c30de59a2e91996b67c2e2b44989a6b0f562577fd757
0.12166030539661564,1.0,1.0,1.0,0.7361111111111112,1.0,0.625,1,BlackBasta-e28188e516db1bda9015c30de59a2e91996b67c2e2b44989a6b0f562577fd757
0.9609838368035016,1.0,1.0,1.0,0.7371541501976284,1.0,0.625,1,BlackBasta-e28188e516db1bda9015c30de59a2e91996b67c2e2b44989a6b0f562577fd757
0.9565633707520855,1.0,1.0,1.0,0.7362204724409449,1.0,0.625,1,BlackBasta-e28188e516db1bda9015c30de59a2e91996b67c2e2b44989a6b0f562577fd757
0.13373670235203394,1.0,1.0,1.0,0.7372549019607844,1.0,0.625,1,BlackBasta-e28188e516db1bda9015c30de59a2e91996b67c2e2b44989a6b0f562577fd757
0.12166030539661564,1.0,1.0,1.0,0.73828125,1.0,0.625,1,BlackBasta-e28188e516db1bda9015c30de59a2e91996b67c2e2b44989a6b0f562577fd757
0.9609838368035016,1.0,1.0,1.0,0.7392996108949417,1.0,0.625,1,BlackBasta-e28188e516db1bda9015c30de59a2e91996b67c2e2b44989a6b0f562577fd757
0.12166030539661564,1.0,1.0,1.0,0.7403100775193798,1.0,0.625,1,BlackBasta-e28188e516db1bda9015c30de59a2e91996b67c2e2b44989a6b0f562577fd757
0.12166030539661564,1.0,1.0,1.0,0.7413127413127414,1.0,0.625,1,BlackBasta-e28188e516db1bda9015c30de59a2e91996b67c2e2b44989a6b0f562577fd757
0.9559754880532021,1.0,1.0,1.0,0.7403846153846154,1.0,0.625,1,BlackBasta-e28188e516db1bda9015c30de59a2e91996b67c2e2b44989a6b0f562577fd757
0.12123612128545803,1.0,1.0,1.0,0.7413793103448276,1.0,0.625,1,BlackBasta-e28188e516db1bda9015c30de59a2e91996b67c2e2b44989a6b0f562577fd757
0.9562010519115058,1.0,1.0,1.0,0.7404580152671756,1.0,0.625,1,BlackBasta-e28188e516db1bda9015c30de59a2e91996b67c2e2b44989a6b0f562577fd757
0.12152170025982928,1.0,1.0,1.0,0.7414448669201521,1.0,0.625,1,BlackBasta-e28188e516db1bda9015c30de59a2e91996b67c2e2b44989a6b0f562577fd757
0.1261660874599347,1.0,1.0,1.0,0.7424242424242424,1.0,0.625,1,BlackBasta-e28188e516db1bda9015c30de59a2e91996b67c2e2b44989a6b0f562577fd757
0.9535215959858717,1.0,1.0,1.0,0.7415094339622641,1.0,0.625,1,BlackBasta-e28188e516db1bda9015c30de59a2e91996b67c2e2b44989a6b0f562577fd757
0.7073795726578866,1.0,1.0,1.0,0.7406015037593985,1.0,0.625,1,BlackBasta-e28188e516db1bda9015c30de59a2e91996b67c2e2b44989a6b0f562577fd757
0.9565633707520855,1.0,1.0,1.0,0.7397003745318351,1.0,0.625,1,BlackBasta-e28188e516db1bda9015c30de59a2e91996b67c2e2b44989a6b0f562577fd757
0.11789174607420132,1.0,1.0,1.0,0.7406716417910448,1.0,0.625,1,BlackBasta-e28188e516db1bda9015c30de59a2e91996b67c2e2b44989a6b0f562577fd757
0.1261660874599347,1.0,1.0,1.0,0.741635687732342,1.0,0.625,1,BlackBasta-e28188e516db1bda9015c30de59a2e91996b67c2e2b44989a6b0f562577fd757
0.11789174607420132,1.0,1.0,1.0,0.7425925925925926,1.0,0.625,1,BlackBasta-e28188e516db1bda9015c30de59a2e91996b67c2e2b44989a6b0f562577fd757
0.11789174607420132,1.0,1.0,1.0,0.7435424354243543,1.0,0.625,1,BlackBasta-e28188e516db1bda9015c30de59a2e91996b67c2e2b44989a6b0f562577fd757
0.11789174607420132,1.0,1.0,1.0,0.7444852941176471,1.0,0.625,1,BlackBasta-e28188e516db1bda9015c30de59a2e91996b67c2e2b44989a6b0f562577fd757
0.9579124062168659,1.0,1.0,1.0,0.7435897435897436,1.0,0.625,1,BlackBasta-e28188e516db1bda9015c30de59a2e91996b67c2e2b44989a6b0f562577fd757
0.12152170025982928,1.0,1.0,1.0,0.7445255474452555,1.0,0.625,1,BlackBasta-e28188e516db1bda9015c30de59a2e91996b67c2e2b44989a6b0f562577fd757
0.12152170025982928,1.0,1.0,1.0,0.7454545454545455,1.0,0.625,1,BlackBasta-e28188e516db1bda9015c30de59a2e91996b67c2e2b44989a6b0f562577fd757
0.962504931732775,1.0,1.0,1.0,0.7445652173913043,1.0,0.625,1,BlackBasta-e28188e516db1bda9015c30de59a2e91996b67c2e2b44989a6b0f562577fd757
0.9590237461133853,1.0,1.0,1.0,0.7436823104693141,1.0,0.625,1,BlackBasta-e28188e516db1bda9015c30de59a2e91996b67c2e2b44989a6b0f562577fd757
0.962366158122776,1.0,1.0,1.0,0.7428057553956835,1.0,0.625,1,BlackBasta-e28188e516db1bda9015c30de59a2e91996b67c2e2b44989a6b0f562577fd757
0.9624266187569258,1.0,1.0,1.0,0.7419354838709677,1.0,0.625,1,BlackBasta-e28188e516db1bda9015c30de59a2e91996b67c2e2b44989a6b0f562577fd757
0.9625469641255167,1.0,1.0,1.0,0.7410714285714286,1.0,0.625,1,BlackBasta-e28188e516db1bda9015c30de59a2e91996b67c2e2b44989a6b0f562577fd757
0.9585498816013287,1.0,1.0,1.0,0.7402135231316727,1.0,0.625,1,BlackBasta-e28188e516db1bda9015c30de59a2e91996b67c2e2b44989a6b0f562577fd757
0.9622299541713164,1.0,1.0,1.0,0.7393617021276595,1.0,0.625,1,BlackBasta-e28188e516db1bda9015c30de59a2e91996b67c2e2b44989a6b0f562577fd757
0.11789174607420132,1.0,1.0,1.0,0.7402826855123674,1.0,0.625,1,BlackBasta-e28188e516db1bda9015c30de59a2e91996b67c2e2b44989a6b0f562577fd757
0.11789174607420132,1.0,1.0,1.0,0.7411971830985915,1.0,0.625,1,BlackBasta-e28188e516db1bda9015c30de59a2e91996b67c2e2b44989a6b0f562577fd757
0.11789174607420132,1.0,1.0,1.0,0.7421052631578947,1.0,0.625,1,BlackBasta-e28188e516db1bda9015c30de59a2e91996b67c2e2b44989a6b0f562577fd757
0.11916433407288944,1.0,1.0,1.0,0.743006993006993,1.0,0.625,1,BlackBasta-e28188e516db1bda9015c30de59a2e91996b67c2e2b44989a6b0f562577fd757
0.11789174607420132,1.0,1.0,1.0,0.7439024390243902,1.0,0.625,1,BlackBasta-e28188e516db1bda9015c30de59a2e91996b67c2e2b44989a6b0f562577fd757
0.11789174607420132,1.0,1.0,1.0,0.7447916666666667,1.0,0.625,1,BlackBasta-e28188e516db1bda9015c30de59a2e91996b67c2e2b44989a6b0f562577fd757
0.12267611811853227,1.0,1.0,1.0,0.745674740484429,1.0,0.625,1,BlackBasta-e28188e516db1bda9015c30de59a2e91996b67c2e2b44989a6b0f562577fd757
0.11789174607420132,1.0,1.0,1.0,0.746551724137931,1.0,0.625,1,BlackBasta-e28188e516db1bda9015c30de59a2e91996b67c2e2b44989a6b0f562577fd757
0.11789174607420132,1.0,1.0,1.0,0.7474226804123711,1.0,0.625,1,BlackBasta-e28188e516db1bda9015c30de59a2e91996b67c2e2b44989a6b0f562577fd757
0.11789174607420132,1.0,1.0,1.0,0.7482876712328768,1.0,0.625,1,BlackBasta-e28188e516db1bda9015c30de59a2e91996b67c2e2b44989a6b0f562577fd757
0.11789174607420132,1.0,1.0,1.0,0.7491467576791808,1.0,0.625,1,BlackBasta-e28188e516db1bda9015c30de59a2e91996b67c2e2b44989a6b0f562577fd757
0.9582021828758706,1.0,1.0,1.0,0.7482993197278911,1.0,0.625,1,BlackBasta-e28188e516db1bda9015c30de59a2e91996b67c2e2b44989a6b0f562577fd757
0.958457070378034,1.0,1.0,1.0,0.747457627118644,1.0,0.625,1,BlackBasta-e28188e516db1bda9015c30de59a2e91996b67c2e2b44989a6b0f562577fd757
0.9617933148700206,1.0,1.0,1.0,0.7466216216216216,1.0,0.625,1,BlackBasta-e28188e516db1bda9015c30de59a2e91996b67c2e2b44989a6b0f562577fd757
0.9629820367455615,1.0,1.0,1.0,0.7457912457912458,1.0,0.625,1,BlackBasta-e28188e516db1bda9015c30de59a2e91996b67c2e2b44989a6b0f562577fd757
0.9603594804966432,1.0,1.0,1.0,0.7449664429530201,1.0,0.625,1,BlackBasta-e28188e516db1bda9015c30de59a2e91996b67c2e2b44989a6b0f562577fd757
0.9522403662084022,1.0,1.0,1.0,0.745819397993311,1.0,0.625,1,BlackBasta-e28188e516db1bda9015c30de59a2e91996b67c2e2b44989a6b0f562577fd757
0.9612933148700206,1.0,1.0,1.0,0.745,1.0,0.625,1,BlackBasta-e28188e516db1bda9015c30de59a2e91996b67c2e2b44989a6b0f562577fd757
0.9565633707520855,1.0,1.0,1.0,0.7441860465116279,1.0,0.625,1,BlackBasta-e28188e516db1bda9015c30de59a2e91996b67c2e2b44989a6b0f562577fd757
0.9522403662084022,1.0,1.0,1.0,0.7450331125827814,1.0,0.625,1,BlackBasta-e28188e516db1bda9015c30de59a2e91996b67c2e2b44989a6b0f562577fd757
0.9604820367455614,1.0,1.0,1.0,0.7442244224422443,1.0,0.625,1,BlackBasta-e28188e516db1bda9015c30de59a2e91996b67c2e2b44989a6b0f562577fd757
0.9614820367455614,1.0,1.0,1.0,0.743421052631579,1.0,0.625,1,BlackBasta-e28188e516db1bda9015c30de59a2e91996b67c2e2b44989a6b0f562577fd757
0.9599820367455615,1.0,1.0,1.0,0.7426229508196721,1.0,0.625,1,BlackBasta-e28188e516db1bda9015c30de59a2e91996b67c2e2b44989a6b0f562577fd757
0.9617933148700206,1.0,1.0,1.0,0.7418300653594772,1.0,0.625,1,BlackBasta-e28188e516db1bda9015c30de59a2e91996b67c2e2b44989a6b0f562577fd757
0.9596707586211024,1.0,1.0,1.0,0.741042345276873,1.0,0.625,1,BlackBasta-e28188e516db1bda9015c30de59a2e91996b67c2e2b44989a6b0f562577fd757
0.9594820367455614,1.0,1.0,1.0,0.7402597402597403,1.0,0.625,1,BlackBasta-e28188e516db1bda9015c30de59a2e91996b67c2e2b44989a6b0f562577fd757
0.9597933148700206,1.0,1.0,1.0,0.7394822006472492,1.0,0.625,1,BlackBasta-e28188e516db1bda9015c30de59a2e91996b67c2e2b44989a6b0f562577fd757
0.9594820367455614,1.0,1.0,1.0,0.7387096774193549,1.0,0.625,1,BlackBasta-e28188e516db1bda9015c30de59a2e91996b67c2e2b44989a6b0f562577fd757
0.9626707586211023,1.0,1.0,1.0,0.7379421221864952,1.0,0.625,1,BlackBasta-e28188e516db1bda9015c30de59a2e91996b67c2e2b44989a6b0f562577fd757
0.9599820367455615,1.0,1.0,1.0,0.7371794871794872,1.0,0.625,1,BlackBasta-e28188e516db1bda9015c30de59a2e91996b67c2e2b44989a6b0f562577fd757
0.9619530917997844,1.0,1.0,1.0,0.7364217252396166,1.0,0.625,1,BlackBasta-e28188e516db1bda9015c30de59a2e91996b67c2e2b44989a6b0f562577fd757
0.9628749335935031,1.0,1.0,1.0,0.7356687898089171,1.0,0.625,1,BlackBasta-e28188e516db1bda9015c30de59a2e91996b67c2e2b44989a6b0f562577fd757
0.9644095028270836,1.0,1.0,1.0,0.734920634920635,1.0,0.625,1,BlackBasta-e28188e516db1bda9015c30de59a2e91996b67c2e2b44989a6b0f562577fd757
0.9650627525038766,1.0,1.0,1.0,0.7341772151898734,1.0,0.625,1,BlackBasta-e28188e516db1bda9015c30de59a2e91996b67c2e2b44989a6b0f562577fd757
0.9647567788581373,1.0,1.0,1.0,0.7334384858044164,1.0,0.625,1,BlackBasta-e28188e516db1bda9015c30de59a2e91996b67c2e2b44989a6b0f562577fd757
0.9565633707520855,1.0,1.0,1.0,0.7327044025157232,1.0,0.625,1,BlackBasta-e28188e516db1bda9015c30de59a2e91996b67c2e2b44989a6b0f562577fd757
0.9627382114668758,1.0,1.0,1.0,0.731974921630094,1.0,0.625,1,BlackBasta-e28188e516db1bda9015c30de59a2e91996b67c2e2b44989a6b0f562577fd757
0.962611105334233,1.0,1.0,1.0,0.73125,1.0,0.625,1,BlackBasta-e28188e516db1bda9015c30de59a2e91996b67c2e2b44989a6b0f562577fd757
0.961998402910513,1.0,1.0,1.0,0.7305295950155763,1.0,0.625,1,BlackBasta-e28188e516db1bda9015c30de59a2e91996b67c2e2b44989a6b0f562577fd757
0.9614863787341331,1.0,1.0,1.0,0.7298136645962733,1.0,0.625,1,BlackBasta-e28188e516db1bda9015c30de59a2e91996b67c2e2b44989a6b0f562577fd757
0.9623447390741031,1.0,1.0,1.0,0.7291021671826625,1.0,0.625,1,BlackBasta-e28188e516db1bda9015c30de59a2e91996b67c2e2b44989a6b0f562577fd757
0.9622376021518455,1.0,1.0,1.0,0.7283950617283951,1.0,0.625,1,BlackBasta-e28188e516db1bda9015c30de59a2e91996b67c2e2b44989a6b0f562577fd757
0.9624041654624257,1.0,1.0,1.0,0.7276923076923076,1.0,0.625,1,BlackBasta-e28188e516db1bda9015c30de59a2e91996b67c2e2b44989a6b0f562577fd757
0.9620635531625791,1.0,1.0,1.0,0.7269938650306749,1.0,0.625,1,BlackBasta-e28188e516db1bda9015c30de59a2e91996b67c2e2b44989a6b0f562577fd757
0.9623545599266009,1.0,1.0,1.0,0.7262996941896025,1.0,0.625,1,BlackBasta-e28188e516db1bda9015c30de59a2e91996b67c2e2b44989a6b0f562577fd757
0.9623567406375421,1.0,1.0,1.0,0.725609756097561,1.0,0.625,1,BlackBasta-e28188e516db1bda9015c30de59a2e91996b67c2e2b44989a6b0f562577fd757
0.9628749335935031,1.0,1.0,1.0,0.7264437689969605,1.0,0.625,1,BlackBasta-e28188e516db1bda9015c30de59a2e91996b67c2e2b44989a6b0f562577fd757
0.9553418541564965,1.0,1.0,1.0,0.7257575757575758,1.0,0.625,1,BlackBasta-e28188e516db1bda9015c30de59a2e91996b67c2e2b44989a6b0f562577fd757
0.9588190547693247,1.0,1.0,1.0,0.7250755287009063,1.0,0.625,1,BlackBasta-e28188e516db1bda9015c30de59a2e91996b67c2e2b44989a6b0f562577fd757
0.96264128335905,1.0,1.0,1.0,0.7243975903614458,1.0,0.625,1,BlackBasta-e28188e516db1bda9015c30de59a2e91996b67c2e2b44989a6b0f562577fd757
0.11789174607420132,1.0,1.0,1.0,0.7252252252252251,1.0,0.625,1,BlackBasta-e28188e516db1bda9015c30de59a2e91996b67c2e2b44989a6b0f562577fd757
0.11789174607420132,1.0,1.0,1.0,0.7260479041916168,1.0,0.625,1,BlackBasta-e28188e516db1bda9015c30de59a2e91996b67c2e2b44989a6b0f562577fd757
0.11789174607420132,1.0,1.0,1.0,0.7268656716417911,1.0,0.625,1,BlackBasta-e28188e516db1bda9015c30de59a2e91996b67c2e2b44989a6b0f562577fd757
0.11789174607420132,1.0,1.0,1.0,0.7276785714285714,1.0,0.625,1,BlackBasta-e28188e516db1bda9015c30de59a2e91996b67c2e2b44989a6b0f562577fd757
0.11789174607420132,1.0,1.0,1.0,0.728486646884273,1.0,0.625,1,BlackBasta-e28188e516db1bda9015c30de59a2e91996b67c2e2b44989a6b0f562577fd757
0.11789174607420132,1.0,1.0,1.0,0.7292899408284024,1.0,0.625,1,BlackBasta-e28188e516db1bda9015c30de59a2e91996b67c2e2b44989a6b0f562577fd757
0.11789174607420132,1.0,1.0,1.0,0.7300884955752213,1.0,0.625,1,BlackBasta-e28188e516db1bda9015c30de59a2e91996b67c2e2b44989a6b0f562577fd757
0.11789174607420132,1.0,1.0,1.0,0.7308823529411765,1.0,0.625,1,BlackBasta-e28188e516db1bda9015c30de59a2e91996b67c2e2b44989a6b0f562577fd757
0.11789174607420132,1.0,1.0,1.0,0.7316715542521994,1.0,0.625,1,BlackBasta-e28188e516db1bda9015c30de59a2e91996b67c2e2b44989a6b0f562577fd757
0.11789174607420132,1.0,1.0,1.0,0.7324561403508771,1.0,0.625,1,BlackBasta-e28188e516db1bda9015c30de59a2e91996b67c2e2b44989a6b0f562577fd757
0.11789174607420132,1.0,1.0,1.0,0.7332361516034985,1.0,0.625,1,BlackBasta-e28188e516db1bda9015c30de59a2e91996b67c2e2b44989a6b0f562577fd757
0.11789174607420132,1.0,1.0,1.0,0.7340116279069768,1.0,0.625,1,BlackBasta-e28188e516db1bda9015c30de59a2e91996b67c2e2b44989a6b0f562577fd757
0.11789174607420132,1.0,1.0,1.0,0.7347826086956522,1.0,0.625,1,BlackBasta-e28188e516db1bda9015c30de59a2e91996b67c2e2b44989a6b0f562577fd757
0.11789174607420132,1.0,1.0,1.0,0.7355491329479769,1.0,0.625,1,BlackBasta-e28188e516db1bda9015c30de59a2e91996b67c2e2b44989a6b0f562577fd757
0.11789174607420132,1.0,1.0,1.0,0.7363112391930835,1.0,0.625,1,BlackBasta-e28188e516db1bda9015c30de59a2e91996b67c2e2b44989a6b0f562577fd757
0.11789174607420132,1.0,1.0,1.0,0.7370689655172413,1.0,0.625,1,BlackBasta-e28188e516db1bda9015c30de59a2e91996b67c2e2b44989a6b0f562577fd757
0.11789174607420132,1.0,1.0,1.0,0.7378223495702005,1.0,0.625,1,BlackBasta-e28188e516db1bda9015c30de59a2e91996b67c2e2b44989a6b0f562577fd757
0.11789174607420132,1.0,1.0,1.0,0.7385714285714285,1.0,0.625,1,BlackBasta-e28188e516db1bda9015c30de59a2e91996b67c2e2b44989a6b0f562577fd757
0.11789174607420132,1.0,1.0,1.0,0.7393162393162394,1.0,0.625,1,BlackBasta-e28188e516db1bda9015c30de59a2e91996b67c2e2b44989a6b0f562577fd757
0.11789174607420132,1.0,1.0,1.0,0.7400568181818181,1.0,0.625,1,BlackBasta-e28188e516db1bda9015c30de59a2e91996b67c2e2b44989a6b0f562577fd757
0.11789174607420132,1.0,1.0,1.0,0.7407932011331444,1.0,0.625,1,BlackBasta-e28188e516db1bda9015c30de59a2e91996b67c2e2b44989a6b0f562577fd757
0.11789174607420132,1.0,1.0,1.0,0.7415254237288136,1.0,0.625,1,BlackBasta-e28188e516db1bda9015c30de59a2e91996b67c2e2b44989a6b0f562577fd757
0.11789174607420132,1.0,1.0,1.0,0.7422535211267606,1.0,0.625,1,BlackBasta-e28188e516db1bda9015c30de59a2e91996b67c2e2b44989a6b0f562577fd757
0.11789174607420132,1.0,1.0,1.0,0.7429775280898876,1.0,0.625,1,BlackBasta-e28188e516db1bda9015c30de59a2e91996b67c2e2b44989a6b0f562577fd757
0.11789174607420132,1.0,1.0,1.0,0.7436974789915967,1.0,0.625,1,BlackBasta-e28188e516db1bda9015c30de59a2e91996b67c2e2b44989a6b0f562577fd757
0.11789174607420132,1.0,1.0,1.0,0.744413407821229,1.0,0.625,1,BlackBasta-e28188e516db1bda9015c30de59a2e91996b67c2e2b44989a6b0f562577fd757
0.11789174607420132,1.0,1.0,1.0,0.7451253481894151,1.0,0.625,1,BlackBasta-e28188e516db1bda9015c30de59a2e91996b67c2e2b44989a6b0f562577fd757
0.11789174607420132,1.0,1.0,1.0,0.7458333333333333,1.0,0.625,1,BlackBasta-e28188e516db1bda9015c30de59a2e91996b67c2e2b44989a6b0f562577fd757
0.11789174607420132,1.0,1.0,1.0,0.7465373961218836,1.0,0.625,1,BlackBasta-e28188e516db1bda9015c30de59a2e91996b67c2e2b44989a6b0f562577fd757
0.11789174607420132,1.0,1.0,1.0,0.7472375690607735,1.0,0.625,1,BlackBasta-e28188e516db1bda9015c30de59a2e91996b67c2e2b44989a6b0f562577fd757
0.11789174607420132,1.0,1.0,1.0,0.7479338842975207,1.0,0.625,1,BlackBasta-e28188e516db1bda9015c30de59a2e91996b67c2e2b44989a6b0f562577fd757
0.11789174607420132,1.0,1.0,1.0,0.7486263736263736,1.0,0.625,1,BlackBasta-e28188e516db1bda9015c30de59a2e91996b67c2e2b44989a6b0f562577fd757
0.11789174607420132,1.0,1.0,1.0,0.7493150684931507,1.0,0.625,1,BlackBasta-e28188e516db1bda9015c30de59a2e91996b67c2e2b44989a6b0f562577fd757
0.11789174607420132,1.0,1.0,1.0,0.75,1.0,0.625,1,BlackBasta-e28188e516db1bda9015c30de59a2e91996b67c2e2b44989a6b0f562577fd757
0.11789174607420132,1.0,1.0,1.0,0.7506811989100818,1.0,0.625,1,BlackBasta-e28188e516db1bda9015c30de59a2e91996b67c2e2b44989a6b0f562577fd757
0.11789174607420132,1.0,1.0,1.0,0.751358695652174,1.0,0.625,1,BlackBasta-e28188e516db1bda9015c30de59a2e91996b67c2e2b44989a6b0f562577fd757
0.11789174607420132,1.0,1.0,1.0,0.7520325203252033,1.0,0.625,1,BlackBasta-e28188e516db1bda9015c30de59a2e91996b67c2e2b44989a6b0f562577fd757
0.11789174607420132,1.0,1.0,1.0,0.7527027027027027,1.0,0.625,1,BlackBasta-e28188e516db1bda9015c30de59a2e91996b67c2e2b44989a6b0f562577fd757
0.11789174607420132,1.0,1.0,1.0,0.7533692722371967,1.0,0.625,1,BlackBasta-e28188e516db1bda9015c30de59a2e91996b67c2e2b44989a6b0f562577fd757
0.11789174607420132,1.0,1.0,1.0,0.7540322580645161,1.0,0.625,1,BlackBasta-e28188e516db1bda9015c30de59a2e91996b67c2e2b44989a6b0f562577fd757
0.11789174607420132,1.0,1.0,1.0,0.7546916890080428,1.0,0.625,1,BlackBasta-e28188e516db1bda9015c30de59a2e91996b67c2e2b44989a6b0f562577fd757
0.11789174607420132,1.0,1.0,1.0,0.7553475935828877,1.0,0.625,1,BlackBasta-e28188e516db1bda9015c30de59a2e91996b67c2e2b44989a6b0f562577fd757
0.11789174607420132,1.0,1.0,1.0,0.756,1.0,0.625,1,BlackBasta-e28188e516db1bda9015c30de59a2e91996b67c2e2b44989a6b0f562577fd757
0.11789174607420132,1.0,1.0,1.0,0.7566489361702128,1.0,0.625,1,BlackBasta-e28188e516db1bda9015c30de59a2e91996b67c2e2b44989a6b0f562577fd757
0.11789174607420132,1.0,1.0,1.0,0.7572944297082228,1.0,0.625,1,BlackBasta-e28188e516db1bda9015c30de59a2e91996b67c2e2b44989a6b0f562577fd757
0.11789174607420132,1.0,1.0,1.0,0.7579365079365079,1.0,0.625,1,BlackBasta-e28188e516db1bda9015c30de59a2e91996b67c2e2b44989a6b0f562577fd757
0.11789174607420132,1.0,1.0,1.0,0.758575197889182,1.0,0.625,1,BlackBasta-e28188e516db1bda9015c30de59a2e91996b67c2e2b44989a6b0f562577fd757
0.11789174607420132,1.0,1.0,1.0,0.7592105263157894,1.0,0.625,1,BlackBasta-e28188e516db1bda9015c30de59a2e91996b67c2e2b44989a6b0f562577fd757
0.11789174607420132,1.0,1.0,1.0,0.7598425196850394,1.0,0.625,1,BlackBasta-e28188e516db1bda9015c30de59a2e91996b67c2e2b44989a6b0f562577fd757
0.11789174607420132,1.0,1.0,1.0,0.7604712041884817,1.0,0.625,1,BlackBasta-e28188e516db1bda9015c30de59a2e91996b67c2e2b44989a6b0f562577fd757
0.11789174607420132,1.0,1.0,1.0,0.7610966057441253,1.0,0.625,1,BlackBasta-e28188e516db1bda9015c30de59a2e91996b67c2e2b44989a6b0f562577fd757
0.11789174607420132,1.0,1.0,1.0,0.76171875,1.0,0.625,1,BlackBasta-e28188e516db1bda9015c30de59a2e91996b67c2e2b44989a6b0f562577fd757
0.11789174607420132,1.0,1.0,1.0,0.7623376623376623,1.0,0.625,1,BlackBasta-e28188e516db1bda9015c30de59a2e91996b67c2e2b44989a6b0f562577fd757
0.9554737961334894,1.0,1.0,1.0,0.7616580310880829,1.0,0.625,1,BlackBasta-e28188e516db1bda9015c30de59a2e91996b67c2e2b44989a6b0f562577fd757
0.9553418541564965,1.0,1.0,1.0,0.7622739018087855,1.0,0.625,1,BlackBasta-e28188e516db1bda9015c30de59a2e91996b67c2e2b44989a6b0f562577fd757
0.9633358870733094,1.0,1.0,1.0,0.7615979381443299,1.0,0.625,1,BlackBasta-e28188e516db1bda9015c30de59a2e91996b67c2e2b44989a6b0f562577fd757
0.9633358870733094,1.0,1.0,1.0,0.7622107969151671,1.0,0.625,1,BlackBasta-e28188e516db1bda9015c30de59a2e91996b67c2e2b44989a6b0f562577fd757
0.9560642969292299,1.0,1.0,1.0,0.7615384615384615,1.0,0.625,1,BlackBasta-e28188e516db1bda9015c30de59a2e91996b67c2e2b44989a6b0f562577fd757
0.9637707441739657,1.0,1.0,1.0,0.7608695652173914,1.0,0.625,1,BlackBasta-e28188e516db1bda9015c30de59a2e91996b67c2e2b44989a6b0f562577fd757
0.9637707441739657,1.0,1.0,1.0,0.7614795918367347,1.0,0.625,1,BlackBasta-e28188e516db1bda9015c30de59a2e91996b67c2e2b44989a6b0f562577fd757
0.9553418541564965,1.0,1.0,1.0,0.7620865139949109,1.0,0.625,1,BlackBasta-e28188e516db1bda9015c30de59a2e91996b67c2e2b44989a6b0f562577fd757
0.9554737961334894,1.0,1.0,1.0,0.7626903553299492,1.0,0.625,1,BlackBasta-e28188e516db1bda9015c30de59a2e91996b67c2e2b44989a6b0f562577fd757
0.11789174607420132,1.0,1.0,1.0,0.7632911392405063,1.0,0.625,1,BlackBasta-e28188e516db1bda9015c30de59a2e91996b67c2e2b44989a6b0f562577fd757
0.9576164084102663,1.0,1.0,1.0,0.7626262626262627,1.0,0.625,1,BlackBasta-e28188e516db1bda9015c30de59a2e91996b67c2e2b44989a6b0f562577fd757
0.9618638926397027,1.0,1.0,1.0,0.7619647355163728,1.0,0.625,1,BlackBasta-e28188e516db1bda9015c30de59a2e91996b67c2e2b44989a6b0f562577fd757
0.11789174607420132,1.0,1.0,1.0,0.7625628140703518,1.0,0.625,1,BlackBasta-e28188e516db1bda9015c30de59a2e91996b67c2e2b44989a6b0f562577fd757
0.11789174607420132,1.0,1.0,1.0,0.7631578947368421,1.0,0.625,1,BlackBasta-e28188e516db1bda9015c30de59a2e91996b67c2e2b44989a6b0f562577fd757
0.11789174607420132,1.0,1.0,1.0,0.76375,1.0,0.625,1,BlackBasta-e28188e516db1bda9015c30de59a2e91996b67c2e2b44989a6b0f562577fd757
0.4553884431277716,1.0,0.02,0.05,0.8,0.0,0.625,1,CyberVolk-1363c8871061ff83ed3dd0fe025b274442d5c30898c02bdfd4981717f4f33b44
0.11789174607420132,1.0,0.04,0.1,0.5,0.04960159612028318,0.625,1,CyberVolk-1363c8871061ff83ed3dd0fe025b274442d5c30898c02bdfd4981717f4f33b44
0.13646075659328394,1.0,0.06,0.15,0.5,0.098807962873877,0.625,1,CyberVolk-1363c8871061ff83ed3dd0fe025b274442d5c30898c02bdfd4981717f4f33b44
0.13646075659328394,1.0,0.06,0.15,0.625,0.14762224947904282,0.625,1,CyberVolk-1363c8871061ff83ed3dd0fe025b274442d5c30898c02bdfd4981717f4f33b44
0.13646075659328394,1.0,0.06,0.15,0.7,0.19604758006082648,0.625,1,CyberVolk-1363c8871061ff83ed3dd0fe025b274442d5c30898c02bdfd4981717f4f33b44
0.13646075659328394,0.940570664593482,0.06,0.15,0.75,0.24408705385100307,0.625,1,CyberVolk-1363c8871061ff83ed3dd0fe025b274442d5c30898c02bdfd4981717f4f33b44
0.13646075659328394,0.8371497968381268,0.06,0.15,0.7857142857142857,0.2917437453864285,0.625,1,CyberVolk-1363c8871061ff83ed3dd0fe025b274442d5c30898c02bdfd4981717f4f33b44
0.13646075659328394,0.7606302438783997,0.06,0.15,0.8125,0.33902070470581025,0.625,1,CyberVolk-1363c8871061ff83ed3dd0fe025b274442d5c30898c02bdfd4981717f4f33b44
0.4403896107170242,0.6733819822908982,0.08,0.2,0.7777777777777778,0.38592095754491085,0.625,1,CyberVolk-1363c8871061ff83ed3dd0fe025b274442d5c30898c02bdfd4981717f4f33b44
0.9526572648577314,0.6134970829057309,0.1,0.25,0.75,0.4324475055301956,0.625,1,CyberVolk-1363c8871061ff83ed3dd0fe025b274442d5c30898c02bdfd4981717f4f33b44
0.13646075659328394,0.755369312456646,0.1,0.25,0.7727272727272727,0.47860332637093694,0.625,1,CyberVolk-1363c8871061ff83ed3dd0fe025b274442d5c30898c02bdfd4981717f4f33b44
0.9581879455194844,0.7095422435511114,0.12,0.3,0.75,0.524391374049789,0.625,1,CyberVolk-1363c8871061ff83ed3dd0fe025b274442d5c30898c02bdfd4981717f4f33b44
0.13646075659328394,0.8202637472566187,0.12,0.3,0.7692307692307692,0.5698145790118427,0.625,1,CyberVolk-1363c8871061ff83ed3dd0fe025b274442d5c30898c02bdfd4981717f4f33b44
0.9611266998197971,0.7889805416860523,0.14,0.35,0.75,0.6148757310739256,0.625,1,CyberVolk-1363c8871061ff83ed3dd0fe025b274442d5c30898c02bdfd4981717f4f33b44
0.952016418237629,0.732368068694009,0.16,0.4,0.7333333333333334,0.6595779496581373,0.625,1,CyberVolk-1363c8871061ff83ed3dd0fe025b274442d5c30898c02bdfd4981717f4f33b44
0.9614195764056587,0.679636609500105,0.18,0.45,0.71875,0.7039239774960311,0.625,1,CyberVolk-1363c8871061ff83ed3dd0fe025b274442d5c30898c02bdfd4981717f4f33b44
0.4454424359556231,0.7637080910796258,0.2,0.5,0.7058823529411764,0.7479166527431119,0.625,1,CyberVolk-1363c8871061ff83ed3dd0fe025b274442d5c30898c02bdfd4981717f4f33b44
0.9599802314341889,0.8379665588883431,0.22,0.55,0.6944444444444444,0.7915587909402417,0.625,1,CyberVolk-1363c8871061ff83ed3dd0fe025b274442d5c30898c02bdfd4981717f4f33b44
0.9616841299347422,0.790538222384199,0.24,0.6,0.6842105263157895,0.8348531851938338,0.625,1,CyberVolk-1363c8871061ff83ed3dd0fe025b274442d5c30898c02bdfd4981717f4f33b44
0.9589840226395235,0.7487880601033554,0.26,0.65,0.675,0.8778026063546134,0.625,1,CyberVolk-1363c8871061ff83ed3dd0fe025b274442d5c30898c02bdfd4981717f4f33b44
0.9605752189998135,0.718941687104694,0.28,0.7,0.6666666666666667,0.9204098031949522,0.625,1,CyberVolk-1363c8871061ff83ed3dd0fe025b274442d5c30898c02bdfd4981717f4f33b44
0.9597260315039128,0.6926918406108368,0.3,0.75,0.6590909090909092,0.9626775025847902,0.625,1,CyberVolk-1363c8871061ff83ed3dd0fe025b274442d5c30898c02bdfd4981717f4f33b44
0.5134436451627673,0.7523181057461552,0.32,0.8,0.6521739130434783,1.0,0.625,1,CyberVolk-1363c8871061ff83ed3dd0fe025b274442d5c30898c02bdfd4981717f4f33b44
0.9610031385695106,0.721067684658163,0.34,0.85,0.6458333333333333,1.0,0.625,1,CyberVolk-1363c8871061ff83ed3dd0fe025b274442d5c30898c02bdfd4981717f4f33b44
0.9603200142962,0.6907890703503727,0.36,0.9,0.64,1.0,0.625,1,CyberVolk-1363c8871061ff83ed3dd0fe025b274442d5c30898c02bdfd4981717f4f33b44
0.961077043869105,0.6618766285533485,0.38,0.95,0.6346153846153846,1.0,0.625,1,CyberVolk-1363c8871061ff83ed3dd0fe025b274442d5c30898c02bdfd4981717f4f33b44
0.9605610638328764,0.6430211555142041,0.4,1.0,0.6296296296296297,1.0,0.625,1,CyberVolk-1363c8871061ff83ed3dd0fe025b274442d5c30898c02bdfd4981717f4f33b44
0.9600727421574932,0.6927397417755392,0.42,1.0,0.625,1.0,0.625,1,CyberVolk-1363c8871061ff83ed3dd0fe025b274442d5c30898c02bdfd4981717f4f33b44
0.9590865888762306,0.7457482853467818,0.44,1.0,0.6206896551724138,1.0,0.625,1,CyberVolk-1363c8871061ff83ed3dd0fe025b274442d5c30898c02bdfd4981717f4f33b44
0.9606745463027297,0.7883904184121493,0.46,1.0,0.6166666666666667,1.0,0.625,1,CyberVolk-1363c8871061ff83ed3dd0fe025b274442d5c30898c02bdfd4981717f4f33b44
0.959837044371878,0.8370130022069583,0.48,1.0,0.6129032258064516,1.0,0.625,1,CyberVolk-1363c8871061ff83ed3dd0fe025b274442d5c30898c02bdfd4981717f4f33b44
0.9611103669078861,0.8800921963757575,0.5,1.0,0.609375,1.0,0.625,1,CyberVolk-1363c8871061ff83ed3dd0fe025b274442d5c30898c02bdfd4981717f4f33b44
0.9604409898574441,0.9143633024003412,0.52,1.0,0.6060606060606061,1.0,0.625,1,CyberVolk-1363c8871061ff83ed3dd0fe025b274442d5c30898c02bdfd4981717f4f33b44
0.9603178401967088,0.9523721941822281,0.54,1.0,0.6029411764705883,1.0,0.625,1,CyberVolk-1363c8871061ff83ed3dd0fe025b274442d5c30898c02bdfd4981717f4f33b44
0.9593583280066653,0.9902447155336679,0.56,1.0,0.6,1.0,0.625,1,CyberVolk-1363c8871061ff83ed3dd0fe025b274442d5c30898c02bdfd4981717f4f33b44
0.9609377041974665,1.0,0.58,1.0,0.5972222222222222,1.0,0.625,1,CyberVolk-1363c8871061ff83ed3dd0fe025b274442d5c30898c02bdfd4981717f4f33b44
0.9601311620189369,1.0,0.6,1.0,0.5945945945945945,1.0,0.625,1,CyberVolk-1363c8871061ff83ed3dd0fe025b274442d5c30898c02bdfd4981717f4f33b44
0.4553884431277716,1.0,0.6,1.0,0.6052631578947368,1.0,0.625,1,CyberVolk-1363c8871061ff83ed3dd0fe025b274442d5c30898c02bdfd4981717f4f33b44
0.4403896107170242,1.0,0.6,1.0,0.6153846153846154,1.0,0.625,1,CyberVolk-1363c8871061ff83ed3dd0fe025b274442d5c30898c02bdfd4981717f4f33b44
0.961394457816977,1.0,0.62,1.0,0.6125,1.0,0.625,1,CyberVolk-1363c8871061ff83ed3dd0fe025b274442d5c30898c02bdfd4981717f4f33b44
0.9607615026779569,1.0,0.64,1.0,0.6097560975609756,1.0,0.625,1,CyberVolk-1363c8871061ff83ed3dd0fe025b274442d5c30898c02bdfd4981717f4f33b44
0.4454424359556231,1.0,0.64,1.0,0.6190476190476191,1.0,0.625,1,CyberVolk-1363c8871061ff83ed3dd0fe025b274442d5c30898c02bdfd4981717f4f33b44
0.9616841299347422,1.0,0.64,1.0,0.627906976744186,1.0,0.625,1,CyberVolk-1363c8871061ff83ed3dd0fe025b274442d5c30898c02bdfd4981717f4f33b44
0.9603178401967088,1.0,0.66,1.0,0.625,1.0,0.625,1,CyberVolk-1363c8871061ff83ed3dd0fe025b274442d5c30898c02bdfd4981717f4f33b44
0.9593583280066653,1.0,0.68,1.0,0.6222222222222222,1.0,0.625,1,CyberVolk-1363c8871061ff83ed3dd0fe025b274442d5c30898c02bdfd4981717f4f33b44
0.5134436451627673,1.0,0.68,1.0,0.6304347826086957,1.0,0.625,1,CyberVolk-1363c8871061ff83ed3dd0fe025b274442d5c30898c02bdfd4981717f4f33b44
0.9609377041974665,1.0,0.7,1.0,0.6276595744680851,1.0,0.625,1,CyberVolk-1363c8871061ff83ed3dd0fe025b274442d5c30898c02bdfd4981717f4f33b44
0.9601311620189369,1.0,0.72,1.0,0.625,1.0,0.625,1,CyberVolk-1363c8871061ff83ed3dd0fe025b274442d5c30898c02bdfd4981717f4f33b44
0.961394457816977,1.0,0.74,1.0,0.6224489795918368,1.0,0.625,1,CyberVolk-1363c8871061ff83ed3dd0fe025b274442d5c30898c02bdfd4981717f4f33b44
0.9607615026779569,1.0,0.76,1.0,0.62,1.0,0.625,1,CyberVolk-1363c8871061ff83ed3dd0fe025b274442d5c30898c02bdfd4981717f4f33b44
0.9609377041974665,1.0,0.78,1.0,0.6176470588235294,1.0,0.625,1,CyberVolk-1363c8871061ff83ed3dd0fe025b274442d5c30898c02bdfd4981717f4f33b44
0.9601311620189369,1.0,0.8,1.0,0.6153846153846154,1.0,0.625,1,CyberVolk-1363c8871061ff83ed3dd0fe025b274442d5c30898c02bdfd4981717f4f33b44
0.961394457816977,1.0,0.82,1.0,0.6132075471698113,1.0,0.625,1,CyberVolk-1363c8871061ff83ed3dd0fe025b274442d5c30898c02bdfd4981717f4f33b44
0.9607615026779569,1.0,0.84,1.0,0.6111111111111112,1.0,0.625,1,CyberVolk-1363c8871061ff83ed3dd0fe025b274442d5c30898c02bdfd4981717f4f33b44
0.9606745463027297,1.0,0.86,1.0,0.6090909090909091,1.0,0.625,1,CyberVolk-1363c8871061ff83ed3dd0fe025b274442d5c30898c02bdfd4981717f4f33b44
0.959837044371878,1.0,0.88,1.0,0.6071428571428572,1.0,0.625,1,CyberVolk-1363c8871061ff83ed3dd0fe025b274442d5c30898c02bdfd4981717f4f33b44
0.9611103669078861,1.0,0.9,1.0,0.6052631578947368,1.0,0.625,1,CyberVolk-1363c8871061ff83ed3dd0fe025b274442d5c30898c02bdfd4981717f4f33b44
0.9604409898574441,1.0,0.92,1.0,0.603448275862069,1.0,0.625,1,CyberVolk-1363c8871061ff83ed3dd0fe025b274442d5c30898c02bdfd4981717f4f33b44
0.7384144687961454,1.0,0.94,1.0,0.6016949152542372,1.0,0.625,1,CyberVolk-1363c8871061ff83ed3dd0fe025b274442d5c30898c02bdfd4981717f4f33b44
0.9609377041974665,1.0,0.96,1.0,0.6,1.0,0.625,1,CyberVolk-1363c8871061ff83ed3dd0fe025b274442d5c30898c02bdfd4981717f4f33b44
0.9601311620189369,1.0,0.98,1.0,0.5983606557377049,1.0,0.625,1,CyberVolk-1363c8871061ff83ed3dd0fe025b274442d5c30898c02bdfd4981717f4f33b44
0.12152170025982928,1.0,1.0,1.0,0.5967741935483871,1.0,0.625,1,CyberVolk-1363c8871061ff83ed3dd0fe025b274442d5c30898c02bdfd4981717f4f33b44
0.961394457816977,1.0,1.0,1.0,0.5952380952380952,1.0,0.625,1,CyberVolk-1363c8871061ff83ed3dd0fe025b274442d5c30898c02bdfd4981717f4f33b44
0.9607615026779569,1.0,1.0,1.0,0.59375,1.0,0.625,1,CyberVolk-1363c8871061ff83ed3dd0fe025b274442d5c30898c02bdfd4981717f4f33b44
0.9609377041974665,1.0,1.0,1.0,0.5923076923076923,1.0,0.625,1,CyberVolk-1363c8871061ff83ed3dd0fe025b274442d5c30898c02bdfd4981717f4f33b44
0.9601311620189369,1.0,1.0,1.0,0.5909090909090908,1.0,0.625,1,CyberVolk-1363c8871061ff83ed3dd0fe025b274442d5c30898c02bdfd4981717f4f33b44
0.961394457816977,1.0,1.0,1.0,0.5895522388059702,1.0,0.625,1,CyberVolk-1363c8871061ff83ed3dd0fe025b274442d5c30898c02bdfd4981717f4f33b44
0.9607615026779569,1.0,1.0,1.0,0.5882352941176471,1.0,0.625,1,CyberVolk-1363c8871061ff83ed3dd0fe025b274442d5c30898c02bdfd4981717f4f33b44
0.9609377041974665,1.0,1.0,1.0,0.5869565217391304,1.0,0.625,1,CyberVolk-1363c8871061ff83ed3dd0fe025b274442d5c30898c02bdfd4981717f4f33b44
0.9601311620189369,1.0,1.0,1.0,0.5857142857142856,1.0,0.625,1,CyberVolk-1363c8871061ff83ed3dd0fe025b274442d5c30898c02bdfd4981717f4f33b44
0.961394457816977,1.0,1.0,1.0,0.5845070422535211,1.0,0.625,1,CyberVolk-1363c8871061ff83ed3dd0fe025b274442d5c30898c02bdfd4981717f4f33b44
0.9607615026779569,1.0,1.0,1.0,0.5833333333333333,1.0,0.625,1,CyberVolk-1363c8871061ff83ed3dd0fe025b274442d5c30898c02bdfd4981717f4f33b44
0.9609377041974665,1.0,1.0,1.0,0.5821917808219178,1.0,0.625,1,CyberVolk-1363c8871061ff83ed3dd0fe025b274442d5c30898c02bdfd4981717f4f33b44
0.9601311620189369,1.0,1.0,1.0,0.5810810810810811,1.0,0.625,1,CyberVolk-1363c8871061ff83ed3dd0fe025b274442d5c30898c02bdfd4981717f4f33b44
0.961394457816977,1.0,1.0,1.0,0.5800000000000001,1.0,0.625,1,CyberVolk-1363c8871061ff83ed3dd0fe025b274442d5c30898c02bdfd4981717f4f33b44
0.9607615026779569,1.0,1.0,1.0,0.5789473684210527,1.0,0.625,1,CyberVolk-1363c8871061ff83ed3dd0fe025b274442d5c30898c02bdfd4981717f4f33b44
0.9599115780794534,1.0,1.0,1.0,0.577922077922078,1.0,0.625,1,CyberVolk-1363c8871061ff83ed3dd0fe025b274442d5c30898c02bdfd4981717f4f33b44
0.9589174322019084,1.0,1.0,1.0,0.5769230769230769,1.0,0.625,1,CyberVolk-1363c8871061ff83ed3dd0fe025b274442d5c30898c02bdfd4981717f4f33b44
0.9605214921764632,1.0,1.0,1.0,0.5759493670886076,1.0,0.625,1,CyberVolk-1363c8871061ff83ed3dd0fe025b274442d5c30898c02bdfd4981717f4f33b44
0.9596798118557265,1.0,1.0,1.0,0.575,1.0,0.625,1,CyberVolk-1363c8871061ff83ed3dd0fe025b274442d5c30898c02bdfd4981717f4f33b44
0.9609659604497521,1.0,1.0,1.0,0.5740740740740741,1.0,0.625,1,CyberVolk-1363c8871061ff83ed3dd0fe025b274442d5c30898c02bdfd4981717f4f33b44
0.9602975596221921,1.0,1.0,1.0,0.5731707317073171,1.0,0.625,1,CyberVolk-1363c8871061ff83ed3dd0fe025b274442d5c30898c02bdfd4981717f4f33b44
0.9610563326767654,1.0,1.0,1.0,0.572289156626506,1.0,0.625,1,CyberVolk-1363c8871061ff83ed3dd0fe025b274442d5c30898c02bdfd4981717f4f33b44
0.9605641956739673,1.0,1.0,1.0,0.5714285714285714,1.0,0.625,1,CyberVolk-1363c8871061ff83ed3dd0fe025b274442d5c30898c02bdfd4981717f4f33b44
0.9605752189998135,1.0,1.0,1.0,0.5705882352941176,1.0,0.625,1,CyberVolk-1363c8871061ff83ed3dd0fe025b274442d5c30898c02bdfd4981717f4f33b44
0.9597260315039128,1.0,1.0,1.0,0.5697674418604651,1.0,0.625,1,CyberVolk-1363c8871061ff83ed3dd0fe025b274442d5c30898c02bdfd4981717f4f33b44
0.9610031385695106,1.0,1.0,1.0,0.5689655172413793,1.0,0.625,1,CyberVolk-1363c8871061ff83ed3dd0fe025b274442d5c30898c02bdfd4981717f4f33b44
0.9603200142962,1.0,1.0,1.0,0.5681818181818181,1.0,0.625,1,CyberVolk-1363c8871061ff83ed3dd0fe025b274442d5c30898c02bdfd4981717f4f33b44
0.9609377041974665,1.0,1.0,1.0,0.5674157303370786,1.0,0.625,1,CyberVolk-1363c8871061ff83ed3dd0fe025b274442d5c30898c02bdfd4981717f4f33b44
0.9601311620189369,1.0,1.0,1.0,0.5666666666666667,1.0,0.625,1,CyberVolk-1363c8871061ff83ed3dd0fe025b274442d5c30898c02bdfd4981717f4f33b44
0.961394457816977,1.0,1.0,1.0,0.5659340659340659,1.0,0.625,1,CyberVolk-1363c8871061ff83ed3dd0fe025b274442d5c30898c02bdfd4981717f4f33b44
0.4553884431277716,1.0,1.0,1.0,0.5706521739130435,1.0,0.625,1,CyberVolk-1363c8871061ff83ed3dd0fe025b274442d5c30898c02bdfd4981717f4f33b44
0.9607615026779569,1.0,1.0,1.0,0.5698924731182795,1.0,0.625,1,CyberVolk-1363c8871061ff83ed3dd0fe025b274442d5c30898c02bdfd4981717f4f33b44
0.4403896107170242,1.0,1.0,1.0,0.574468085106383,1.0,0.625,1,CyberVolk-1363c8871061ff83ed3dd0fe025b274442d5c30898c02bdfd4981717f4f33b44
0.9606745463027297,1.0,1.0,1.0,0.5736842105263158,1.0,0.625,1,CyberVolk-1363c8871061ff83ed3dd0fe025b274442d5c30898c02bdfd4981717f4f33b44
0.959837044371878,1.0,1.0,1.0,0.5729166666666667,1.0,0.625,1,CyberVolk-1363c8871061ff83ed3dd0fe025b274442d5c30898c02bdfd4981717f4f33b44
0.9611103669078861,1.0,1.0,1.0,0.5721649484536082,1.0,0.625,1,CyberVolk-1363c8871061ff83ed3dd0fe025b274442d5c30898c02bdfd4981717f4f33b44
0.4454424359556231,1.0,1.0,1.0,0.5765306122448979,1.0,0.625,1,CyberVolk-1363c8871061ff83ed3dd0fe025b274442d5c30898c02bdfd4981717f4f33b44
0.9604409898574441,1.0,1.0,1.0,0.5757575757575757,1.0,0.625,1,CyberVolk-1363c8871061ff83ed3dd0fe025b274442d5c30898c02bdfd4981717f4f33b44
0.9616841299347422,1.0,1.0,1.0,0.5800000000000001,1.0,0.625,1,CyberVolk-1363c8871061ff83ed3dd0fe025b274442d5c30898c02bdfd4981717f4f33b44
0.9609377041974665,1.0,1.0,1.0,0.5792079207920793,1.0,0.625,1,CyberVolk-1363c8871061ff83ed3dd0fe025b274442d5c30898c02bdfd4981717f4f33b44
0.9601311620189369,1.0,1.0,1.0,0.5784313725490196,1.0,0.625,1,CyberVolk-1363c8871061ff83ed3dd0fe025b274442d5c30898c02bdfd4981717f4f33b44
0.5134436451627673,1.0,1.0,1.0,0.5825242718446602,1.0,0.625,1,CyberVolk-1363c8871061ff83ed3dd0fe025b274442d5c30898c02bdfd4981717f4f33b44
0.961394457816977,1.0,1.0,1.0,0.5817307692307692,1.0,0.625,1,CyberVolk-1363c8871061ff83ed3dd0fe025b274442d5c30898c02bdfd4981717f4f33b44
0.9607615026779569,1.0,1.0,1.0,0.5809523809523809,1.0,0.625,1,CyberVolk-1363c8871061ff83ed3dd0fe025b274442d5c30898c02bdfd4981717f4f33b44
0.9609377041974665,1.0,1.0,1.0,0.5801886792452831,1.0,0.625,1,CyberVolk-1363c8871061ff83ed3dd0fe025b274442d5c30898c02bdfd4981717f4f33b44
0.9601311620189369,1.0,1.0,1.0,0.5794392523364487,1.0,0.625,1,CyberVolk-1363c8871061ff83ed3dd0fe025b274442d5c30898c02bdfd4981717f4f33b44
0.961394457816977,1.0,1.0,1.0,0.5787037037037037,1.0,0.625,1,CyberVolk-1363c8871061ff83ed3dd0fe025b274442d5c30898c02bdfd4981717f4f33b44
0.9607615026779569,1.0,1.0,1.0,0.5779816513761468,1.0,0.625,1,CyberVolk-1363c8871061ff83ed3dd0fe025b274442d5c30898c02bdfd4981717f4f33b44
0.9606745463027297,1.0,1.0,1.0,0.5772727272727273,1.0,0.625,1,CyberVolk-1363c8871061ff83ed3dd0fe025b274442d5c30898c02bdfd4981717f4f33b44
0.959837044371878,1.0,1.0,1.0,0.5765765765765766,1.0,0.625,1,CyberVolk-1363c8871061ff83ed3dd0fe025b274442d5c30898c02bdfd4981717f4f33b44
0.9611103669078861,1.0,1.0,1.0,0.5758928571428572,1.0,0.625,1,CyberVolk-1363c8871061ff83ed3dd0fe025b274442d5c30898c02bdfd4981717f4f33b44
0.9604409898574441,1.0,1.0,1.0,0.5752212389380531,1.0,0.625,1,CyberVolk-1363c8871061ff83ed3dd0fe025b274442d5c30898c02bdfd4981717f4f33b44
0.9609377041974665,1.0,1.0,1.0,0.5745614035087719,1.0,0.625,1,CyberVolk-1363c8871061ff83ed3dd0fe025b274442d5c30898c02bdfd4981717f4f33b44
0.9601311620189369,1.0,1.0,1.0,0.5739130434782609,1.0,0.625,1,CyberVolk-1363c8871061ff83ed3dd0fe025b274442d5c30898c02bdfd4981717f4f33b44
0.961394457816977,1.0,1.0,1.0,0.5732758620689655,1.0,0.625,1,CyberVolk-1363c8871061ff83ed3dd0fe025b274442d5c30898c02bdfd4981717f4f33b44
0.9607615026779569,1.0,1.0,1.0,0.5726495726495726,1.0,0.625,1,CyberVolk-1363c8871061ff83ed3dd0fe025b274442d5c30898c02bdfd4981717f4f33b44
0.9609377041974665,1.0,1.0,1.0,0.5720338983050848,1.0,0.625,1,CyberVolk-1363c8871061ff83ed3dd0fe025b274442d5c30898c02bdfd4981717f4f33b44
0.9601311620189369,1.0,1.0,1.0,0.5714285714285714,1.0,0.625,1,CyberVolk-1363c8871061ff83ed3dd0fe025b274442d5c30898c02bdfd4981717f4f33b44
0.961394457816977,1.0,1.0,1.0,0.5708333333333333,1.0,0.625,1,CyberVolk-1363c8871061ff83ed3dd0fe025b274442d5c30898c02bdfd4981717f4f33b44
0.9607615026779569,1.0,1.0,1.0,0.5702479338842975,1.0,0.625,1,CyberVolk-1363c8871061ff83ed3dd0fe025b274442d5c30898c02bdfd4981717f4f33b44
0.9609377041974665,1.0,1.0,1.0,0.569672131147541,1.0,0.625,1,CyberVolk-1363c8871061ff83ed3dd0fe025b274442d5c30898c02bdfd4981717f4f33b44
0.9601311620189369,1.0,1.0,1.0,0.5691056910569106,1.0,0.625,1,CyberVolk-1363c8871061ff83ed3dd0fe025b274442d5c30898c02bdfd4981717f4f33b44
0.961394457816977,1.0,1.0,1.0,0.5685483870967742,1.0,0.625,1,CyberVolk-1363c8871061ff83ed3dd0fe025b274442d5c30898c02bdfd4981717f4f33b44
0.9607615026779569,1.0,1.0,1.0,0.5680000000000001,1.0,0.625,1,CyberVolk-1363c8871061ff83ed3dd0fe025b274442d5c30898c02bdfd4981717f4f33b44
0.9609377041974665,1.0,1.0,1.0,0.5674603174603174,1.0,0.625,1,CyberVolk-1363c8871061ff83ed3dd0fe025b274442d5c30898c02bdfd4981717f4f33b44
0.9601311620189369,1.0,1.0,1.0,0.5669291338582677,1.0,0.625,1,CyberVolk-1363c8871061ff83ed3dd0fe025b274442d5c30898c02bdfd4981717f4f33b44
0.9599115780794534,1.0,1.0,1.0,0.56640625,1.0,0.625,1,CyberVolk-1363c8871061ff83ed3dd0fe025b274442d5c30898c02bdfd4981717f4f33b44
0.9589174322019084,1.0,1.0,1.0,0.5658914728682171,1.0,0.625,1,CyberVolk-1363c8871061ff83ed3dd0fe025b274442d5c30898c02bdfd4981717f4f33b44
0.7384144687961454,1.0,1.0,1.0,0.5692307692307692,1.0,0.625,1,CyberVolk-1363c8871061ff83ed3dd0fe025b274442d5c30898c02bdfd4981717f4f33b44
0.9605214921764632,1.0,1.0,1.0,0.5687022900763359,1.0,0.625,1,CyberVolk-1363c8871061ff83ed3dd0fe025b274442d5c30898c02bdfd4981717f4f33b44
0.9596798118557265,1.0,1.0,1.0,0.5681818181818181,1.0,0.625,1,CyberVolk-1363c8871061ff83ed3dd0fe025b274442d5c30898c02bdfd4981717f4f33b44
0.9609659604497521,1.0,1.0,1.0,0.5676691729323309,1.0,0.625,1,CyberVolk-1363c8871061ff83ed3dd0fe025b274442d5c30898c02bdfd4981717f4f33b44
0.9602975596221921,1.0,1.0,1.0,0.5671641791044777,1.0,0.625,1,CyberVolk-1363c8871061ff83ed3dd0fe025b274442d5c30898c02bdfd4981717f4f33b44
0.9610563326767654,1.0,1.0,1.0,0.5666666666666667,1.0,0.625,1,CyberVolk-1363c8871061ff83ed3dd0fe025b274442d5c30898c02bdfd4981717f4f33b44
0.9605641956739673,1.0,1.0,1.0,0.5661764705882353,1.0,0.625,1,CyberVolk-1363c8871061ff83ed3dd0fe025b274442d5c30898c02bdfd4981717f4f33b44
0.9605752189998135,1.0,1.0,1.0,0.5656934306569343,1.0,0.625,1,CyberVolk-1363c8871061ff83ed3dd0fe025b274442d5c30898c02bdfd4981717f4f33b44
0.9597260315039128,1.0,1.0,1.0,0.5652173913043479,1.0,0.625,1,CyberVolk-1363c8871061ff83ed3dd0fe025b274442d5c30898c02bdfd4981717f4f33b44
0.9609377041974665,1.0,1.0,1.0,0.564748201438849,1.0,0.625,1,CyberVolk-1363c8871061ff83ed3dd0fe025b274442d5c30898c02bdfd4981717f4f33b44
0.9601311620189369,1.0,1.0,1.0,0.5642857142857143,1.0,0.625,1,CyberVolk-1363c8871061ff83ed3dd0fe025b274442d5c30898c02bdfd4981717f4f33b44
0.9609377041974665,1.0,1.0,1.0,0.5638297872340425,1.0,0.625,1,CyberVolk-1363c8871061ff83ed3dd0fe025b274442d5c30898c02bdfd4981717f4f33b44
0.9601311620189369,1.0,1.0,1.0,0.5633802816901409,1.0,0.625,1,CyberVolk-1363c8871061ff83ed3dd0fe025b274442d5c30898c02bdfd4981717f4f33b44
0.9599115780794534,1.0,1.0,1.0,0.5629370629370629,1.0,0.625,1,CyberVolk-1363c8871061ff83ed3dd0fe025b274442d5c30898c02bdfd4981717f4f33b44
0.9589174322019084,1.0,1.0,1.0,0.5625,1.0,0.625,1,CyberVolk-1363c8871061ff83ed3dd0fe025b274442d5c30898c02bdfd4981717f4f33b44
0.9605214921764632,1.0,1.0,1.0,0.5620689655172414,1.0,0.625,1,CyberVolk-1363c8871061ff83ed3dd0fe025b274442d5c30898c02bdfd4981717f4f33b44
0.9596798118557265,1.0,1.0,1.0,0.5616438356164384,1.0,0.625,1,CyberVolk-1363c8871061ff83ed3dd0fe025b274442d5c30898c02bdfd4981717f4f33b44
0.9609659604497521,1.0,1.0,1.0,0.5612244897959184,1.0,0.625,1,CyberVolk-1363c8871061ff83ed3dd0fe025b274442d5c30898c02bdfd4981717f4f33b44
0.9602975596221921,1.0,1.0,1.0,0.5608108108108107,1.0,0.625,1,CyberVolk-1363c8871061ff83ed3dd0fe025b274442d5c30898c02bdfd4981717f4f33b44
0.4553884431277716,1.0,1.0,1.0,0.563758389261745,1.0,0.625,1,CyberVolk-1363c8871061ff83ed3dd0fe025b274442d5c30898c02bdfd4981717f4f33b44
0.9610563326767654,1.0,1.0,1.0,0.5633333333333334,1.0,0.625,1,CyberVolk-1363c8871061ff83ed3dd0fe025b274442d5c30898c02bdfd4981717f4f33b44
0.4403896107170242,1.0,1.0,1.0,0.5662251655629139,1.0,0.625,1,CyberVolk-1363c8871061ff83ed3dd0fe025b274442d5c30898c02bdfd4981717f4f33b44
0.9605641956739673,1.0,1.0,1.0,0.5657894736842105,1.0,0.625,1,CyberVolk-1363c8871061ff83ed3dd0fe025b274442d5c30898c02bdfd4981717f4f33b44
0.959664053326978,1.0,1.0,1.0,0.565359477124183,1.0,0.625,1,CyberVolk-1363c8871061ff83ed3dd0fe025b274442d5c30898c02bdfd4981717f4f33b44
0.9586427069271831,1.0,1.0,1.0,0.564935064935065,1.0,0.625,1,CyberVolk-1363c8871061ff83ed3dd0fe025b274442d5c30898c02bdfd4981717f4f33b44
0.9602555347296547,1.0,1.0,1.0,0.564516129032258,1.0,0.625,1,CyberVolk-1363c8871061ff83ed3dd0fe025b274442d5c30898c02bdfd4981717f4f33b44
0.4454424359556231,1.0,1.0,1.0,0.5673076923076923,1.0,0.625,1,CyberVolk-1363c8871061ff83ed3dd0fe025b274442d5c30898c02bdfd4981717f4f33b44
0.9616841299347422,1.0,1.0,1.0,0.5700636942675159,1.0,0.625,1,CyberVolk-1363c8871061ff83ed3dd0fe025b274442d5c30898c02bdfd4981717f4f33b44
0.9593821928081074,1.0,1.0,1.0,0.5696202531645569,1.0,0.625,1,CyberVolk-1363c8871061ff83ed3dd0fe025b274442d5c30898c02bdfd4981717f4f33b44
0.9606786041279131,1.0,1.0,1.0,0.5691823899371069,1.0,0.625,1,CyberVolk-1363c8871061ff83ed3dd0fe025b274442d5c30898c02bdfd4981717f4f33b44
0.5134436451627673,1.0,1.0,1.0,0.571875,1.0,0.625,1,CyberVolk-1363c8871061ff83ed3dd0fe025b274442d5c30898c02bdfd4981717f4f33b44
0.9599728842975167,1.0,1.0,1.0,0.5714285714285714,1.0,0.625,1,CyberVolk-1363c8871061ff83ed3dd0fe025b274442d5c30898c02bdfd4981717f4f33b44
0.9607438326767653,1.0,1.0,1.0,0.5709876543209876,1.0,0.625,1,CyberVolk-1363c8871061ff83ed3dd0fe025b274442d5c30898c02bdfd4981717f4f33b44
0.9602070528168245,1.0,1.0,1.0,0.5705521472392638,1.0,0.625,1,CyberVolk-1363c8871061ff83ed3dd0fe025b274442d5c30898c02bdfd4981717f4f33b44
0.9599115780794534,1.0,1.0,1.0,0.5701219512195121,1.0,0.625,1,CyberVolk-1363c8871061ff83ed3dd0fe025b274442d5c30898c02bdfd4981717f4f33b44
0.9589174322019084,1.0,1.0,1.0,0.5696969696969697,1.0,0.625,1,CyberVolk-1363c8871061ff83ed3dd0fe025b274442d5c30898c02bdfd4981717f4f33b44
0.9605214921764632,1.0,1.0,1.0,0.5692771084337349,1.0,0.625,1,CyberVolk-1363c8871061ff83ed3dd0fe025b274442d5c30898c02bdfd4981717f4f33b44
0.9596798118557265,1.0,1.0,1.0,0.5688622754491017,1.0,0.625,1,CyberVolk-1363c8871061ff83ed3dd0fe025b274442d5c30898c02bdfd4981717f4f33b44
0.9609659604497521,1.0,1.0,1.0,0.5684523809523809,1.0,0.625,1,CyberVolk-1363c8871061ff83ed3dd0fe025b274442d5c30898c02bdfd4981717f4f33b44
0.9602975596221921,1.0,1.0,1.0,0.5680473372781065,1.0,0.625,1,CyberVolk-1363c8871061ff83ed3dd0fe025b274442d5c30898c02bdfd4981717f4f33b44
0.9610563326767654,1.0,1.0,1.0,0.5676470588235294,1.0,0.625,1,CyberVolk-1363c8871061ff83ed3dd0fe025b274442d5c30898c02bdfd4981717f4f33b44
0.13646075659328394,1.0,1.0,1.0,0.5701754385964912,1.0,0.625,1,CyberVolk-1363c8871061ff83ed3dd0fe025b274442d5c30898c02bdfd4981717f4f33b44
0.9605641956739673,1.0,1.0,1.0,0.5697674418604651,1.0,0.625,1,CyberVolk-1363c8871061ff83ed3dd0fe025b274442d5c30898c02bdfd4981717f4f33b44
0.9599115780794534,1.0,1.0,1.0,0.569364161849711,1.0,0.625,1,CyberVolk-1363c8871061ff83ed3dd0fe025b274442d5c30898c02bdfd4981717f4f33b44
0.9589174322019084,1.0,1.0,1.0,0.5689655172413793,1.0,0.625,1,CyberVolk-1363c8871061ff83ed3dd0fe025b274442d5c30898c02bdfd4981717f4f33b44
0.9605214921764632,1.0,1.0,1.0,0.5685714285714285,1.0,0.625,1,CyberVolk-1363c8871061ff83ed3dd0fe025b274442d5c30898c02bdfd4981717f4f33b44
0.9596798118557265,1.0,1.0,1.0,0.5681818181818181,1.0,0.625,1,CyberVolk-1363c8871061ff83ed3dd0fe025b274442d5c30898c02bdfd4981717f4f33b44
0.9609659604497521,1.0,1.0,1.0,0.5677966101694916,1.0,0.625,1,CyberVolk-1363c8871061ff83ed3dd0fe025b274442d5c30898c02bdfd4981717f4f33b44
0.9602975596221921,1.0,1.0,1.0,0.5674157303370786,1.0,0.625,1,CyberVolk-1363c8871061ff83ed3dd0fe025b274442d5c30898c02bdfd4981717f4f33b44
0.9610563326767654,1.0,1.0,1.0,0.5670391061452513,1.0,0.625,1,CyberVolk-1363c8871061ff83ed3dd0fe025b274442d5c30898c02bdfd4981717f4f33b44
0.9605641956739673,1.0,1.0,1.0,0.5666666666666667,1.0,0.625,1,CyberVolk-1363c8871061ff83ed3dd0fe025b274442d5c30898c02bdfd4981717f4f33b44
0.9599115780794534,1.0,1.0,1.0,0.5662983425414365,1.0,0.625,1,CyberVolk-1363c8871061ff83ed3dd0fe025b274442d5c30898c02bdfd4981717f4f33b44
0.9589174322019084,1.0,1.0,1.0,0.5659340659340659,1.0,0.625,1,CyberVolk-1363c8871061ff83ed3dd0fe025b274442d5c30898c02bdfd4981717f4f33b44
0.9605214921764632,1.0,1.0,1.0,0.5655737704918034,1.0,0.625,1,CyberVolk-1363c8871061ff83ed3dd0fe025b274442d5c30898c02bdfd4981717f4f33b44
0.9596798118557265,1.0,1.0,1.0,0.5652173913043479,1.0,0.625,1,CyberVolk-1363c8871061ff83ed3dd0fe025b274442d5c30898c02bdfd4981717f4f33b44
0.9609659604497521,1.0,1.0,1.0,0.5648648648648649,1.0,0.625,1,CyberVolk-1363c8871061ff83ed3dd0fe025b274442d5c30898c02bdfd4981717f4f33b44
0.9602975596221921,1.0,1.0,1.0,0.564516129032258,1.0,0.625,1,CyberVolk-1363c8871061ff83ed3dd0fe025b274442d5c30898c02bdfd4981717f4f33b44
0.9610563326767654,1.0,1.0,1.0,0.5641711229946524,1.0,0.625,1,CyberVolk-1363c8871061ff83ed3dd0fe025b274442d5c30898c02bdfd4981717f4f33b44
0.9605641956739673,1.0,1.0,1.0,0.5638297872340425,1.0,0.625,1,CyberVolk-1363c8871061ff83ed3dd0fe025b274442d5c30898c02bdfd4981717f4f33b44
0.9599115780794534,1.0,1.0,1.0,0.5634920634920635,1.0,0.625,1,CyberVolk-1363c8871061ff83ed3dd0fe025b274442d5c30898c02bdfd4981717f4f33b44
0.9589174322019084,1.0,1.0,1.0,0.5631578947368421,1.0,0.625,1,CyberVolk-1363c8871061ff83ed3dd0fe025b274442d5c30898c02bdfd4981717f4f33b44
0.9605214921764632,1.0,1.0,1.0,0.5628272251308901,1.0,0.625,1,CyberVolk-1363c8871061ff83ed3dd0fe025b274442d5c30898c02bdfd4981717f4f33b44
0.9596798118557265,1.0,1.0,1.0,0.5625,1.0,0.625,1,CyberVolk-1363c8871061ff83ed3dd0fe025b274442d5c30898c02bdfd4981717f4f33b44
0.9522403662084022,1.0,1.0,1.0,0.5621761658031088,1.0,0.625,1,CyberVolk-1363c8871061ff83ed3dd0fe025b274442d5c30898c02bdfd4981717f4f33b44
0.9609659604497521,1.0,1.0,1.0,0.5618556701030928,1.0,0.625,1,CyberVolk-1363c8871061ff83ed3dd0fe025b274442d5c30898c02bdfd4981717f4f33b44
0.9602975596221921,1.0,1.0,1.0,0.5615384615384615,1.0,0.625,1,CyberVolk-1363c8871061ff83ed3dd0fe025b274442d5c30898c02bdfd4981717f4f33b44
0.9610563326767654,1.0,1.0,1.0,0.5612244897959184,1.0,0.625,1,CyberVolk-1363c8871061ff83ed3dd0fe025b274442d5c30898c02bdfd4981717f4f33b44
0.9522403662084022,1.0,1.0,1.0,0.5634517766497462,1.0,0.625,1,CyberVolk-1363c8871061ff83ed3dd0fe025b274442d5c30898c02bdfd4981717f4f33b44
0.9605641956739673,1.0,1.0,1.0,0.5631313131313131,1.0,0.625,1,CyberVolk-1363c8871061ff83ed3dd0fe025b274442d5c30898c02bdfd4981717f4f33b44
0.9599115780794534,1.0,1.0,1.0,0.5628140703517588,1.0,0.625,1,CyberVolk-1363c8871061ff83ed3dd0fe025b274442d5c30898c02bdfd4981717f4f33b44
0.9589174322019084,1.0,1.0,1.0,0.5625,1.0,0.625,1,CyberVolk-1363c8871061ff83ed3dd0fe025b274442d5c30898c02bdfd4981717f4f33b44
0.9522403662084022,1.0,1.0,1.0,0.5646766169154229,1.0,0.625,1,CyberVolk-1363c8871061ff83ed3dd0fe025b274442d5c30898c02bdfd4981717f4f33b44
0.9605214921764632,1.0,1.0,1.0,0.5643564356435644,1.0,0.625,1,CyberVolk-1363c8871061ff83ed3dd0fe025b274442d5c30898c02bdfd4981717f4f33b44
0.9522403662084022,1.0,1.0,1.0,0.5665024630541872,1.0,0.625,1,CyberVolk-1363c8871061ff83ed3dd0fe025b274442d5c30898c02bdfd4981717f4f33b44
0.9596798118557265,1.0,1.0,1.0,0.5661764705882353,1.0,0.625,1,CyberVolk-1363c8871061ff83ed3dd0fe025b274442d5c30898c02bdfd4981717f4f33b44
0.9609659604497521,1.0,1.0,1.0,0.5658536585365854,1.0,0.625,1,CyberVolk-1363c8871061ff83ed3dd0fe025b274442d5c30898c02bdfd4981717f4f33b44
0.9602975596221921,1.0,1.0,1.0,0.5655339805825244,1.0,0.625,1,CyberVolk-1363c8871061ff83ed3dd0fe025b274442d5c30898c02bdfd4981717f4f33b44
0.4553884431277716,1.0,1.0,1.0,0.567632850241546,1.0,0.625,1,CyberVolk-1363c8871061ff83ed3dd0fe025b274442d5c30898c02bdfd4981717f4f33b44
0.9599115780794534,1.0,1.0,1.0,0.5673076923076923,1.0,0.625,1,CyberVolk-1363c8871061ff83ed3dd0fe025b274442d5c30898c02bdfd4981717f4f33b44
0.4403896107170242,1.0,1.0,1.0,0.569377990430622,1.0,0.625,1,CyberVolk-1363c8871061ff83ed3dd0fe025b274442d5c30898c02bdfd4981717f4f33b44
0.9589174322019084,1.0,1.0,1.0,0.569047619047619,1.0,0.625,1,CyberVolk-1363c8871061ff83ed3dd0fe025b274442d5c30898c02bdfd4981717f4f33b44
0.9605214921764632,1.0,1.0,1.0,0.5687203791469194,1.0,0.625,1,CyberVolk-1363c8871061ff83ed3dd0fe025b274442d5c30898c02bdfd4981717f4f33b44
0.9596798118557265,1.0,1.0,1.0,0.5683962264150944,1.0,0.625,1,CyberVolk-1363c8871061ff83ed3dd0fe025b274442d5c30898c02bdfd4981717f4f33b44
0.4454424359556231,1.0,1.0,1.0,0.5704225352112676,1.0,0.625,1,CyberVolk-1363c8871061ff83ed3dd0fe025b274442d5c30898c02bdfd4981717f4f33b44
0.9522403662084022,1.0,1.0,1.0,0.572429906542056,1.0,0.625,1,CyberVolk-1363c8871061ff83ed3dd0fe025b274442d5c30898c02bdfd4981717f4f33b44
0.9616841299347422,1.0,1.0,1.0,0.5744186046511628,1.0,0.625,1,CyberVolk-1363c8871061ff83ed3dd0fe025b274442d5c30898c02bdfd4981717f4f33b44
0.9609659604497521,1.0,1.0,1.0,0.5740740740740741,1.0,0.625,1,CyberVolk-1363c8871061ff83ed3dd0fe025b274442d5c30898c02bdfd4981717f4f33b44
0.9602975596221921,1.0,1.0,1.0,0.5737327188940092,1.0,0.625,1,CyberVolk-1363c8871061ff83ed3dd0fe025b274442d5c30898c02bdfd4981717f4f33b44
0.5134436451627673,1.0,1.0,1.0,0.5756880733944953,1.0,0.625,1,CyberVolk-1363c8871061ff83ed3dd0fe025b274442d5c30898c02bdfd4981717f4f33b44
0.9605214921764632,1.0,1.0,1.0,0.5753424657534247,1.0,0.625,1,CyberVolk-1363c8871061ff83ed3dd0fe025b274442d5c30898c02bdfd4981717f4f33b44
0.9522403662084022,1.0,1.0,1.0,0.5772727272727273,1.0,0.625,1,CyberVolk-1363c8871061ff83ed3dd0fe025b274442d5c30898c02bdfd4981717f4f33b44
0.9596798118557265,1.0,1.0,1.0,0.5769230769230769,1.0,0.625,1,CyberVolk-1363c8871061ff83ed3dd0fe025b274442d5c30898c02bdfd4981717f4f33b44
0.7384144687961454,1.0,1.0,1.0,0.5788288288288288,1.0,0.625,1,CyberVolk-1363c8871061ff83ed3dd0fe025b274442d5c30898c02bdfd4981717f4f33b44
0.9609659604497521,1.0,1.0,1.0,0.57847533632287,1.0,0.625,1,CyberVolk-1363c8871061ff83ed3dd0fe025b274442d5c30898c02bdfd4981717f4f33b44
0.9522403662084022,1.0,1.0,1.0,0.5803571428571428,1.0,0.625,1,CyberVolk-1363c8871061ff83ed3dd0fe025b274442d5c30898c02bdfd4981717f4f33b44
0.9602975596221921,1.0,1.0,1.0,0.5800000000000001,1.0,0.625,1,CyberVolk-1363c8871061ff83ed3dd0fe025b274442d5c30898c02bdfd4981717f4f33b44
0.9602555347296547,1.0,1.0,1.0,0.5796460176991151,1.0,0.625,1,CyberVolk-1363c8871061ff83ed3dd0fe025b274442d5c30898c02bdfd4981717f4f33b44
0.9593821928081074,1.0,1.0,1.0,0.579295154185022,1.0,0.625,1,CyberVolk-1363c8871061ff83ed3dd0fe025b274442d5c30898c02bdfd4981717f4f33b44
0.9606786041279131,1.0,1.0,1.0,0.5789473684210527,1.0,0.625,1,CyberVolk-1363c8871061ff83ed3dd0fe025b274442d5c30898c02bdfd4981717f4f33b44
0.9522403662084022,1.0,1.0,1.0,0.5807860262008734,1.0,0.625,1,CyberVolk-1363c8871061ff83ed3dd0fe025b274442d5c30898c02bdfd4981717f4f33b44
0.9599728842975167,1.0,1.0,1.0,0.5804347826086956,1.0,0.625,1,CyberVolk-1363c8871061ff83ed3dd0fe025b274442d5c30898c02bdfd4981717f4f33b44
0.9605214921764632,1.0,1.0,1.0,0.5800865800865801,1.0,0.625,1,CyberVolk-1363c8871061ff83ed3dd0fe025b274442d5c30898c02bdfd4981717f4f33b44
0.9522403662084022,1.0,1.0,1.0,0.5818965517241379,1.0,0.625,1,CyberVolk-1363c8871061ff83ed3dd0fe025b274442d5c30898c02bdfd4981717f4f33b44
0.9596798118557265,1.0,1.0,1.0,0.5815450643776824,1.0,0.625,1,CyberVolk-1363c8871061ff83ed3dd0fe025b274442d5c30898c02bdfd4981717f4f33b44
0.9605214921764632,1.0,1.0,1.0,0.5811965811965811,1.0,0.625,1,CyberVolk-1363c8871061ff83ed3dd0fe025b274442d5c30898c02bdfd4981717f4f33b44
0.9596798118557265,1.0,1.0,1.0,0.5808510638297872,1.0,0.625,1,CyberVolk-1363c8871061ff83ed3dd0fe025b274442d5c30898c02bdfd4981717f4f33b44
0.9588050337408742,1.0,1.0,1.0,0.5805084745762712,1.0,0.625,1,CyberVolk-1363c8871061ff83ed3dd0fe025b274442d5c30898c02bdfd4981717f4f33b44
0.9577262935809816,1.0,1.0,1.0,0.580168776371308,1.0,0.625,1,CyberVolk-1363c8871061ff83ed3dd0fe025b274442d5c30898c02bdfd4981717f4f33b44
0.959360938504035,1.0,1.0,1.0,0.5798319327731092,1.0,0.625,1,CyberVolk-1363c8871061ff83ed3dd0fe025b274442d5c30898c02bdfd4981717f4f33b44
0.958435879562208,1.0,1.0,1.0,0.5794979079497908,1.0,0.625,1,CyberVolk-1363c8871061ff83ed3dd0fe025b274442d5c30898c02bdfd4981717f4f33b44
0.9597176075101909,1.0,1.0,1.0,0.5791666666666666,1.0,0.625,1,CyberVolk-1363c8871061ff83ed3dd0fe025b274442d5c30898c02bdfd4981717f4f33b44
0.9589652802931291,1.0,1.0,1.0,0.5788381742738589,1.0,0.625,1,CyberVolk-1363c8871061ff83ed3dd0fe025b274442d5c30898c02bdfd4981717f4f33b44
0.9596387598789778,1.0,1.0,1.0,0.578512396694215,1.0,0.625,1,CyberVolk-1363c8871061ff83ed3dd0fe025b274442d5c30898c02bdfd4981717f4f33b44
0.9590520045393733,1.0,1.0,1.0,0.5781893004115226,1.0,0.625,1,CyberVolk-1363c8871061ff83ed3dd0fe025b274442d5c30898c02bdfd4981717f4f33b44
0.9581973472029287,1.0,1.0,1.0,0.5778688524590163,1.0,0.625,1,CyberVolk-1363c8871061ff83ed3dd0fe025b274442d5c30898c02bdfd4981717f4f33b44
0.9576145152547841,1.0,1.0,1.0,0.5775510204081633,1.0,0.625,1,CyberVolk-1363c8871061ff83ed3dd0fe025b274442d5c30898c02bdfd4981717f4f33b44
0.9586212203397122,1.0,1.0,1.0,0.5772357723577235,1.0,0.625,1,CyberVolk-1363c8871061ff83ed3dd0fe025b274442d5c30898c02bdfd4981717f4f33b44
0.9575365571099658,1.0,1.0,1.0,0.5769230769230769,1.0,0.625,1,CyberVolk-1363c8871061ff83ed3dd0fe025b274442d5c30898c02bdfd4981717f4f33b44
0.9590523347721533,1.0,1.0,1.0,0.5766129032258065,1.0,0.625,1,CyberVolk-1363c8871061ff83ed3dd0fe025b274442d5c30898c02bdfd4981717f4f33b44
0.9580070155389402,1.0,1.0,1.0,0.5763052208835342,1.0,0.625,1,CyberVolk-1363c8871061ff83ed3dd0fe025b274442d5c30898c02bdfd4981717f4f33b44
0.9592454837944226,1.0,1.0,1.0,0.5760000000000001,1.0,0.625,1,CyberVolk-1363c8871061ff83ed3dd0fe025b274442d5c30898c02bdfd4981717f4f33b44
0.9583266487719456,1.0,1.0,1.0,0.5756972111553784,1.0,0.625,1,CyberVolk-1363c8871061ff83ed3dd0fe025b274442d5c30898c02bdfd4981717f4f33b44
0.9596881038791597,1.0,1.0,1.0,0.5753968253968254,1.0,0.625,1,CyberVolk-1363c8871061ff83ed3dd0fe025b274442d5c30898c02bdfd4981717f4f33b44
0.9588093732380772,1.0,1.0,1.0,0.575098814229249,1.0,0.625,1,CyberVolk-1363c8871061ff83ed3dd0fe025b274442d5c30898c02bdfd4981717f4f33b44
0.9597069510735121,1.0,1.0,1.0,0.5748031496062992,1.0,0.625,1,CyberVolk-1363c8871061ff83ed3dd0fe025b274442d5c30898c02bdfd4981717f4f33b44
0.9589810949027481,1.0,1.0,1.0,0.5745098039215686,1.0,0.625,1,CyberVolk-1363c8871061ff83ed3dd0fe025b274442d5c30898c02bdfd4981717f4f33b44
0.9601636457026131,1.0,1.0,1.0,0.57421875,1.0,0.625,1,CyberVolk-1363c8871061ff83ed3dd0fe025b274442d5c30898c02bdfd4981717f4f33b44
0.9594783731736684,1.0,1.0,1.0,0.5739299610894941,1.0,0.625,1,CyberVolk-1363c8871061ff83ed3dd0fe025b274442d5c30898c02bdfd4981717f4f33b44
0.959810785736449,1.0,1.0,1.0,0.5736434108527132,1.0,0.625,1,CyberVolk-1363c8871061ff83ed3dd0fe025b274442d5c30898c02bdfd4981717f4f33b44
0.9592875754520728,1.0,1.0,1.0,0.5733590733590734,1.0,0.625,1,CyberVolk-1363c8871061ff83ed3dd0fe025b274442d5c30898c02bdfd4981717f4f33b44
0.9602871387587525,1.0,1.0,1.0,0.573076923076923,1.0,0.625,1,CyberVolk-1363c8871061ff83ed3dd0fe025b274442d5c30898c02bdfd4981717f4f33b44
0.9598052076480278,1.0,1.0,1.0,0.5727969348659003,1.0,0.625,1,CyberVolk-1363c8871061ff83ed3dd0fe025b274442d5c30898c02bdfd4981717f4f33b44
0.9586212203397122,1.0,1.0,1.0,0.5725190839694656,1.0,0.625,1,CyberVolk-1363c8871061ff83ed3dd0fe025b274442d5c30898c02bdfd4981717f4f33b44
0.9575365571099658,1.0,1.0,1.0,0.5722433460076046,1.0,0.625,1,CyberVolk-1363c8871061ff83ed3dd0fe025b274442d5c30898c02bdfd4981717f4f33b44
0.9590523347721532,1.0,1.0,1.0,0.571969696969697,1.0,0.625,1,CyberVolk-1363c8871061ff83ed3dd0fe025b274442d5c30898c02bdfd4981717f4f33b44
0.9580070155389402,1.0,1.0,1.0,0.5716981132075472,1.0,0.625,1,CyberVolk-1363c8871061ff83ed3dd0fe025b274442d5c30898c02bdfd4981717f4f33b44
0.4553884431277716,1.0,1.0,1.0,0.5733082706766917,1.0,0.625,1,CyberVolk-1363c8871061ff83ed3dd0fe025b274442d5c30898c02bdfd4981717f4f33b44
0.4403896107170242,1.0,1.0,1.0,0.5749063670411985,1.0,0.625,1,CyberVolk-1363c8871061ff83ed3dd0fe025b274442d5c30898c02bdfd4981717f4f33b44
0.9592454837944226,1.0,1.0,1.0,0.5746268656716418,1.0,0.625,1,CyberVolk-1363c8871061ff83ed3dd0fe025b274442d5c30898c02bdfd4981717f4f33b44
0.9583266487719456,1.0,1.0,1.0,0.5743494423791822,1.0,0.625,1,CyberVolk-1363c8871061ff83ed3dd0fe025b274442d5c30898c02bdfd4981717f4f33b44
0.9596881038791597,1.0,1.0,1.0,0.5740740740740741,1.0,0.625,1,CyberVolk-1363c8871061ff83ed3dd0fe025b274442d5c30898c02bdfd4981717f4f33b44
0.9588093732380772,1.0,1.0,1.0,0.5738007380073801,1.0,0.625,1,CyberVolk-1363c8871061ff83ed3dd0fe025b274442d5c30898c02bdfd4981717f4f33b44
0.9597069510735121,1.0,1.0,1.0,0.5735294117647058,1.0,0.625,1,CyberVolk-1363c8871061ff83ed3dd0fe025b274442d5c30898c02bdfd4981717f4f33b44
0.9589810949027481,1.0,1.0,1.0,0.5732600732600732,1.0,0.625,1,CyberVolk-1363c8871061ff83ed3dd0fe025b274442d5c30898c02bdfd4981717f4f33b44
0.4454424359556231,1.0,1.0,1.0,0.5748175182481752,1.0,0.625,1,CyberVolk-1363c8871061ff83ed3dd0fe025b274442d5c30898c02bdfd4981717f4f33b44
0.9616841299347422,1.0,1.0,1.0,0.5763636363636364,1.0,0.625,1,CyberVolk-1363c8871061ff83ed3dd0fe025b274442d5c30898c02bdfd4981717f4f33b44
0.9601636457026131,1.0,1.0,1.0,0.5760869565217391,1.0,0.625,1,CyberVolk-1363c8871061ff83ed3dd0fe025b274442d5c30898c02bdfd4981717f4f33b44
0.9594783731736684,1.0,1.0,1.0,0.575812274368231,1.0,0.625,1,CyberVolk-1363c8871061ff83ed3dd0fe025b274442d5c30898c02bdfd4981717f4f33b44
0.5134436451627673,1.0,1.0,1.0,0.5773381294964028,1.0,0.625,1,CyberVolk-1363c8871061ff83ed3dd0fe025b274442d5c30898c02bdfd4981717f4f33b44
0.9589799296498897,1.0,1.0,1.0,0.5770609318996416,1.0,0.625,1,CyberVolk-1363c8871061ff83ed3dd0fe025b274442d5c30898c02bdfd4981717f4f33b44
0.9579369768050476,1.0,1.0,1.0,0.5767857142857142,1.0,0.625,1,CyberVolk-1363c8871061ff83ed3dd0fe025b274442d5c30898c02bdfd4981717f4f33b44
0.9594073460482053,1.0,1.0,1.0,0.5765124555160142,1.0,0.625,1,CyberVolk-1363c8871061ff83ed3dd0fe025b274442d5c30898c02bdfd4981717f4f33b44
0.9584028327087912,1.0,1.0,1.0,0.5762411347517731,1.0,0.625,1,CyberVolk-1363c8871061ff83ed3dd0fe025b274442d5c30898c02bdfd4981717f4f33b44
0.9596324061964119,1.0,1.0,1.0,0.5759717314487632,1.0,0.625,1,CyberVolk-1363c8871061ff83ed3dd0fe025b274442d5c30898c02bdfd4981717f4f33b44
0.958762548693174,1.0,1.0,1.0,0.5757042253521127,1.0,0.625,1,CyberVolk-1363c8871061ff83ed3dd0fe025b274442d5c30898c02bdfd4981717f4f33b44
0.9600707271433491,1.0,1.0,1.0,0.5754385964912281,1.0,0.625,1,CyberVolk-1363c8871061ff83ed3dd0fe025b274442d5c30898c02bdfd4981717f4f33b44
0.9592398244102903,1.0,1.0,1.0,0.5751748251748252,1.0,0.625,1,CyberVolk-1363c8871061ff83ed3dd0fe025b274442d5c30898c02bdfd4981717f4f33b44
0.9601269034366468,1.0,1.0,1.0,0.5749128919860627,1.0,0.625,1,CyberVolk-1363c8871061ff83ed3dd0fe025b274442d5c30898c02bdfd4981717f4f33b44
0.9594593739829848,1.0,1.0,1.0,0.5746527777777778,1.0,0.625,1,CyberVolk-1363c8871061ff83ed3dd0fe025b274442d5c30898c02bdfd4981717f4f33b44
0.9605785383987221,1.0,1.0,1.0,0.57439446366782,1.0,0.625,1,CyberVolk-1363c8871061ff83ed3dd0fe025b274442d5c30898c02bdfd4981717f4f33b44
0.9599501004856827,1.0,1.0,1.0,0.5741379310344827,1.0,0.625,1,CyberVolk-1363c8871061ff83ed3dd0fe025b274442d5c30898c02bdfd4981717f4f33b44
0.9589799296498897,1.0,1.0,1.0,0.5738831615120275,1.0,0.625,1,CyberVolk-1363c8871061ff83ed3dd0fe025b274442d5c30898c02bdfd4981717f4f33b44
0.9579369768050476,1.0,1.0,1.0,0.5736301369863014,1.0,0.625,1,CyberVolk-1363c8871061ff83ed3dd0fe025b274442d5c30898c02bdfd4981717f4f33b44
0.9594073460482053,1.0,1.0,1.0,0.5733788395904437,1.0,0.625,1,CyberVolk-1363c8871061ff83ed3dd0fe025b274442d5c30898c02bdfd4981717f4f33b44
0.9584028327087912,1.0,1.0,1.0,0.5731292517006803,1.0,0.625,1,CyberVolk-1363c8871061ff83ed3dd0fe025b274442d5c30898c02bdfd4981717f4f33b44
0.9596324061964119,1.0,1.0,1.0,0.5728813559322035,1.0,0.625,1,CyberVolk-1363c8871061ff83ed3dd0fe025b274442d5c30898c02bdfd4981717f4f33b44
0.958762548693174,1.0,1.0,1.0,0.5726351351351351,1.0,0.625,1,CyberVolk-1363c8871061ff83ed3dd0fe025b274442d5c30898c02bdfd4981717f4f33b44
0.9600707271433491,1.0,1.0,1.0,0.5723905723905724,1.0,0.625,1,CyberVolk-1363c8871061ff83ed3dd0fe025b274442d5c30898c02bdfd4981717f4f33b44
0.9592398244102903,1.0,1.0,1.0,0.5721476510067114,1.0,0.625,1,CyberVolk-1363c8871061ff83ed3dd0fe025b274442d5c30898c02bdfd4981717f4f33b44
0.9601269034366468,1.0,1.0,1.0,0.5719063545150502,1.0,0.625,1,CyberVolk-1363c8871061ff83ed3dd0fe025b274442d5c30898c02bdfd4981717f4f33b44
0.9594593739829848,1.0,1.0,1.0,0.5716666666666667,1.0,0.625,1,CyberVolk-1363c8871061ff83ed3dd0fe025b274442d5c30898c02bdfd4981717f4f33b44
0.9605785383987221,1.0,1.0,1.0,0.5714285714285714,1.0,0.625,1,CyberVolk-1363c8871061ff83ed3dd0fe025b274442d5c30898c02bdfd4981717f4f33b44
0.9599501004856827,1.0,1.0,1.0,0.5711920529801324,1.0,0.625,1,CyberVolk-1363c8871061ff83ed3dd0fe025b274442d5c30898c02bdfd4981717f4f33b44
0.9596324061964119,1.0,1.0,1.0,0.570957095709571,1.0,0.625,1,CyberVolk-1363c8871061ff83ed3dd0fe025b274442d5c30898c02bdfd4981717f4f33b44
0.958762548693174,1.0,1.0,1.0,0.5707236842105263,1.0,0.625,1,CyberVolk-1363c8871061ff83ed3dd0fe025b274442d5c30898c02bdfd4981717f4f33b44
0.9600707271433491,1.0,1.0,1.0,0.5704918032786885,1.0,0.625,1,CyberVolk-1363c8871061ff83ed3dd0fe025b274442d5c30898c02bdfd4981717f4f33b44
0.9592398244102903,1.0,1.0,1.0,0.5702614379084967,1.0,0.625,1,CyberVolk-1363c8871061ff83ed3dd0fe025b274442d5c30898c02bdfd4981717f4f33b44
0.9601269034366468,1.0,1.0,1.0,0.5700325732899023,1.0,0.625,1,CyberVolk-1363c8871061ff83ed3dd0fe025b274442d5c30898c02bdfd4981717f4f33b44
0.9594593739829848,1.0,1.0,1.0,0.5698051948051948,1.0,0.625,1,CyberVolk-1363c8871061ff83ed3dd0fe025b274442d5c30898c02bdfd4981717f4f33b44
0.9605785383987221,1.0,1.0,1.0,0.56957928802589,1.0,0.625,1,CyberVolk-1363c8871061ff83ed3dd0fe025b274442d5c30898c02bdfd4981717f4f33b44
0.9599501004856827,1.0,1.0,1.0,0.5693548387096774,1.0,0.625,1,CyberVolk-1363c8871061ff83ed3dd0fe025b274442d5c30898c02bdfd4981717f4f33b44
0.9596324061964119,1.0,1.0,1.0,0.5691318327974276,1.0,0.625,1,CyberVolk-1363c8871061ff83ed3dd0fe025b274442d5c30898c02bdfd4981717f4f33b44
0.958762548693174,1.0,1.0,1.0,0.5689102564102564,1.0,0.625,1,CyberVolk-1363c8871061ff83ed3dd0fe025b274442d5c30898c02bdfd4981717f4f33b44
0.9600707271433491,1.0,1.0,1.0,0.5686900958466454,1.0,0.625,1,CyberVolk-1363c8871061ff83ed3dd0fe025b274442d5c30898c02bdfd4981717f4f33b44
0.9592398244102903,1.0,1.0,1.0,0.5684713375796178,1.0,0.625,1,CyberVolk-1363c8871061ff83ed3dd0fe025b274442d5c30898c02bdfd4981717f4f33b44
0.9601269034366468,1.0,1.0,1.0,0.5682539682539682,1.0,0.625,1,CyberVolk-1363c8871061ff83ed3dd0fe025b274442d5c30898c02bdfd4981717f4f33b44
0.9594593739829848,1.0,1.0,1.0,0.5680379746835442,1.0,0.625,1,CyberVolk-1363c8871061ff83ed3dd0fe025b274442d5c30898c02bdfd4981717f4f33b44
0.9605785383987221,1.0,1.0,1.0,0.5678233438485805,1.0,0.625,1,CyberVolk-1363c8871061ff83ed3dd0fe025b274442d5c30898c02bdfd4981717f4f33b44
0.9599501004856827,1.0,1.0,1.0,0.5676100628930818,1.0,0.625,1,CyberVolk-1363c8871061ff83ed3dd0fe025b274442d5c30898c02bdfd4981717f4f33b44
0.9596324061964119,1.0,1.0,1.0,0.567398119122257,1.0,0.625,1,CyberVolk-1363c8871061ff83ed3dd0fe025b274442d5c30898c02bdfd4981717f4f33b44
0.958762548693174,1.0,1.0,1.0,0.5671875,1.0,0.625,1,CyberVolk-1363c8871061ff83ed3dd0fe025b274442d5c30898c02bdfd4981717f4f33b44
0.9600707271433491,1.0,1.0,1.0,0.5669781931464175,1.0,0.625,1,CyberVolk-1363c8871061ff83ed3dd0fe025b274442d5c30898c02bdfd4981717f4f33b44
0.9592398244102903,1.0,1.0,1.0,0.5667701863354038,1.0,0.625,1,CyberVolk-1363c8871061ff83ed3dd0fe025b274442d5c30898c02bdfd4981717f4f33b44
0.9601269034366468,1.0,1.0,1.0,0.56656346749226,1.0,0.625,1,CyberVolk-1363c8871061ff83ed3dd0fe025b274442d5c30898c02bdfd4981717f4f33b44
0.9594593739829848,1.0,1.0,1.0,0.566358024691358,1.0,0.625,1,CyberVolk-1363c8871061ff83ed3dd0fe025b274442d5c30898c02bdfd4981717f4f33b44
0.9605785383987221,1.0,1.0,1.0,0.5661538461538462,1.0,0.625,1,CyberVolk-1363c8871061ff83ed3dd0fe025b274442d5c30898c02bdfd4981717f4f33b44
0.9599501004856827,1.0,1.0,1.0,0.5659509202453987,1.0,0.625,1,CyberVolk-1363c8871061ff83ed3dd0fe025b274442d5c30898c02bdfd4981717f4f33b44
0.4553884431277716,1.0,1.0,1.0,0.5672782874617737,1.0,0.625,1,CyberVolk-1363c8871061ff83ed3dd0fe025b274442d5c30898c02bdfd4981717f4f33b44
0.9596324061964119,1.0,1.0,1.0,0.5670731707317074,1.0,0.625,1,CyberVolk-1363c8871061ff83ed3dd0fe025b274442d5c30898c02bdfd4981717f4f33b44
0.4403896107170242,1.0,1.0,1.0,0.5683890577507599,1.0,0.625,1,CyberVolk-1363c8871061ff83ed3dd0fe025b274442d5c30898c02bdfd4981717f4f33b44
0.958762548693174,1.0,1.0,1.0,0.5681818181818181,1.0,0.625,1,CyberVolk-1363c8871061ff83ed3dd0fe025b274442d5c30898c02bdfd4981717f4f33b44
0.9600707271433491,1.0,1.0,1.0,0.5679758308157099,1.0,0.625,1,CyberVolk-1363c8871061ff83ed3dd0fe025b274442d5c30898c02bdfd4981717f4f33b44
0.9592398244102903,1.0,1.0,1.0,0.5677710843373494,1.0,0.625,1,CyberVolk-1363c8871061ff83ed3dd0fe025b274442d5c30898c02bdfd4981717f4f33b44
0.9601269034366468,1.0,1.0,1.0,0.5675675675675675,1.0,0.625,1,CyberVolk-1363c8871061ff83ed3dd0fe025b274442d5c30898c02bdfd4981717f4f33b44
0.4454424359556231,1.0,1.0,1.0,0.5688622754491017,1.0,0.625,1,CyberVolk-1363c8871061ff83ed3dd0fe025b274442d5c30898c02bdfd4981717f4f33b44
0.9616841299347422,1.0,1.0,1.0,0.5701492537313433,1.0,0.625,1,CyberVolk-1363c8871061ff83ed3dd0fe025b274442d5c30898c02bdfd4981717f4f33b44
0.9594593739829848,1.0,1.0,1.0,0.5699404761904762,1.0,0.625,1,CyberVolk-1363c8871061ff83ed3dd0fe025b274442d5c30898c02bdfd4981717f4f33b44
0.9605785383987221,1.0,1.0,1.0,0.56973293768546,1.0,0.625,1,CyberVolk-1363c8871061ff83ed3dd0fe025b274442d5c30898c02bdfd4981717f4f33b44
0.5134436451627673,1.0,1.0,1.0,0.5710059171597632,1.0,0.625,1,CyberVolk-1363c8871061ff83ed3dd0fe025b274442d5c30898c02bdfd4981717f4f33b44
0.9599501004856827,1.0,1.0,1.0,0.5707964601769911,1.0,0.625,1,CyberVolk-1363c8871061ff83ed3dd0fe025b274442d5c30898c02bdfd4981717f4f33b44
0.9596324061964119,1.0,1.0,1.0,0.5705882352941176,1.0,0.625,1,CyberVolk-1363c8871061ff83ed3dd0fe025b274442d5c30898c02bdfd4981717f4f33b44
0.958762548693174,1.0,1.0,1.0,0.5703812316715542,1.0,0.625,1,CyberVolk-1363c8871061ff83ed3dd0fe025b274442d5c30898c02bdfd4981717f4f33b44
0.9600707271433491,1.0,1.0,1.0,0.5701754385964912,1.0,0.625,1,CyberVolk-1363c8871061ff83ed3dd0fe025b274442d5c30898c02bdfd4981717f4f33b44
0.9592398244102903,1.0,1.0,1.0,0.5699708454810495,1.0,0.625,1,CyberVolk-1363c8871061ff83ed3dd0fe025b274442d5c30898c02bdfd4981717f4f33b44
0.9601269034366468,1.0,1.0,1.0,0.5697674418604651,1.0,0.625,1,CyberVolk-1363c8871061ff83ed3dd0fe025b274442d5c30898c02bdfd4981717f4f33b44
0.9594593739829848,1.0,1.0,1.0,0.5695652173913044,1.0,0.625,1,CyberVolk-1363c8871061ff83ed3dd0fe025b274442d5c30898c02bdfd4981717f4f33b44
0.9605785383987221,1.0,1.0,1.0,0.569364161849711,1.0,0.625,1,CyberVolk-1363c8871061ff83ed3dd0fe025b274442d5c30898c02bdfd4981717f4f33b44
0.9599501004856827,1.0,1.0,1.0,0.569164265129683,1.0,0.625,1,CyberVolk-1363c8871061ff83ed3dd0fe025b274442d5c30898c02bdfd4981717f4f33b44
0.9596324061964119,1.0,1.0,1.0,0.5689655172413793,1.0,0.625,1,CyberVolk-1363c8871061ff83ed3dd0fe025b274442d5c30898c02bdfd4981717f4f33b44
0.958762548693174,1.0,1.0,1.0,0.5687679083094556,1.0,0.625,1,CyberVolk-1363c8871061ff83ed3dd0fe025b274442d5c30898c02bdfd4981717f4f33b44
0.9600707271433491,1.0,1.0,1.0,0.5685714285714285,1.0,0.625,1,CyberVolk-1363c8871061ff83ed3dd0fe025b274442d5c30898c02bdfd4981717f4f33b44
0.9592398244102903,1.0,1.0,1.0,0.5683760683760684,1.0,0.625,1,CyberVolk-1363c8871061ff83ed3dd0fe025b274442d5c30898c02bdfd4981717f4f33b44
0.9601269034366468,1.0,1.0,1.0,0.5681818181818181,1.0,0.625,1,CyberVolk-1363c8871061ff83ed3dd0fe025b274442d5c30898c02bdfd4981717f4f33b44
0.9594593739829848,1.0,1.0,1.0,0.5679886685552408,1.0,0.625,1,CyberVolk-1363c8871061ff83ed3dd0fe025b274442d5c30898c02bdfd4981717f4f33b44
0.9605785383987221,1.0,1.0,1.0,0.5677966101694916,1.0,0.625,1,CyberVolk-1363c8871061ff83ed3dd0fe025b274442d5c30898c02bdfd4981717f4f33b44
0.9599501004856827,1.0,1.0,1.0,0.5676056338028169,1.0,0.625,1,CyberVolk-1363c8871061ff83ed3dd0fe025b274442d5c30898c02bdfd4981717f4f33b44
0.9588086503201791,1.0,1.0,1.0,0.5674157303370786,1.0,0.625,1,CyberVolk-1363c8871061ff83ed3dd0fe025b274442d5c30898c02bdfd4981717f4f33b44
0.9577567442773607,1.0,1.0,1.0,0.5672268907563025,1.0,0.625,1,CyberVolk-1363c8871061ff83ed3dd0fe025b274442d5c30898c02bdfd4981717f4f33b44
0.9592403463165564,1.0,1.0,1.0,0.5670391061452513,1.0,0.625,1,CyberVolk-1363c8871061ff83ed3dd0fe025b274442d5c30898c02bdfd4981717f4f33b44
0.9582276744794662,1.0,1.0,1.0,0.5668523676880223,1.0,0.625,1,CyberVolk-1363c8871061ff83ed3dd0fe025b274442d5c30898c02bdfd4981717f4f33b44
0.9594705169321769,1.0,1.0,1.0,0.5666666666666667,1.0,0.625,1,CyberVolk-1363c8871061ff83ed3dd0fe025b274442d5c30898c02bdfd4981717f4f33b44
0.9585964746323917,1.0,1.0,1.0,0.5664819944598338,1.0,0.625,1,CyberVolk-1363c8871061ff83ed3dd0fe025b274442d5c30898c02bdfd4981717f4f33b44
0.9599133050728164,1.0,1.0,1.0,0.5662983425414365,1.0,0.625,1,CyberVolk-1363c8871061ff83ed3dd0fe025b274442d5c30898c02bdfd4981717f4f33b44
0.9590790043893765,1.0,1.0,1.0,0.5661157024793388,1.0,0.625,1,CyberVolk-1363c8871061ff83ed3dd0fe025b274442d5c30898c02bdfd4981717f4f33b44
0.9599754741357059,1.0,1.0,1.0,0.5659340659340659,1.0,0.625,1,CyberVolk-1363c8871061ff83ed3dd0fe025b274442d5c30898c02bdfd4981717f4f33b44
0.9593104647047497,1.0,1.0,1.0,0.5657534246575342,1.0,0.625,1,CyberVolk-1363c8871061ff83ed3dd0fe025b274442d5c30898c02bdfd4981717f4f33b44
0.9604317814854272,1.0,1.0,1.0,0.5655737704918034,1.0,0.625,1,CyberVolk-1363c8871061ff83ed3dd0fe025b274442d5c30898c02bdfd4981717f4f33b44
0.9598065962052069,1.0,1.0,1.0,0.5653950953678475,1.0,0.625,1,CyberVolk-1363c8871061ff83ed3dd0fe025b274442d5c30898c02bdfd4981717f4f33b44
0.9601279981740217,1.0,1.0,1.0,0.5652173913043479,1.0,0.625,1,CyberVolk-1363c8871061ff83ed3dd0fe025b274442d5c30898c02bdfd4981717f4f33b44
0.9596867914074398,1.0,1.0,1.0,0.5650406504065041,1.0,0.625,1,CyberVolk-1363c8871061ff83ed3dd0fe025b274442d5c30898c02bdfd4981717f4f33b44
0.9606032669868095,1.0,1.0,1.0,0.5648648648648649,1.0,0.625,1,CyberVolk-1363c8871061ff83ed3dd0fe025b274442d5c30898c02bdfd4981717f4f33b44
0.9602019768947965,1.0,1.0,1.0,0.5646900269541779,1.0,0.625,1,CyberVolk-1363c8871061ff83ed3dd0fe025b274442d5c30898c02bdfd4981717f4f33b44
0.9595263826708271,1.0,1.0,1.0,0.564516129032258,1.0,0.625,1,CyberVolk-1363c8871061ff83ed3dd0fe025b274442d5c30898c02bdfd4981717f4f33b44
0.9586431044681482,1.0,1.0,1.0,0.564343163538874,1.0,0.625,1,CyberVolk-1363c8871061ff83ed3dd0fe025b274442d5c30898c02bdfd4981717f4f33b44
0.9599658816569375,1.0,1.0,1.0,0.5641711229946524,1.0,0.625,1,CyberVolk-1363c8871061ff83ed3dd0fe025b274442d5c30898c02bdfd4981717f4f33b44
0.9591218732380773,1.0,1.0,1.0,0.5640000000000001,1.0,0.625,1,CyberVolk-1363c8871061ff83ed3dd0fe025b274442d5c30898c02bdfd4981717f4f33b44
0.9600118291222925,1.0,1.0,1.0,0.5638297872340425,1.0,0.625,1,CyberVolk-1363c8871061ff83ed3dd0fe025b274442d5c30898c02bdfd4981717f4f33b44
0.9593283171249702,1.0,1.0,1.0,0.5636604774535809,1.0,0.625,1,CyberVolk-1363c8871061ff83ed3dd0fe025b274442d5c30898c02bdfd4981717f4f33b44
0.9604648505218902,1.0,1.0,1.0,0.5634920634920635,1.0,0.625,1,CyberVolk-1363c8871061ff83ed3dd0fe025b274442d5c30898c02bdfd4981717f4f33b44
0.959820838927093,1.0,1.0,1.0,0.5633245382585752,1.0,0.625,1,CyberVolk-1363c8871061ff83ed3dd0fe025b274442d5c30898c02bdfd4981717f4f33b44
0.9596324061964119,1.0,1.0,1.0,0.5631578947368421,1.0,0.625,1,CyberVolk-1363c8871061ff83ed3dd0fe025b274442d5c30898c02bdfd4981717f4f33b44
0.958762548693174,1.0,1.0,1.0,0.562992125984252,1.0,0.625,1,CyberVolk-1363c8871061ff83ed3dd0fe025b274442d5c30898c02bdfd4981717f4f33b44
0.9600707271433491,1.0,1.0,1.0,0.5628272251308901,1.0,0.625,1,CyberVolk-1363c8871061ff83ed3dd0fe025b274442d5c30898c02bdfd4981717f4f33b44
0.9592398244102903,1.0,1.0,1.0,0.5626631853785901,1.0,0.625,1,CyberVolk-1363c8871061ff83ed3dd0fe025b274442d5c30898c02bdfd4981717f4f33b44
0.9601269034366468,1.0,1.0,1.0,0.5625,1.0,0.625,1,CyberVolk-1363c8871061ff83ed3dd0fe025b274442d5c30898c02bdfd4981717f4f33b44
0.9594593739829848,1.0,1.0,1.0,0.5623376623376624,1.0,0.625,1,CyberVolk-1363c8871061ff83ed3dd0fe025b274442d5c30898c02bdfd4981717f4f33b44
0.9605785383987221,1.0,1.0,1.0,0.5621761658031088,1.0,0.625,1,CyberVolk-1363c8871061ff83ed3dd0fe025b274442d5c30898c02bdfd4981717f4f33b44
0.9599501004856827,1.0,1.0,1.0,0.562015503875969,1.0,0.625,1,CyberVolk-1363c8871061ff83ed3dd0fe025b274442d5c30898c02bdfd4981717f4f33b44
0.9596324061964119,1.0,1.0,1.0,0.5618556701030928,1.0,0.625,1,CyberVolk-1363c8871061ff83ed3dd0fe025b274442d5c30898c02bdfd4981717f4f33b44
0.958762548693174,1.0,1.0,1.0,0.5616966580976863,1.0,0.625,1,CyberVolk-1363c8871061ff83ed3dd0fe025b274442d5c30898c02bdfd4981717f4f33b44
0.9600707271433491,1.0,1.0,1.0,0.5615384615384615,1.0,0.625,1,CyberVolk-1363c8871061ff83ed3dd0fe025b274442d5c30898c02bdfd4981717f4f33b44
0.4553884431277716,1.0,1.0,1.0,0.5626598465473146,1.0,0.625,1,CyberVolk-1363c8871061ff83ed3dd0fe025b274442d5c30898c02bdfd4981717f4f33b44
0.9592398244102903,1.0,1.0,1.0,0.5625,1.0,0.625,1,CyberVolk-1363c8871061ff83ed3dd0fe025b274442d5c30898c02bdfd4981717f4f33b44
0.4403896107170242,1.0,1.0,1.0,0.5636132315521629,1.0,0.625,1,CyberVolk-1363c8871061ff83ed3dd0fe025b274442d5c30898c02bdfd4981717f4f33b44
0.9601269034366468,1.0,1.0,1.0,0.5634517766497462,1.0,0.625,1,CyberVolk-1363c8871061ff83ed3dd0fe025b274442d5c30898c02bdfd4981717f4f33b44
0.9594593739829848,1.0,1.0,1.0,0.5632911392405063,1.0,0.625,1,CyberVolk-1363c8871061ff83ed3dd0fe025b274442d5c30898c02bdfd4981717f4f33b44
0.9605785383987221,1.0,1.0,1.0,0.5631313131313131,1.0,0.625,1,CyberVolk-1363c8871061ff83ed3dd0fe025b274442d5c30898c02bdfd4981717f4f33b44
0.9599501004856827,1.0,1.0,1.0,0.5629722921914357,1.0,0.625,1,CyberVolk-1363c8871061ff83ed3dd0fe025b274442d5c30898c02bdfd4981717f4f33b44
0.4454424359556231,1.0,1.0,1.0,0.5640703517587939,1.0,0.625,1,CyberVolk-1363c8871061ff83ed3dd0fe025b274442d5c30898c02bdfd4981717f4f33b44
0.9616841299347422,1.0,1.0,1.0,0.5651629072681704,1.0,0.625,1,CyberVolk-1363c8871061ff83ed3dd0fe025b274442d5c30898c02bdfd4981717f4f33b44
0.9599133050728164,1.0,1.0,1.0,0.565,1.0,0.625,1,CyberVolk-1363c8871061ff83ed3dd0fe025b274442d5c30898c02bdfd4981717f4f33b44
0.9564480703753964,0.5435275175560625,0.02,0.05,0.8,0.0,0.625,1,CyberVolk-4331d2c1d7e3b285c951be6ab77984072044cb0085e71b448d6858c421826bc8
0.13646075659328394,1.0,0.04,0.1,0.5,0.04960159612028318,0.625,1,CyberVolk-4331d2c1d7e3b285c951be6ab77984072044cb0085e71b448d6858c421826bc8
0.09294587706181785,1.0,0.06,0.15,0.5,0.098807962873877,0.625,1,CyberVolk-4331d2c1d7e3b285c951be6ab77984072044cb0085e71b448d6858c421826bc8
0.11789174607420132,0.7601822499435653,0.08,0.2,0.5,0.14762224947904282,0.625,1,CyberVolk-4331d2c1d7e3b285c951be6ab77984072044cb0085e71b448d6858c421826bc8
0.11789174607420132,0.6299193311855026,0.08,0.2,0.6,0.19604758006082648,0.625,1,CyberVolk-4331d2c1d7e3b285c951be6ab77984072044cb0085e71b448d6858c421826bc8
0.9626008292264994,0.5505185941384008,0.1,0.25,0.5833333333333333,0.24408705385100307,0.625,1,CyberVolk-4331d2c1d7e3b285c951be6ab77984072044cb0085e71b448d6858c421826bc8
0.9626008292264994,0.49060872325295735,0.1,0.25,0.6428571428571428,0.2917437453864285,0.625,1,CyberVolk-4331d2c1d7e3b285c951be6ab77984072044cb0085e71b448d6858c421826bc8
0.11789174607420132,0.7071184646680024,0.12,0.25,0.6875,0.33902070470581025,0.625,1,CyberVolk-4331d2c1d7e3b285c951be6ab77984072044cb0085e71b448d6858c421826bc8
0.13646075659328394,0.6258159634890262,0.12,0.25,0.7222222222222222,0.38592095754491085,0.625,1,CyberVolk-4331d2c1d7e3b285c951be6ab77984072044cb0085e71b448d6858c421826bc8
0.13646075659328394,0.579167600529643,0.12,0.25,0.75,0.4324475055301956,0.625,1,CyberVolk-4331d2c1d7e3b285c951be6ab77984072044cb0085e71b448d6858c421826bc8
0.11789174607420132,0.5252783250910905,0.12,0.25,0.7727272727272727,0.47860332637093694,0.625,1,CyberVolk-4331d2c1d7e3b285c951be6ab77984072044cb0085e71b448d6858c421826bc8
0.13646075659328394,0.4987748321197786,0.12,0.25,0.7916666666666666,0.524391374049789,0.625,1,CyberVolk-4331d2c1d7e3b285c951be6ab77984072044cb0085e71b448d6858c421826bc8
0.13646075659328394,0.47919387891289145,0.12,0.25,0.8076923076923077,0.5698145790118427,0.625,1,CyberVolk-4331d2c1d7e3b285c951be6ab77984072044cb0085e71b448d6858c421826bc8
0.13646075659328394,0.4642205000611133,0.12,0.25,0.8214285714285714,0.6148757310739256,0.625,1,CyberVolk-4331d2c1d7e3b285c951be6ab77984072044cb0085e71b448d6858c421826bc8
0.13646075659328394,0.45249261384505646,0.12,0.25,0.8333333333333334,0.6595779496581373,0.625,1,CyberVolk-4331d2c1d7e3b285c951be6ab77984072044cb0085e71b448d6858c421826bc8
0.13646075659328394,0.44313898627315257,0.12,0.25,0.84375,0.7039239774960311,0.625,1,CyberVolk-4331d2c1d7e3b285c951be6ab77984072044cb0085e71b448d6858c421826bc8
0.13646075659328394,0.4355715424328685,0.12,0.25,0.8529411764705882,0.7479166527431119,0.625,1,CyberVolk-4331d2c1d7e3b285c951be6ab77984072044cb0085e71b448d6858c421826bc8
0.13646075659328394,0.42937768067579485,0.12,0.25,0.8611111111111112,0.7915587909402417,0.625,1,CyberVolk-4331d2c1d7e3b285c951be6ab77984072044cb0085e71b448d6858c421826bc8
0.13646075659328394,0.4242591717135863,0.12,0.25,0.868421052631579,0.8348531851938338,0.625,1,CyberVolk-4331d2c1d7e3b285c951be6ab77984072044cb0085e71b448d6858c421826bc8
0.13646075659328394,0.4199952356636172,0.12,0.25,0.875,0.8778026063546134,0.625,1,CyberVolk-4331d2c1d7e3b285c951be6ab77984072044cb0085e71b448d6858c421826bc8
0.13646075659328394,0.4164191526625989,0.12,0.25,0.8809523809523809,0.9204098031949522,0.625,1,CyberVolk-4331d2c1d7e3b285c951be6ab77984072044cb0085e71b448d6858c421826bc8
0.11789174607420132,0.40126141141710353,0.12,0.25,0.8863636363636364,0.9626775025847902,0.625,1,CyberVolk-4331d2c1d7e3b285c951be6ab77984072044cb0085e71b448d6858c421826bc8
0.13646075659328394,0.3987501051489533,0.12,0.25,0.8913043478260869,1.0,0.625,1,CyberVolk-4331d2c1d7e3b285c951be6ab77984072044cb0085e71b448d6858c421826bc8
0.13646075659328394,0.3966494932515169,0.12,0.25,0.8958333333333334,1.0,0.625,1,CyberVolk-4331d2c1d7e3b285c951be6ab77984072044cb0085e71b448d6858c421826bc8
0.13646075659328394,0.39488896105752913,0.12,0.25,0.9,1.0,0.625,1,CyberVolk-4331d2c1d7e3b285c951be6ab77984072044cb0085e71b448d6858c421826bc8
0.13646075659328394,0.393412038192882,0.12,0.25,0.9038461538461539,1.0,0.625,1,CyberVolk-4331d2c1d7e3b285c951be6ab77984072044cb0085e71b448d6858c421826bc8
0.13646075659328394,0.392173128959528,0.12,0.25,0.9074074074074074,1.0,0.625,1,CyberVolk-4331d2c1d7e3b285c951be6ab77984072044cb0085e71b448d6858c421826bc8
0.9633438507962174,0.3810107958419882,0.14,0.3,0.8928571428571429,1.0,0.625,1,CyberVolk-4331d2c1d7e3b285c951be6ab77984072044cb0085e71b448d6858c421826bc8
0.9632062524036166,0.37193350749517207,0.16,0.35,0.8793103448275862,1.0,0.625,1,CyberVolk-4331d2c1d7e3b285c951be6ab77984072044cb0085e71b448d6858c421826bc8
0.9635860745018912,0.37130168904857846,0.18,0.4,0.8666666666666667,1.0,0.625,1,CyberVolk-4331d2c1d7e3b285c951be6ab77984072044cb0085e71b448d6858c421826bc8
0.9616764494758357,0.3643889314289151,0.2,0.45,0.8548387096774194,1.0,0.625,1,CyberVolk-4331d2c1d7e3b285c951be6ab77984072044cb0085e71b448d6858c421826bc8
0.9615101593875421,0.34944983322014767,0.22,0.5,0.84375,1.0,0.625,1,CyberVolk-4331d2c1d7e3b285c951be6ab77984072044cb0085e71b448d6858c421826bc8
0.9622952481446497,0.33448242281559637,0.24,0.55,0.8333333333333334,1.0,0.625,1,CyberVolk-4331d2c1d7e3b285c951be6ab77984072044cb0085e71b448d6858c421826bc8
0.9618762078050908,0.32692279507210714,0.26,0.6,0.8235294117647058,1.0,0.625,1,CyberVolk-4331d2c1d7e3b285c951be6ab77984072044cb0085e71b448d6858c421826bc8
0.9617036825340378,0.32183071209606345,0.28,0.65,0.8142857142857143,1.0,0.625,1,CyberVolk-4331d2c1d7e3b285c951be6ab77984072044cb0085e71b448d6858c421826bc8
0.9624775514438202,0.3140794509571412,0.3,0.7,0.8055555555555556,1.0,0.625,1,CyberVolk-4331d2c1d7e3b285c951be6ab77984072044cb0085e71b448d6858c421826bc8
0.11789174607420132,0.35949058657117366,0.3,0.7,0.8108108108108107,1.0,0.625,1,CyberVolk-4331d2c1d7e3b285c951be6ab77984072044cb0085e71b448d6858c421826bc8
0.11789174607420132,0.3529346845768877,0.3,0.7,0.8157894736842105,1.0,0.625,1,CyberVolk-4331d2c1d7e3b285c951be6ab77984072044cb0085e71b448d6858c421826bc8
0.9619812434111122,0.39482340729198206,0.32,0.75,0.8076923076923077,1.0,0.625,1,CyberVolk-4331d2c1d7e3b285c951be6ab77984072044cb0085e71b448d6858c421826bc8
0.9619360259415972,0.38233255930808374,0.34,0.8,0.8,1.0,0.625,1,CyberVolk-4331d2c1d7e3b285c951be6ab77984072044cb0085e71b448d6858c421826bc8
0.9625618572136685,0.3698931786017732,0.36,0.85,0.7926829268292683,1.0,0.625,1,CyberVolk-4331d2c1d7e3b285c951be6ab77984072044cb0085e71b448d6858c421826bc8
0.9620438400147376,0.36318291183821394,0.38,0.9,0.7857142857142857,1.0,0.625,1,CyberVolk-4331d2c1d7e3b285c951be6ab77984072044cb0085e71b448d6858c421826bc8
0.9619587390074493,0.35846040941080715,0.4,0.95,0.7790697674418605,1.0,0.625,1,CyberVolk-4331d2c1d7e3b285c951be6ab77984072044cb0085e71b448d6858c421826bc8
0.9625798018240277,0.3950630922567956,0.42,1.0,0.7727272727272727,1.0,0.625,1,CyberVolk-4331d2c1d7e3b285c951be6ab77984072044cb0085e71b448d6858c421826bc8
0.9626583919988508,0.4344105528841723,0.44,1.0,0.7666666666666666,1.0,0.625,1,CyberVolk-4331d2c1d7e3b285c951be6ab77984072044cb0085e71b448d6858c421826bc8
0.9626110153191856,0.46762973959711013,0.46,1.0,0.7608695652173914,1.0,0.625,1,CyberVolk-4331d2c1d7e3b285c951be6ab77984072044cb0085e71b448d6858c421826bc8
0.9630724746664221,0.5052300579329793,0.48,1.0,0.7553191489361702,1.0,0.625,1,CyberVolk-4331d2c1d7e3b285c951be6ab77984072044cb0085e71b448d6858c421826bc8
0.9627781010316522,0.5396270623083577,0.5,1.0,0.75,1.0,0.625,1,CyberVolk-4331d2c1d7e3b285c951be6ab77984072044cb0085e71b448d6858c421826bc8
0.9627152940488432,0.5684771442075351,0.52,1.0,0.7448979591836735,1.0,0.625,1,CyberVolk-4331d2c1d7e3b285c951be6ab77984072044cb0085e71b448d6858c421826bc8
0.963192914099002,0.5961143341526779,0.54,1.0,0.74,1.0,0.625,1,CyberVolk-4331d2c1d7e3b285c951be6ab77984072044cb0085e71b448d6858c421826bc8
0.962709432866269,0.6423945025059956,0.56,1.0,0.7352941176470589,1.0,0.625,1,CyberVolk-4331d2c1d7e3b285c951be6ab77984072044cb0085e71b448d6858c421826bc8
0.9626227136040522,0.6479042617647275,0.58,1.0,0.7307692307692308,1.0,0.625,1,CyberVolk-4331d2c1d7e3b285c951be6ab77984072044cb0085e71b448d6858c421826bc8
0.9630866029322613,0.6976583531234606,0.6,1.0,0.7264150943396226,1.0,0.625,1,CyberVolk-4331d2c1d7e3b285c951be6ab77984072044cb0085e71b448d6858c421826bc8
0.9628206229895163,0.7399027199324273,0.62,1.0,0.7222222222222222,1.0,0.625,1,CyberVolk-4331d2c1d7e3b285c951be6ab77984072044cb0085e71b448d6858c421826bc8
0.9627222008040107,0.7876568454474874,0.64,1.0,0.7181818181818183,1.0,0.625,1,CyberVolk-4331d2c1d7e3b285c951be6ab77984072044cb0085e71b448d6858c421826bc8
0.963202559306361,0.8299370264618243,0.66,1.0,0.7142857142857143,1.0,0.625,1,CyberVolk-4331d2c1d7e3b285c951be6ab77984072044cb0085e71b448d6858c421826bc8
0.9618342833360495,0.8832008849504934,0.68,1.0,0.7105263157894737,1.0,0.625,1,CyberVolk-4331d2c1d7e3b285c951be6ab77984072044cb0085e71b448d6858c421826bc8
0.9617861542157502,0.8896910902606623,0.7,1.0,0.7068965517241379,1.0,0.625,1,CyberVolk-4331d2c1d7e3b285c951be6ab77984072044cb0085e71b448d6858c421826bc8
0.9623079761631615,0.9231317577983147,0.72,1.0,0.7033898305084746,1.0,0.625,1,CyberVolk-4331d2c1d7e3b285c951be6ab77984072044cb0085e71b448d6858c421826bc8
0.9624350608055501,0.960742235838732,0.74,1.0,0.7,1.0,0.625,1,CyberVolk-4331d2c1d7e3b285c951be6ab77984072044cb0085e71b448d6858c421826bc8
0.9623852867226363,0.9980061624092192,0.76,1.0,0.6967213114754098,1.0,0.625,1,CyberVolk-4331d2c1d7e3b285c951be6ab77984072044cb0085e71b448d6858c421826bc8
0.962774055482663,1.0,0.78,1.0,0.6935483870967742,1.0,0.625,1,CyberVolk-4331d2c1d7e3b285c951be6ab77984072044cb0085e71b448d6858c421826bc8
0.9622681408099205,1.0,0.8,1.0,0.6904761904761905,1.0,0.625,1,CyberVolk-4331d2c1d7e3b285c951be6ab77984072044cb0085e71b448d6858c421826bc8
0.9623499912797067,1.0,0.82,1.0,0.6875,1.0,0.625,1,CyberVolk-4331d2c1d7e3b285c951be6ab77984072044cb0085e71b448d6858c421826bc8
0.9626430211506645,1.0,0.84,1.0,0.6846153846153846,1.0,0.625,1,CyberVolk-4331d2c1d7e3b285c951be6ab77984072044cb0085e71b448d6858c421826bc8
0.9623751647776357,1.0,0.86,1.0,0.6818181818181819,1.0,0.625,1,CyberVolk-4331d2c1d7e3b285c951be6ab77984072044cb0085e71b448d6858c421826bc8
0.9624564489830424,1.0,0.88,1.0,0.6791044776119404,1.0,0.625,1,CyberVolk-4331d2c1d7e3b285c951be6ab77984072044cb0085e71b448d6858c421826bc8
0.9627494788540002,1.0,0.9,1.0,0.6764705882352942,1.0,0.625,1,CyberVolk-4331d2c1d7e3b285c951be6ab77984072044cb0085e71b448d6858c421826bc8
0.9624422770445499,1.0,0.92,1.0,0.6739130434782609,1.0,0.625,1,CyberVolk-4331d2c1d7e3b285c951be6ab77984072044cb0085e71b448d6858c421826bc8
0.9625380881173715,1.0,0.94,1.0,0.6714285714285715,1.0,0.625,1,CyberVolk-4331d2c1d7e3b285c951be6ab77984072044cb0085e71b448d6858c421826bc8
0.9629154038581225,1.0,0.96,1.0,0.6690140845070423,1.0,0.625,1,CyberVolk-4331d2c1d7e3b285c951be6ab77984072044cb0085e71b448d6858c421826bc8
0.9624944765069352,1.0,0.98,1.0,0.6666666666666667,1.0,0.625,1,CyberVolk-4331d2c1d7e3b285c951be6ab77984072044cb0085e71b448d6858c421826bc8
0.9625442621123272,1.0,1.0,1.0,0.6643835616438356,1.0,0.625,1,CyberVolk-4331d2c1d7e3b285c951be6ab77984072044cb0085e71b448d6858c421826bc8
0.9629277331572037,1.0,1.0,1.0,0.6621621621621622,1.0,0.625,1,CyberVolk-4331d2c1d7e3b285c951be6ab77984072044cb0085e71b448d6858c421826bc8
0.9625040366523732,1.0,1.0,1.0,0.6599999999999999,1.0,0.625,1,CyberVolk-4331d2c1d7e3b285c951be6ab77984072044cb0085e71b448d6858c421826bc8
0.9625994927849199,1.0,1.0,1.0,0.6578947368421053,1.0,0.625,1,CyberVolk-4331d2c1d7e3b285c951be6ab77984072044cb0085e71b448d6858c421826bc8
0.9629768085256708,1.0,1.0,1.0,0.6558441558441559,1.0,0.625,1,CyberVolk-4331d2c1d7e3b285c951be6ab77984072044cb0085e71b448d6858c421826bc8
0.9625535064083354,1.0,1.0,1.0,0.6538461538461539,1.0,0.625,1,CyberVolk-4331d2c1d7e3b285c951be6ab77984072044cb0085e71b448d6858c421826bc8
0.9626029676736096,1.0,1.0,1.0,0.6518987341772151,1.0,0.625,1,CyberVolk-4331d2c1d7e3b285c951be6ab77984072044cb0085e71b448d6858c421826bc8
0.9629864387184862,1.0,1.0,1.0,0.65,1.0,0.625,1,CyberVolk-4331d2c1d7e3b285c951be6ab77984072044cb0085e71b448d6858c421826bc8
0.9615273647129704,1.0,1.0,1.0,0.6481481481481481,1.0,0.625,1,CyberVolk-4331d2c1d7e3b285c951be6ab77984072044cb0085e71b448d6858c421826bc8
0.9617051152040081,1.0,1.0,1.0,0.6463414634146342,1.0,0.625,1,CyberVolk-4331d2c1d7e3b285c951be6ab77984072044cb0085e71b448d6858c421826bc8
0.9620124951173611,1.0,1.0,1.0,0.6445783132530121,1.0,0.625,1,CyberVolk-4331d2c1d7e3b285c951be6ab77984072044cb0085e71b448d6858c421826bc8
0.9618175532940635,1.0,1.0,1.0,0.6428571428571428,1.0,0.625,1,CyberVolk-4331d2c1d7e3b285c951be6ab77984072044cb0085e71b448d6858c421826bc8
0.9619659273770166,1.0,1.0,1.0,0.6411764705882352,1.0,0.625,1,CyberVolk-4331d2c1d7e3b285c951be6ab77984072044cb0085e71b448d6858c421826bc8
0.9622733072903695,1.0,1.0,1.0,0.6395348837209303,1.0,0.625,1,CyberVolk-4331d2c1d7e3b285c951be6ab77984072044cb0085e71b448d6858c421826bc8
0.9616125765453906,1.0,1.0,1.0,0.6379310344827587,1.0,0.625,1,CyberVolk-4331d2c1d7e3b285c951be6ab77984072044cb0085e71b448d6858c421826bc8
0.9617668748118314,1.0,1.0,1.0,0.6363636363636364,1.0,0.625,1,CyberVolk-4331d2c1d7e3b285c951be6ab77984072044cb0085e71b448d6858c421826bc8
0.9620742547251843,1.0,1.0,1.0,0.6348314606741573,1.0,0.625,1,CyberVolk-4331d2c1d7e3b285c951be6ab77984072044cb0085e71b448d6858c421826bc8
0.9620124853941959,1.0,1.0,1.0,0.6333333333333333,1.0,0.625,1,CyberVolk-4331d2c1d7e3b285c951be6ab77984072044cb0085e71b448d6858c421826bc8
0.9621335657916491,1.0,1.0,1.0,0.6318681318681318,1.0,0.625,1,CyberVolk-4331d2c1d7e3b285c951be6ab77984072044cb0085e71b448d6858c421826bc8
0.962322458472104,1.0,1.0,1.0,0.6304347826086957,1.0,0.625,1,CyberVolk-4331d2c1d7e3b285c951be6ab77984072044cb0085e71b448d6858c421826bc8
0.9612614321281395,1.0,1.0,1.0,0.6290322580645161,1.0,0.625,1,CyberVolk-4331d2c1d7e3b285c951be6ab77984072044cb0085e71b448d6858c421826bc8
0.9612686467613459,1.0,1.0,1.0,0.6276595744680851,1.0,0.625,1,CyberVolk-4331d2c1d7e3b285c951be6ab77984072044cb0085e71b448d6858c421826bc8
0.961895036960164,1.0,1.0,1.0,0.6263157894736842,1.0,0.625,1,CyberVolk-4331d2c1d7e3b285c951be6ab77984072044cb0085e71b448d6858c421826bc8
0.9613860750167946,1.0,1.0,1.0,0.625,1.0,0.625,1,CyberVolk-4331d2c1d7e3b285c951be6ab77984072044cb0085e71b448d6858c421826bc8
0.9613459321632519,1.0,1.0,1.0,0.6237113402061856,1.0,0.625,1,CyberVolk-4331d2c1d7e3b285c951be6ab77984072044cb0085e71b448d6858c421826bc8
0.9619701887298818,1.0,1.0,1.0,0.6224489795918368,1.0,0.625,1,CyberVolk-4331d2c1d7e3b285c951be6ab77984072044cb0085e71b448d6858c421826bc8
0.9620401607665697,1.0,1.0,1.0,0.6212121212121212,1.0,0.625,1,CyberVolk-4331d2c1d7e3b285c951be6ab77984072044cb0085e71b448d6858c421826bc8
0.9620439181710821,1.0,1.0,1.0,0.62,1.0,0.625,1,CyberVolk-4331d2c1d7e3b285c951be6ab77984072044cb0085e71b448d6858c421826bc8
0.9624960277878255,1.0,1.0,1.0,0.6188118811881188,1.0,0.625,1,CyberVolk-4331d2c1d7e3b285c951be6ab77984072044cb0085e71b448d6858c421826bc8
0.9621477233701261,1.0,1.0,1.0,0.6176470588235294,1.0,0.625,1,CyberVolk-4331d2c1d7e3b285c951be6ab77984072044cb0085e71b448d6858c421826bc8
0.9621048663011778,1.0,1.0,1.0,0.616504854368932,1.0,0.625,1,CyberVolk-4331d2c1d7e3b285c951be6ab77984072044cb0085e71b448d6858c421826bc8
0.9625628797105663,1.0,1.0,1.0,0.6153846153846154,1.0,0.625,1,CyberVolk-4331d2c1d7e3b285c951be6ab77984072044cb0085e71b448d6858c421826bc8
0.9613044432809307,1.0,1.0,1.0,0.6142857142857143,1.0,0.625,1,CyberVolk-4331d2c1d7e3b285c951be6ab77984072044cb0085e71b448d6858c421826bc8
0.9612983474047346,1.0,1.0,1.0,0.6132075471698113,1.0,0.625,1,CyberVolk-4331d2c1d7e3b285c951be6ab77984072044cb0085e71b448d6858c421826bc8
0.9618227581915388,1.0,1.0,1.0,0.6121495327102804,1.0,0.625,1,CyberVolk-4331d2c1d7e3b285c951be6ab77984072044cb0085e71b448d6858c421826bc8
0.9619929495363015,1.0,1.0,1.0,0.6111111111111112,1.0,0.625,1,CyberVolk-4331d2c1d7e3b285c951be6ab77984072044cb0085e71b448d6858c421826bc8
0.9619842272543181,1.0,1.0,1.0,0.6100917431192661,1.0,0.625,1,CyberVolk-4331d2c1d7e3b285c951be6ab77984072044cb0085e71b448d6858c421826bc8
0.9623682052429497,1.0,1.0,1.0,0.6090909090909091,1.0,0.625,1,CyberVolk-4331d2c1d7e3b285c951be6ab77984072044cb0085e71b448d6858c421826bc8
0.9618226995575665,1.0,1.0,1.0,0.6081081081081081,1.0,0.625,1,CyberVolk-4331d2c1d7e3b285c951be6ab77984072044cb0085e71b448d6858c421826bc8
0.9619533731993781,1.0,1.0,1.0,0.6071428571428572,1.0,0.625,1,CyberVolk-4331d2c1d7e3b285c951be6ab77984072044cb0085e71b448d6858c421826bc8
0.96223621022948,1.0,1.0,1.0,0.6061946902654867,1.0,0.625,1,CyberVolk-4331d2c1d7e3b285c951be6ab77984072044cb0085e71b448d6858c421826bc8
0.9618757113203589,1.0,1.0,1.0,0.6052631578947368,1.0,0.625,1,CyberVolk-4331d2c1d7e3b285c951be6ab77984072044cb0085e71b448d6858c421826bc8
0.9620060888070711,1.0,1.0,1.0,0.6043478260869566,1.0,0.625,1,CyberVolk-4331d2c1d7e3b285c951be6ab77984072044cb0085e71b448d6858c421826bc8
0.962288925837173,1.0,1.0,1.0,0.603448275862069,1.0,0.625,1,CyberVolk-4331d2c1d7e3b285c951be6ab77984072044cb0085e71b448d6858c421826bc8
0.9618162985743857,1.0,1.0,1.0,0.6025641025641026,1.0,0.625,1,CyberVolk-4331d2c1d7e3b285c951be6ab77984072044cb0085e71b448d6858c421826bc8
0.961972568899993,1.0,1.0,1.0,0.6016949152542372,1.0,0.625,1,CyberVolk-4331d2c1d7e3b285c951be6ab77984072044cb0085e71b448d6858c421826bc8
0.9623352901814348,1.0,1.0,1.0,0.6008403361344538,1.0,0.625,1,CyberVolk-4331d2c1d7e3b285c951be6ab77984072044cb0085e71b448d6858c421826bc8
0.9619255464626495,1.0,1.0,1.0,0.6,1.0,0.625,1,CyberVolk-4331d2c1d7e3b285c951be6ab77984072044cb0085e71b448d6858c421826bc8
0.9620276159844215,1.0,1.0,1.0,0.5991735537190083,1.0,0.625,1,CyberVolk-4331d2c1d7e3b285c951be6ab77984072044cb0085e71b448d6858c421826bc8
0.9624004673042508,1.0,1.0,1.0,0.5983606557377049,1.0,0.625,1,CyberVolk-4331d2c1d7e3b285c951be6ab77984072044cb0085e71b448d6858c421826bc8
0.9618162985743857,1.0,1.0,1.0,0.5975609756097561,1.0,0.625,1,CyberVolk-4331d2c1d7e3b285c951be6ab77984072044cb0085e71b448d6858c421826bc8
0.961972568899993,1.0,1.0,1.0,0.5967741935483871,1.0,0.625,1,CyberVolk-4331d2c1d7e3b285c951be6ab77984072044cb0085e71b448d6858c421826bc8
0.9623352901814348,1.0,1.0,1.0,0.596,1.0,0.625,1,CyberVolk-4331d2c1d7e3b285c951be6ab77984072044cb0085e71b448d6858c421826bc8
0.9619255464626495,1.0,1.0,1.0,0.5952380952380952,1.0,0.625,1,CyberVolk-4331d2c1d7e3b285c951be6ab77984072044cb0085e71b448d6858c421826bc8
0.9620276159844215,1.0,1.0,1.0,0.594488188976378,1.0,0.625,1,CyberVolk-4331d2c1d7e3b285c951be6ab77984072044cb0085e71b448d6858c421826bc8
0.9624004673042508,1.0,1.0,1.0,0.59375,1.0,0.625,1,CyberVolk-4331d2c1d7e3b285c951be6ab77984072044cb0085e71b448d6858c421826bc8
0.9609218692909725,1.0,1.0,1.0,0.5930232558139534,1.0,0.625,1,CyberVolk-4331d2c1d7e3b285c951be6ab77984072044cb0085e71b448d6858c421826bc8
0.9616294496062289,1.0,1.0,1.0,0.5923076923076923,1.0,0.625,1,CyberVolk-4331d2c1d7e3b285c951be6ab77984072044cb0085e71b448d6858c421826bc8
0.9608819404347699,1.0,1.0,1.0,0.5916030534351144,1.0,0.625,1,CyberVolk-4331d2c1d7e3b285c951be6ab77984072044cb0085e71b448d6858c421826bc8
0.9615154751642132,1.0,1.0,1.0,0.5909090909090908,1.0,0.625,1,CyberVolk-4331d2c1d7e3b285c951be6ab77984072044cb0085e71b448d6858c421826bc8
0.9610862750894436,1.0,1.0,1.0,0.5902255639097744,1.0,0.625,1,CyberVolk-4331d2c1d7e3b285c951be6ab77984072044cb0085e71b448d6858c421826bc8
0.9611396617569881,1.0,1.0,1.0,0.5895522388059702,1.0,0.625,1,CyberVolk-4331d2c1d7e3b285c951be6ab77984072044cb0085e71b448d6858c421826bc8
0.9617877407885163,1.0,1.0,1.0,0.5888888888888889,1.0,0.625,1,CyberVolk-4331d2c1d7e3b285c951be6ab77984072044cb0085e71b448d6858c421826bc8
0.9613727266392825,1.0,1.0,1.0,0.5882352941176471,1.0,0.625,1,CyberVolk-4331d2c1d7e3b285c951be6ab77984072044cb0085e71b448d6858c421826bc8
0.9613334888538597,1.0,1.0,1.0,0.5875912408759124,1.0,0.625,1,CyberVolk-4331d2c1d7e3b285c951be6ab77984072044cb0085e71b448d6858c421826bc8
0.9618965812051267,1.0,1.0,1.0,0.5869565217391304,1.0,0.625,1,CyberVolk-4331d2c1d7e3b285c951be6ab77984072044cb0085e71b448d6858c421826bc8
0.9611923289744321,1.0,1.0,1.0,0.5863309352517986,1.0,0.625,1,CyberVolk-4331d2c1d7e3b285c951be6ab77984072044cb0085e71b448d6858c421826bc8
0.9612228543820626,1.0,1.0,1.0,0.5857142857142856,1.0,0.625,1,CyberVolk-4331d2c1d7e3b285c951be6ab77984072044cb0085e71b448d6858c421826bc8
0.961899024672781,1.0,1.0,1.0,0.5851063829787234,1.0,0.625,1,CyberVolk-4331d2c1d7e3b285c951be6ab77984072044cb0085e71b448d6858c421826bc8
0.9614681971422326,1.0,1.0,1.0,0.5845070422535211,1.0,0.625,1,CyberVolk-4331d2c1d7e3b285c951be6ab77984072044cb0085e71b448d6858c421826bc8
0.9614091168589868,1.0,1.0,1.0,0.583916083916084,1.0,0.625,1,CyberVolk-4331d2c1d7e3b285c951be6ab77984072044cb0085e71b448d6858c421826bc8
0.9619955011574602,1.0,1.0,1.0,0.5833333333333333,1.0,0.625,1,CyberVolk-4331d2c1d7e3b285c951be6ab77984072044cb0085e71b448d6858c421826bc8
0.9612388692807688,1.0,1.0,1.0,0.5827586206896551,1.0,0.625,1,CyberVolk-4331d2c1d7e3b285c951be6ab77984072044cb0085e71b448d6858c421826bc8
0.9613102141474723,1.0,1.0,1.0,0.5821917808219178,1.0,0.625,1,CyberVolk-4331d2c1d7e3b285c951be6ab77984072044cb0085e71b448d6858c421826bc8
0.9618487493352624,1.0,1.0,1.0,0.5816326530612245,1.0,0.625,1,CyberVolk-4331d2c1d7e3b285c951be6ab77984072044cb0085e71b448d6858c421826bc8
0.9613928099042455,1.0,1.0,1.0,0.5810810810810811,1.0,0.625,1,CyberVolk-4331d2c1d7e3b285c951be6ab77984072044cb0085e71b448d6858c421826bc8
0.9614633571511382,1.0,1.0,1.0,0.5805369127516778,1.0,0.625,1,CyberVolk-4331d2c1d7e3b285c951be6ab77984072044cb0085e71b448d6858c421826bc8
0.9620018923389283,1.0,1.0,1.0,0.5800000000000001,1.0,0.625,1,CyberVolk-4331d2c1d7e3b285c951be6ab77984072044cb0085e71b448d6858c421826bc8
0.961937854826632,1.0,1.0,1.0,0.5794701986754967,1.0,0.625,1,CyberVolk-4331d2c1d7e3b285c951be6ab77984072044cb0085e71b448d6858c421826bc8
0.9624719473816973,1.0,1.0,1.0,0.5789473684210527,1.0,0.625,1,CyberVolk-4331d2c1d7e3b285c951be6ab77984072044cb0085e71b448d6858c421826bc8
0.9631708517538916,1.0,1.0,1.0,0.5784313725490196,1.0,0.625,1,CyberVolk-4331d2c1d7e3b285c951be6ab77984072044cb0085e71b448d6858c421826bc8
0.9637612202610262,1.0,1.0,1.0,0.577922077922078,1.0,0.625,1,CyberVolk-4331d2c1d7e3b285c951be6ab77984072044cb0085e71b448d6858c421826bc8
0.9631708517538916,1.0,1.0,1.0,0.5774193548387097,1.0,0.625,1,CyberVolk-4331d2c1d7e3b285c951be6ab77984072044cb0085e71b448d6858c421826bc8
0.9637612202610262,1.0,1.0,1.0,0.5769230769230769,1.0,0.625,1,CyberVolk-4331d2c1d7e3b285c951be6ab77984072044cb0085e71b448d6858c421826bc8
0.9632164307222154,1.0,1.0,1.0,0.5764331210191083,1.0,0.625,1,CyberVolk-4331d2c1d7e3b285c951be6ab77984072044cb0085e71b448d6858c421826bc8
0.9638097659052653,1.0,1.0,1.0,0.5759493670886076,1.0,0.625,1,CyberVolk-4331d2c1d7e3b285c951be6ab77984072044cb0085e71b448d6858c421826bc8
0.9630433850248433,1.0,1.0,1.0,0.5754716981132075,1.0,0.625,1,CyberVolk-4331d2c1d7e3b285c951be6ab77984072044cb0085e71b448d6858c421826bc8
0.9636367202078933,1.0,1.0,1.0,0.575,1.0,0.625,1,CyberVolk-4331d2c1d7e3b285c951be6ab77984072044cb0085e71b448d6858c421826bc8
0.9630733952408267,1.0,1.0,1.0,0.5745341614906831,1.0,0.625,1,CyberVolk-4331d2c1d7e3b285c951be6ab77984072044cb0085e71b448d6858c421826bc8
0.9637346981465982,1.0,1.0,1.0,0.5740740740740741,1.0,0.625,1,CyberVolk-4331d2c1d7e3b285c951be6ab77984072044cb0085e71b448d6858c421826bc8
0.9630733952408267,1.0,1.0,1.0,0.5736196319018405,1.0,0.625,1,CyberVolk-4331d2c1d7e3b285c951be6ab77984072044cb0085e71b448d6858c421826bc8
0.9637346981465982,1.0,1.0,1.0,0.5731707317073171,1.0,0.625,1,CyberVolk-4331d2c1d7e3b285c951be6ab77984072044cb0085e71b448d6858c421826bc8
0.9631198645795687,1.0,1.0,1.0,0.5727272727272728,1.0,0.625,1,CyberVolk-4331d2c1d7e3b285c951be6ab77984072044cb0085e71b448d6858c421826bc8
0.9637845243528821,1.0,1.0,1.0,0.572289156626506,1.0,0.625,1,CyberVolk-4331d2c1d7e3b285c951be6ab77984072044cb0085e71b448d6858c421826bc8
0.9629450620730862,1.0,1.0,1.0,0.5718562874251497,1.0,0.625,1,CyberVolk-4331d2c1d7e3b285c951be6ab77984072044cb0085e71b448d6858c421826bc8
0.9636097218463997,1.0,1.0,1.0,0.5714285714285714,1.0,0.625,1,CyberVolk-4331d2c1d7e3b285c951be6ab77984072044cb0085e71b448d6858c421826bc8
0.9617567673078903,1.0,1.0,1.0,0.5710059171597632,1.0,0.625,1,CyberVolk-4331d2c1d7e3b285c951be6ab77984072044cb0085e71b448d6858c421826bc8
0.9618919021913142,1.0,1.0,1.0,0.5705882352941176,1.0,0.625,1,CyberVolk-4331d2c1d7e3b285c951be6ab77984072044cb0085e71b448d6858c421826bc8
0.9624996539734613,1.0,1.0,1.0,0.5701754385964912,1.0,0.625,1,CyberVolk-4331d2c1d7e3b285c951be6ab77984072044cb0085e71b448d6858c421826bc8
0.13646075659328394,1.0,1.0,1.0,0.5726744186046512,1.0,0.625,1,CyberVolk-4331d2c1d7e3b285c951be6ab77984072044cb0085e71b448d6858c421826bc8
0.13646075659328394,1.0,1.0,1.0,0.5751445086705202,1.0,0.625,1,CyberVolk-4331d2c1d7e3b285c951be6ab77984072044cb0085e71b448d6858c421826bc8
0.13646075659328394,1.0,1.0,1.0,0.5775862068965517,1.0,0.625,1,CyberVolk-4331d2c1d7e3b285c951be6ab77984072044cb0085e71b448d6858c421826bc8
0.11789174607420132,1.0,1.0,1.0,0.5800000000000001,1.0,0.625,1,CyberVolk-4331d2c1d7e3b285c951be6ab77984072044cb0085e71b448d6858c421826bc8
0.11789174607420132,1.0,1.0,1.0,0.5823863636363636,1.0,0.625,1,CyberVolk-4331d2c1d7e3b285c951be6ab77984072044cb0085e71b448d6858c421826bc8
0.9595024940847374,1.0,1.0,1.0,0.5819209039548023,1.0,0.625,1,CyberVolk-4331d2c1d7e3b285c951be6ab77984072044cb0085e71b448d6858c421826bc8
0.9614986235603581,1.0,1.0,1.0,0.5814606741573034,1.0,0.625,1,CyberVolk-4331d2c1d7e3b285c951be6ab77984072044cb0085e71b448d6858c421826bc8
0.9614963935595487,1.0,1.0,1.0,0.5810055865921788,1.0,0.625,1,CyberVolk-4331d2c1d7e3b285c951be6ab77984072044cb0085e71b448d6858c421826bc8
0.9617325978247435,1.0,1.0,1.0,0.5805555555555555,1.0,0.625,1,CyberVolk-4331d2c1d7e3b285c951be6ab77984072044cb0085e71b448d6858c421826bc8
0.9617492460316595,1.0,1.0,1.0,0.580110497237569,1.0,0.625,1,CyberVolk-4331d2c1d7e3b285c951be6ab77984072044cb0085e71b448d6858c421826bc8
0.13646075659328394,1.0,1.0,1.0,0.5824175824175823,1.0,0.625,1,CyberVolk-4331d2c1d7e3b285c951be6ab77984072044cb0085e71b448d6858c421826bc8
0.13646075659328394,1.0,1.0,1.0,0.5846994535519126,1.0,0.625,1,CyberVolk-4331d2c1d7e3b285c951be6ab77984072044cb0085e71b448d6858c421826bc8
0.9578663465610875,1.0,1.0,1.0,0.5842391304347826,1.0,0.625,1,CyberVolk-4331d2c1d7e3b285c951be6ab77984072044cb0085e71b448d6858c421826bc8
0.9581387133121999,1.0,1.0,1.0,0.5837837837837838,1.0,0.625,1,CyberVolk-4331d2c1d7e3b285c951be6ab77984072044cb0085e71b448d6858c421826bc8
0.9566824711433711,1.0,1.0,1.0,0.5833333333333333,1.0,0.625,1,CyberVolk-4331d2c1d7e3b285c951be6ab77984072044cb0085e71b448d6858c421826bc8
0.9559666976711599,1.0,1.0,1.0,0.5828877005347594,1.0,0.625,1,CyberVolk-4331d2c1d7e3b285c951be6ab77984072044cb0085e71b448d6858c421826bc8
0.9561467878082829,1.0,1.0,1.0,0.5824468085106382,1.0,0.625,1,CyberVolk-4331d2c1d7e3b285c951be6ab77984072044cb0085e71b448d6858c421826bc8
0.11789174607420132,1.0,1.0,1.0,0.5846560846560847,1.0,0.625,1,CyberVolk-4331d2c1d7e3b285c951be6ab77984072044cb0085e71b448d6858c421826bc8
0.955835535381645,0.5435275175560625,0.02,0.05,0.8,0.0,0.625,1,CyberVolk-48630e76e438952a2030f1db408993e088839a801243b5d42e559afda4189f33
0.13646075659328394,1.0,0.04,0.1,0.5,0.04960159612028318,0.625,1,CyberVolk-48630e76e438952a2030f1db408993e088839a801243b5d42e559afda4189f33
0.09294587706181785,1.0,0.06,0.15,0.5,0.098807962873877,0.625,1,CyberVolk-48630e76e438952a2030f1db408993e088839a801243b5d42e559afda4189f33
0.11789174607420132,0.7601822499435653,0.08,0.2,0.5,0.14762224947904282,0.625,1,CyberVolk-48630e76e438952a2030f1db408993e088839a801243b5d42e559afda4189f33
0.9626008292264994,0.6446586491049021,0.1,0.25,0.5,0.19604758006082648,0.625,1,CyberVolk-48630e76e438952a2030f1db408993e088839a801243b5d42e559afda4189f33
0.9626008292264994,0.5505185941384008,0.1,0.25,0.5833333333333333,0.24408705385100307,0.625,1,CyberVolk-48630e76e438952a2030f1db408993e088839a801243b5d42e559afda4189f33
0.9625500017541209,0.47982466091253084,0.12,0.3,0.5714285714285714,0.2917437453864285,0.625,1,CyberVolk-48630e76e438952a2030f1db408993e088839a801243b5d42e559afda4189f33
0.13646075659328394,0.6976824157190967,0.12,0.3,0.625,0.33902070470581025,0.625,1,CyberVolk-48630e76e438952a2030f1db408993e088839a801243b5d42e559afda4189f33
0.11789174607420132,0.6442620459305423,0.14,0.3,0.6666666666666667,0.38592095754491085,0.625,1,CyberVolk-48630e76e438952a2030f1db408993e088839a801243b5d42e559afda4189f33
0.13646075659328394,0.5757691347779323,0.14,0.3,0.7,0.4324475055301956,0.625,1,CyberVolk-48630e76e438952a2030f1db408993e088839a801243b5d42e559afda4189f33
0.13646075659328394,0.5365975124117125,0.14,0.3,0.7272727272727273,0.47860332637093694,0.625,1,CyberVolk-48630e76e438952a2030f1db408993e088839a801243b5d42e559afda4189f33
0.13646075659328394,0.5091507538303491,0.14,0.3,0.75,0.524391374049789,0.625,1,CyberVolk-48630e76e438952a2030f1db408993e088839a801243b5d42e559afda4189f33
0.13646075659328394,0.48877165279957185,0.14,0.3,0.7692307692307692,0.5698145790118427,0.625,1,CyberVolk-48630e76e438952a2030f1db408993e088839a801243b5d42e559afda4189f33
0.1240619113197842,0.4699733272085451,0.16,0.35,0.75,0.6148757310739256,0.625,1,CyberVolk-48630e76e438952a2030f1db408993e088839a801243b5d42e559afda4189f33
0.955835535381645,0.4501074968968298,0.16,0.35,0.7666666666666666,0.6595779496581373,0.625,1,CyberVolk-48630e76e438952a2030f1db408993e088839a801243b5d42e559afda4189f33
0.13646075659328394,0.5668429064098045,0.16,0.35,0.78125,0.7039239774960311,0.625,1,CyberVolk-48630e76e438952a2030f1db408993e088839a801243b5d42e559afda4189f33
0.11789174607420132,0.547949559810756,0.16,0.35,0.7941176470588236,0.7479166527431119,0.625,1,CyberVolk-48630e76e438952a2030f1db408993e088839a801243b5d42e559afda4189f33
0.13646075659328394,0.5304031253802667,0.16,0.35,0.8055555555555556,0.7915587909402417,0.625,1,CyberVolk-48630e76e438952a2030f1db408993e088839a801243b5d42e559afda4189f33
0.13646075659328394,0.5158105405379109,0.16,0.35,0.8157894736842105,0.8348531851938338,0.625,1,CyberVolk-48630e76e438952a2030f1db408993e088839a801243b5d42e559afda4189f33
0.13646075659328394,0.503505255466116,0.16,0.35,0.825,0.8778026063546134,0.625,1,CyberVolk-48630e76e438952a2030f1db408993e088839a801243b5d42e559afda4189f33
0.9526572648577314,0.4948628095246616,0.18,0.4,0.8095238095238095,0.9204098031949522,0.625,1,CyberVolk-48630e76e438952a2030f1db408993e088839a801243b5d42e559afda4189f33
0.11008364355853975,0.5790119495487164,0.2,0.45,0.7954545454545454,0.9626775025847902,0.625,1,CyberVolk-48630e76e438952a2030f1db408993e088839a801243b5d42e559afda4189f33
0.13646075659328394,0.5655651876078681,0.2,0.45,0.8043478260869565,1.0,0.625,1,CyberVolk-48630e76e438952a2030f1db408993e088839a801243b5d42e559afda4189f33
0.13646075659328394,0.5537309209970998,0.2,0.45,0.8125,1.0,0.625,1,CyberVolk-48630e76e438952a2030f1db408993e088839a801243b5d42e559afda4189f33
0.13646075659328394,0.5432454000035588,0.2,0.45,0.8200000000000001,1.0,0.625,1,CyberVolk-48630e76e438952a2030f1db408993e088839a801243b5d42e559afda4189f33
0.13646075659328394,0.5339002559670385,0.2,0.45,0.8269230769230769,1.0,0.625,1,CyberVolk-48630e76e438952a2030f1db408993e088839a801243b5d42e559afda4189f33
0.9571738705611612,0.589699719969929,0.22,0.5,0.8148148148148149,1.0,0.625,1,CyberVolk-48630e76e438952a2030f1db408993e088839a801243b5d42e559afda4189f33
0.9603319543102382,0.5643400240078961,0.24,0.55,0.8035714285714286,1.0,0.625,1,CyberVolk-48630e76e438952a2030f1db408993e088839a801243b5d42e559afda4189f33
0.952016418237629,0.5414585783554242,0.26,0.6,0.7931034482758621,1.0,0.625,1,CyberVolk-48630e76e438952a2030f1db408993e088839a801243b5d42e559afda4189f33
0.9599802314341889,0.5257265530222515,0.28,0.65,0.7833333333333333,1.0,0.625,1,CyberVolk-48630e76e438952a2030f1db408993e088839a801243b5d42e559afda4189f33
0.9589840226395235,0.5117028368833089,0.3,0.7,0.7741935483870968,1.0,0.625,1,CyberVolk-48630e76e438952a2030f1db408993e088839a801243b5d42e559afda4189f33
0.9605752189998135,0.4928551569965361,0.32,0.75,0.765625,1.0,0.625,1,CyberVolk-48630e76e438952a2030f1db408993e088839a801243b5d42e559afda4189f33
0.9597260315039128,0.4755968930728465,0.34,0.8,0.7575757575757576,1.0,0.625,1,CyberVolk-48630e76e438952a2030f1db408993e088839a801243b5d42e559afda4189f33
0.9610031385695106,0.4645409355648177,0.36,0.85,0.75,1.0,0.625,1,CyberVolk-48630e76e438952a2030f1db408993e088839a801243b5d42e559afda4189f33
0.9603200142962,0.4545459085765657,0.38,0.9,0.7428571428571429,1.0,0.625,1,CyberVolk-48630e76e438952a2030f1db408993e088839a801243b5d42e559afda4189f33
0.961077043869105,0.4465534280744669,0.4,0.95,0.7361111111111112,1.0,0.625,1,CyberVolk-48630e76e438952a2030f1db408993e088839a801243b5d42e559afda4189f33
0.9605610638328764,0.4883841900851705,0.42,1.0,0.7297297297297297,1.0,0.625,1,CyberVolk-48630e76e438952a2030f1db408993e088839a801243b5d42e559afda4189f33
0.9600727421574932,0.5331738554725509,0.44,1.0,0.7236842105263157,1.0,0.625,1,CyberVolk-48630e76e438952a2030f1db408993e088839a801243b5d42e559afda4189f33
0.9590865888762306,0.5775048621745487,0.46,1.0,0.717948717948718,1.0,0.625,1,CyberVolk-48630e76e438952a2030f1db408993e088839a801243b5d42e559afda4189f33
0.9606745463027297,0.6126396268879432,0.48,1.0,0.7125,1.0,0.625,1,CyberVolk-48630e76e438952a2030f1db408993e088839a801243b5d42e559afda4189f33
0.959837044371878,0.6538874126590443,0.5,1.0,0.7073170731707317,1.0,0.625,1,CyberVolk-48630e76e438952a2030f1db408993e088839a801243b5d42e559afda4189f33
0.9611103669078861,0.6853607908617987,0.52,1.0,0.7023809523809523,1.0,0.625,1,CyberVolk-48630e76e438952a2030f1db408993e088839a801243b5d42e559afda4189f33
0.9604409898574441,0.7152904011125029,0.54,1.0,0.6976744186046512,1.0,0.625,1,CyberVolk-48630e76e438952a2030f1db408993e088839a801243b5d42e559afda4189f33
0.955835535381645,0.7483287555582647,0.54,1.0,0.7045454545454546,1.0,0.625,1,CyberVolk-48630e76e438952a2030f1db408993e088839a801243b5d42e559afda4189f33
0.1240619113197842,0.7753814402020801,0.54,1.0,0.7111111111111111,1.0,0.625,1,CyberVolk-48630e76e438952a2030f1db408993e088839a801243b5d42e559afda4189f33
0.11008364355853975,0.8071770890060905,0.54,1.0,0.7173913043478262,1.0,0.625,1,CyberVolk-48630e76e438952a2030f1db408993e088839a801243b5d42e559afda4189f33
0.9603178401967088,0.8091609886843167,0.56,1.0,0.7127659574468085,1.0,0.625,1,CyberVolk-48630e76e438952a2030f1db408993e088839a801243b5d42e559afda4189f33
0.9593583280066653,0.8398200810664196,0.58,1.0,0.7083333333333333,1.0,0.625,1,CyberVolk-48630e76e438952a2030f1db408993e088839a801243b5d42e559afda4189f33
0.9609377041974665,0.8666253961393279,0.6,1.0,0.7040816326530612,1.0,0.625,1,CyberVolk-48630e76e438952a2030f1db408993e088839a801243b5d42e559afda4189f33
0.9601311620189369,0.8882996250173099,0.62,1.0,0.7,1.0,0.625,1,CyberVolk-48630e76e438952a2030f1db408993e088839a801243b5d42e559afda4189f33
0.961394457816977,0.9305798077228516,0.64,1.0,0.696078431372549,1.0,0.625,1,CyberVolk-48630e76e438952a2030f1db408993e088839a801243b5d42e559afda4189f33
0.9607615026779569,0.9345797913743832,0.66,1.0,0.6923076923076923,1.0,0.625,1,CyberVolk-48630e76e438952a2030f1db408993e088839a801243b5d42e559afda4189f33
0.9603178401967088,0.9858436542345302,0.68,1.0,0.6886792452830188,1.0,0.625,1,CyberVolk-48630e76e438952a2030f1db408993e088839a801243b5d42e559afda4189f33
0.9593583280066653,1.0,0.7,1.0,0.6851851851851851,1.0,0.625,1,CyberVolk-48630e76e438952a2030f1db408993e088839a801243b5d42e559afda4189f33
0.9609377041974665,1.0,0.72,1.0,0.6818181818181819,1.0,0.625,1,CyberVolk-48630e76e438952a2030f1db408993e088839a801243b5d42e559afda4189f33
0.954374808708217,1.0,0.74,1.0,0.6785714285714286,1.0,0.625,1,CyberVolk-48630e76e438952a2030f1db408993e088839a801243b5d42e559afda4189f33
0.9601311620189369,1.0,0.76,1.0,0.6754385964912281,1.0,0.625,1,CyberVolk-48630e76e438952a2030f1db408993e088839a801243b5d42e559afda4189f33
0.961394457816977,1.0,0.78,1.0,0.6724137931034483,1.0,0.625,1,CyberVolk-48630e76e438952a2030f1db408993e088839a801243b5d42e559afda4189f33
0.9607615026779569,1.0,0.8,1.0,0.6694915254237288,1.0,0.625,1,CyberVolk-48630e76e438952a2030f1db408993e088839a801243b5d42e559afda4189f33
0.9609377041974665,1.0,0.82,1.0,0.6666666666666667,1.0,0.625,1,CyberVolk-48630e76e438952a2030f1db408993e088839a801243b5d42e559afda4189f33
0.9601311620189369,1.0,0.84,1.0,0.6639344262295082,1.0,0.625,1,CyberVolk-48630e76e438952a2030f1db408993e088839a801243b5d42e559afda4189f33
0.961394457816977,1.0,0.86,1.0,0.6612903225806452,1.0,0.625,1,CyberVolk-48630e76e438952a2030f1db408993e088839a801243b5d42e559afda4189f33
0.9607615026779569,1.0,0.88,1.0,0.6587301587301587,1.0,0.625,1,CyberVolk-48630e76e438952a2030f1db408993e088839a801243b5d42e559afda4189f33
0.9606745463027297,1.0,0.9,1.0,0.65625,1.0,0.625,1,CyberVolk-48630e76e438952a2030f1db408993e088839a801243b5d42e559afda4189f33
0.959837044371878,1.0,0.92,1.0,0.6538461538461539,1.0,0.625,1,CyberVolk-48630e76e438952a2030f1db408993e088839a801243b5d42e559afda4189f33
0.9611103669078861,1.0,0.94,1.0,0.6515151515151515,1.0,0.625,1,CyberVolk-48630e76e438952a2030f1db408993e088839a801243b5d42e559afda4189f33
0.9604409898574441,1.0,0.96,1.0,0.6492537313432836,1.0,0.625,1,CyberVolk-48630e76e438952a2030f1db408993e088839a801243b5d42e559afda4189f33
0.9609377041974665,1.0,0.98,1.0,0.6470588235294117,1.0,0.625,1,CyberVolk-48630e76e438952a2030f1db408993e088839a801243b5d42e559afda4189f33
0.9601311620189369,1.0,1.0,1.0,0.644927536231884,1.0,0.625,1,CyberVolk-48630e76e438952a2030f1db408993e088839a801243b5d42e559afda4189f33
0.961394457816977,1.0,1.0,1.0,0.6428571428571428,1.0,0.625,1,CyberVolk-48630e76e438952a2030f1db408993e088839a801243b5d42e559afda4189f33
0.9607615026779569,1.0,1.0,1.0,0.6408450704225352,1.0,0.625,1,CyberVolk-48630e76e438952a2030f1db408993e088839a801243b5d42e559afda4189f33
0.9609377041974665,1.0,1.0,1.0,0.6388888888888888,1.0,0.625,1,CyberVolk-48630e76e438952a2030f1db408993e088839a801243b5d42e559afda4189f33
0.9601311620189369,1.0,1.0,1.0,0.636986301369863,1.0,0.625,1,CyberVolk-48630e76e438952a2030f1db408993e088839a801243b5d42e559afda4189f33
0.961394457816977,1.0,1.0,1.0,0.6351351351351351,1.0,0.625,1,CyberVolk-48630e76e438952a2030f1db408993e088839a801243b5d42e559afda4189f33
0.9607615026779569,1.0,1.0,1.0,0.6333333333333333,1.0,0.625,1,CyberVolk-48630e76e438952a2030f1db408993e088839a801243b5d42e559afda4189f33
0.9609377041974665,1.0,1.0,1.0,0.631578947368421,1.0,0.625,1,CyberVolk-48630e76e438952a2030f1db408993e088839a801243b5d42e559afda4189f33
0.9601311620189369,1.0,1.0,1.0,0.6298701298701299,1.0,0.625,1,CyberVolk-48630e76e438952a2030f1db408993e088839a801243b5d42e559afda4189f33
0.961394457816977,1.0,1.0,1.0,0.6282051282051282,1.0,0.625,1,CyberVolk-48630e76e438952a2030f1db408993e088839a801243b5d42e559afda4189f33
0.9607615026779569,1.0,1.0,1.0,0.6265822784810127,1.0,0.625,1,CyberVolk-48630e76e438952a2030f1db408993e088839a801243b5d42e559afda4189f33
0.9609377041974665,1.0,1.0,1.0,0.625,1.0,0.625,1,CyberVolk-48630e76e438952a2030f1db408993e088839a801243b5d42e559afda4189f33
0.9601311620189369,1.0,1.0,1.0,0.6234567901234568,1.0,0.625,1,CyberVolk-48630e76e438952a2030f1db408993e088839a801243b5d42e559afda4189f33
0.961394457816977,1.0,1.0,1.0,0.6219512195121951,1.0,0.625,1,CyberVolk-48630e76e438952a2030f1db408993e088839a801243b5d42e559afda4189f33
0.9607615026779569,1.0,1.0,1.0,0.6204819277108433,1.0,0.625,1,CyberVolk-48630e76e438952a2030f1db408993e088839a801243b5d42e559afda4189f33
0.9599115780794534,1.0,1.0,1.0,0.6190476190476191,1.0,0.625,1,CyberVolk-48630e76e438952a2030f1db408993e088839a801243b5d42e559afda4189f33
0.955835535381645,1.0,1.0,1.0,0.6235294117647059,1.0,0.625,1,CyberVolk-48630e76e438952a2030f1db408993e088839a801243b5d42e559afda4189f33
0.1240619113197842,1.0,1.0,1.0,0.627906976744186,1.0,0.625,1,CyberVolk-48630e76e438952a2030f1db408993e088839a801243b5d42e559afda4189f33
0.9589174322019084,1.0,1.0,1.0,0.6264367816091954,1.0,0.625,1,CyberVolk-48630e76e438952a2030f1db408993e088839a801243b5d42e559afda4189f33
0.11008364355853975,1.0,1.0,1.0,0.6306818181818181,1.0,0.625,1,CyberVolk-48630e76e438952a2030f1db408993e088839a801243b5d42e559afda4189f33
0.9605214921764632,1.0,1.0,1.0,0.6292134831460674,1.0,0.625,1,CyberVolk-48630e76e438952a2030f1db408993e088839a801243b5d42e559afda4189f33
0.9596798118557265,1.0,1.0,1.0,0.6277777777777778,1.0,0.625,1,CyberVolk-48630e76e438952a2030f1db408993e088839a801243b5d42e559afda4189f33
0.9609659604497521,1.0,1.0,1.0,0.6263736263736264,1.0,0.625,1,CyberVolk-48630e76e438952a2030f1db408993e088839a801243b5d42e559afda4189f33
0.9602975596221921,1.0,1.0,1.0,0.625,1.0,0.625,1,CyberVolk-48630e76e438952a2030f1db408993e088839a801243b5d42e559afda4189f33
0.9610563326767654,1.0,1.0,1.0,0.6236559139784946,1.0,0.625,1,CyberVolk-48630e76e438952a2030f1db408993e088839a801243b5d42e559afda4189f33
0.9605641956739673,1.0,1.0,1.0,0.6223404255319149,1.0,0.625,1,CyberVolk-48630e76e438952a2030f1db408993e088839a801243b5d42e559afda4189f33
0.9605752189998135,1.0,1.0,1.0,0.6210526315789473,1.0,0.625,1,CyberVolk-48630e76e438952a2030f1db408993e088839a801243b5d42e559afda4189f33
0.954374808708217,1.0,1.0,1.0,0.625,1.0,0.625,1,CyberVolk-48630e76e438952a2030f1db408993e088839a801243b5d42e559afda4189f33
0.9597260315039128,1.0,1.0,1.0,0.6237113402061856,1.0,0.625,1,CyberVolk-48630e76e438952a2030f1db408993e088839a801243b5d42e559afda4189f33
0.9610031385695106,1.0,1.0,1.0,0.6224489795918368,1.0,0.625,1,CyberVolk-48630e76e438952a2030f1db408993e088839a801243b5d42e559afda4189f33
0.9603200142962,1.0,1.0,1.0,0.6212121212121212,1.0,0.625,1,CyberVolk-48630e76e438952a2030f1db408993e088839a801243b5d42e559afda4189f33
0.9609377041974665,1.0,1.0,1.0,0.62,1.0,0.625,1,CyberVolk-48630e76e438952a2030f1db408993e088839a801243b5d42e559afda4189f33
0.9601311620189369,1.0,1.0,1.0,0.6188118811881188,1.0,0.625,1,CyberVolk-48630e76e438952a2030f1db408993e088839a801243b5d42e559afda4189f33
0.961394457816977,1.0,1.0,1.0,0.6176470588235294,1.0,0.625,1,CyberVolk-48630e76e438952a2030f1db408993e088839a801243b5d42e559afda4189f33
0.9607615026779569,1.0,1.0,1.0,0.616504854368932,1.0,0.625,1,CyberVolk-48630e76e438952a2030f1db408993e088839a801243b5d42e559afda4189f33
0.9606745463027297,1.0,1.0,1.0,0.6153846153846154,1.0,0.625,1,CyberVolk-48630e76e438952a2030f1db408993e088839a801243b5d42e559afda4189f33
0.959837044371878,1.0,1.0,1.0,0.6142857142857143,1.0,0.625,1,CyberVolk-48630e76e438952a2030f1db408993e088839a801243b5d42e559afda4189f33
0.9611103669078861,1.0,1.0,1.0,0.6132075471698113,1.0,0.625,1,CyberVolk-48630e76e438952a2030f1db408993e088839a801243b5d42e559afda4189f33
0.9604409898574441,1.0,1.0,1.0,0.6121495327102804,1.0,0.625,1,CyberVolk-48630e76e438952a2030f1db408993e088839a801243b5d42e559afda4189f33
0.9609377041974665,1.0,1.0,1.0,0.6111111111111112,1.0,0.625,1,CyberVolk-48630e76e438952a2030f1db408993e088839a801243b5d42e559afda4189f33
0.9601311620189369,1.0,1.0,1.0,0.6100917431192661,1.0,0.625,1,CyberVolk-48630e76e438952a2030f1db408993e088839a801243b5d42e559afda4189f33
0.961394457816977,1.0,1.0,1.0,0.6090909090909091,1.0,0.625,1,CyberVolk-48630e76e438952a2030f1db408993e088839a801243b5d42e559afda4189f33
0.9607615026779569,1.0,1.0,1.0,0.6081081081081081,1.0,0.625,1,CyberVolk-48630e76e438952a2030f1db408993e088839a801243b5d42e559afda4189f33
0.9609377041974665,1.0,1.0,1.0,0.6071428571428572,1.0,0.625,1,CyberVolk-48630e76e438952a2030f1db408993e088839a801243b5d42e559afda4189f33
0.13646075659328394,1.0,1.0,1.0,0.6106194690265487,1.0,0.625,1,CyberVolk-48630e76e438952a2030f1db408993e088839a801243b5d42e559afda4189f33
0.9601311620189369,1.0,1.0,1.0,0.6096491228070176,1.0,0.625,1,CyberVolk-48630e76e438952a2030f1db408993e088839a801243b5d42e559afda4189f33
0.961394457816977,1.0,1.0,1.0,0.6086956521739131,1.0,0.625,1,CyberVolk-48630e76e438952a2030f1db408993e088839a801243b5d42e559afda4189f33
0.9607615026779569,1.0,1.0,1.0,0.6077586206896552,1.0,0.625,1,CyberVolk-48630e76e438952a2030f1db408993e088839a801243b5d42e559afda4189f33
0.9606745463027297,1.0,1.0,1.0,0.6068376068376069,1.0,0.625,1,CyberVolk-48630e76e438952a2030f1db408993e088839a801243b5d42e559afda4189f33
0.959837044371878,1.0,1.0,1.0,0.6059322033898304,1.0,0.625,1,CyberVolk-48630e76e438952a2030f1db408993e088839a801243b5d42e559afda4189f33
0.9611103669078861,1.0,1.0,1.0,0.6050420168067228,1.0,0.625,1,CyberVolk-48630e76e438952a2030f1db408993e088839a801243b5d42e559afda4189f33
0.9604409898574441,1.0,1.0,1.0,0.6041666666666667,1.0,0.625,1,CyberVolk-48630e76e438952a2030f1db408993e088839a801243b5d42e559afda4189f33
0.9609377041974665,1.0,1.0,1.0,0.6033057851239669,1.0,0.625,1,CyberVolk-48630e76e438952a2030f1db408993e088839a801243b5d42e559afda4189f33
0.9601311620189369,1.0,1.0,1.0,0.6024590163934427,1.0,0.625,1,CyberVolk-48630e76e438952a2030f1db408993e088839a801243b5d42e559afda4189f33
0.961394457816977,1.0,1.0,1.0,0.6016260162601625,1.0,0.625,1,CyberVolk-48630e76e438952a2030f1db408993e088839a801243b5d42e559afda4189f33
0.9607615026779569,1.0,1.0,1.0,0.6008064516129032,1.0,0.625,1,CyberVolk-48630e76e438952a2030f1db408993e088839a801243b5d42e559afda4189f33
0.955835535381645,1.0,1.0,1.0,0.604,1.0,0.625,1,CyberVolk-48630e76e438952a2030f1db408993e088839a801243b5d42e559afda4189f33
0.1240619113197842,1.0,1.0,1.0,0.6071428571428572,1.0,0.625,1,CyberVolk-48630e76e438952a2030f1db408993e088839a801243b5d42e559afda4189f33
0.11008364355853975,1.0,1.0,1.0,0.610236220472441,1.0,0.625,1,CyberVolk-48630e76e438952a2030f1db408993e088839a801243b5d42e559afda4189f33
0.9609377041974665,1.0,1.0,1.0,0.609375,1.0,0.625,1,CyberVolk-48630e76e438952a2030f1db408993e088839a801243b5d42e559afda4189f33
0.9601311620189369,1.0,1.0,1.0,0.6085271317829457,1.0,0.625,1,CyberVolk-48630e76e438952a2030f1db408993e088839a801243b5d42e559afda4189f33
0.961394457816977,1.0,1.0,1.0,0.6076923076923078,1.0,0.625,1,CyberVolk-48630e76e438952a2030f1db408993e088839a801243b5d42e559afda4189f33
0.9607615026779569,1.0,1.0,1.0,0.6068702290076335,1.0,0.625,1,CyberVolk-48630e76e438952a2030f1db408993e088839a801243b5d42e559afda4189f33
0.9609377041974665,1.0,1.0,1.0,0.6060606060606061,1.0,0.625,1,CyberVolk-48630e76e438952a2030f1db408993e088839a801243b5d42e559afda4189f33
0.9601311620189369,1.0,1.0,1.0,0.6052631578947368,1.0,0.625,1,CyberVolk-48630e76e438952a2030f1db408993e088839a801243b5d42e559afda4189f33
0.961394457816977,1.0,1.0,1.0,0.6044776119402986,1.0,0.625,1,CyberVolk-48630e76e438952a2030f1db408993e088839a801243b5d42e559afda4189f33
0.9607615026779569,1.0,1.0,1.0,0.6037037037037036,1.0,0.625,1,CyberVolk-48630e76e438952a2030f1db408993e088839a801243b5d42e559afda4189f33
0.9609377041974665,1.0,1.0,1.0,0.6029411764705883,1.0,0.625,1,CyberVolk-48630e76e438952a2030f1db408993e088839a801243b5d42e559afda4189f33
0.954374808708217,1.0,1.0,1.0,0.6058394160583942,1.0,0.625,1,CyberVolk-48630e76e438952a2030f1db408993e088839a801243b5d42e559afda4189f33
0.9601311620189369,1.0,1.0,1.0,0.605072463768116,1.0,0.625,1,CyberVolk-48630e76e438952a2030f1db408993e088839a801243b5d42e559afda4189f33
0.9599115780794534,1.0,1.0,1.0,0.60431654676259,1.0,0.625,1,CyberVolk-48630e76e438952a2030f1db408993e088839a801243b5d42e559afda4189f33
0.9589174322019084,1.0,1.0,1.0,0.6035714285714286,1.0,0.625,1,CyberVolk-48630e76e438952a2030f1db408993e088839a801243b5d42e559afda4189f33
0.9605214921764632,1.0,1.0,1.0,0.6028368794326241,1.0,0.625,1,CyberVolk-48630e76e438952a2030f1db408993e088839a801243b5d42e559afda4189f33
0.9596798118557265,1.0,1.0,1.0,0.602112676056338,1.0,0.625,1,CyberVolk-48630e76e438952a2030f1db408993e088839a801243b5d42e559afda4189f33
0.9609659604497521,1.0,1.0,1.0,0.6013986013986015,1.0,0.625,1,CyberVolk-48630e76e438952a2030f1db408993e088839a801243b5d42e559afda4189f33
0.9602975596221921,1.0,1.0,1.0,0.6006944444444444,1.0,0.625,1,CyberVolk-48630e76e438952a2030f1db408993e088839a801243b5d42e559afda4189f33
0.9610563326767654,1.0,1.0,1.0,0.6,1.0,0.625,1,CyberVolk-48630e76e438952a2030f1db408993e088839a801243b5d42e559afda4189f33
0.9605641956739673,1.0,1.0,1.0,0.5993150684931507,1.0,0.625,1,CyberVolk-48630e76e438952a2030f1db408993e088839a801243b5d42e559afda4189f33
0.9605752189998135,1.0,1.0,1.0,0.5986394557823129,1.0,0.625,1,CyberVolk-48630e76e438952a2030f1db408993e088839a801243b5d42e559afda4189f33
0.9597260315039128,1.0,1.0,1.0,0.597972972972973,1.0,0.625,1,CyberVolk-48630e76e438952a2030f1db408993e088839a801243b5d42e559afda4189f33
0.9609377041974665,1.0,1.0,1.0,0.5973154362416108,1.0,0.625,1,CyberVolk-48630e76e438952a2030f1db408993e088839a801243b5d42e559afda4189f33
0.9601311620189369,1.0,1.0,1.0,0.5966666666666667,1.0,0.625,1,CyberVolk-48630e76e438952a2030f1db408993e088839a801243b5d42e559afda4189f33
0.9609377041974665,1.0,1.0,1.0,0.5960264900662251,1.0,0.625,1,CyberVolk-48630e76e438952a2030f1db408993e088839a801243b5d42e559afda4189f33
0.9601311620189369,1.0,1.0,1.0,0.5953947368421053,1.0,0.625,1,CyberVolk-48630e76e438952a2030f1db408993e088839a801243b5d42e559afda4189f33
0.9599115780794534,1.0,1.0,1.0,0.5947712418300654,1.0,0.625,1,CyberVolk-48630e76e438952a2030f1db408993e088839a801243b5d42e559afda4189f33
0.9589174322019084,1.0,1.0,1.0,0.5941558441558441,1.0,0.625,1,CyberVolk-48630e76e438952a2030f1db408993e088839a801243b5d42e559afda4189f33
0.9605214921764632,1.0,1.0,1.0,0.5935483870967742,1.0,0.625,1,CyberVolk-48630e76e438952a2030f1db408993e088839a801243b5d42e559afda4189f33
0.9596798118557265,1.0,1.0,1.0,0.592948717948718,1.0,0.625,1,CyberVolk-48630e76e438952a2030f1db408993e088839a801243b5d42e559afda4189f33
0.9609659604497521,1.0,1.0,1.0,0.5923566878980892,1.0,0.625,1,CyberVolk-48630e76e438952a2030f1db408993e088839a801243b5d42e559afda4189f33
0.9602975596221921,1.0,1.0,1.0,0.5917721518987342,1.0,0.625,1,CyberVolk-48630e76e438952a2030f1db408993e088839a801243b5d42e559afda4189f33
0.9610563326767654,1.0,1.0,1.0,0.5911949685534591,1.0,0.625,1,CyberVolk-48630e76e438952a2030f1db408993e088839a801243b5d42e559afda4189f33
0.9605641956739673,1.0,1.0,1.0,0.590625,1.0,0.625,1,CyberVolk-48630e76e438952a2030f1db408993e088839a801243b5d42e559afda4189f33
0.959664053326978,1.0,1.0,1.0,0.5900621118012422,1.0,0.625,1,CyberVolk-48630e76e438952a2030f1db408993e088839a801243b5d42e559afda4189f33
0.9586427069271831,1.0,1.0,1.0,0.5895061728395061,1.0,0.625,1,CyberVolk-48630e76e438952a2030f1db408993e088839a801243b5d42e559afda4189f33
0.9602555347296547,1.0,1.0,1.0,0.5889570552147239,1.0,0.625,1,CyberVolk-48630e76e438952a2030f1db408993e088839a801243b5d42e559afda4189f33
0.9593821928081074,1.0,1.0,1.0,0.5884146341463414,1.0,0.625,1,CyberVolk-48630e76e438952a2030f1db408993e088839a801243b5d42e559afda4189f33
0.955835535381645,1.0,1.0,1.0,0.5909090909090908,1.0,0.625,1,CyberVolk-48630e76e438952a2030f1db408993e088839a801243b5d42e559afda4189f33
0.1240619113197842,1.0,1.0,1.0,0.5933734939759037,1.0,0.625,1,CyberVolk-48630e76e438952a2030f1db408993e088839a801243b5d42e559afda4189f33
0.11008364355853975,1.0,1.0,1.0,0.5958083832335329,1.0,0.625,1,CyberVolk-48630e76e438952a2030f1db408993e088839a801243b5d42e559afda4189f33
0.9606786041279131,1.0,1.0,1.0,0.5952380952380952,1.0,0.625,1,CyberVolk-48630e76e438952a2030f1db408993e088839a801243b5d42e559afda4189f33
0.9599728842975167,1.0,1.0,1.0,0.5946745562130178,1.0,0.625,1,CyberVolk-48630e76e438952a2030f1db408993e088839a801243b5d42e559afda4189f33
0.9607438326767653,1.0,1.0,1.0,0.5941176470588235,1.0,0.625,1,CyberVolk-48630e76e438952a2030f1db408993e088839a801243b5d42e559afda4189f33
0.9602070528168245,1.0,1.0,1.0,0.5935672514619883,1.0,0.625,1,CyberVolk-48630e76e438952a2030f1db408993e088839a801243b5d42e559afda4189f33
0.9599115780794534,1.0,1.0,1.0,0.5930232558139534,1.0,0.625,1,CyberVolk-48630e76e438952a2030f1db408993e088839a801243b5d42e559afda4189f33
0.9589174322019084,1.0,1.0,1.0,0.5924855491329479,1.0,0.625,1,CyberVolk-48630e76e438952a2030f1db408993e088839a801243b5d42e559afda4189f33
0.9605214921764632,1.0,1.0,1.0,0.5919540229885057,1.0,0.625,1,CyberVolk-48630e76e438952a2030f1db408993e088839a801243b5d42e559afda4189f33
0.9596798118557265,1.0,1.0,1.0,0.5914285714285714,1.0,0.625,1,CyberVolk-48630e76e438952a2030f1db408993e088839a801243b5d42e559afda4189f33
0.954374808708217,1.0,1.0,1.0,0.59375,1.0,0.625,1,CyberVolk-48630e76e438952a2030f1db408993e088839a801243b5d42e559afda4189f33
0.9609659604497521,1.0,1.0,1.0,0.5932203389830508,1.0,0.625,1,CyberVolk-48630e76e438952a2030f1db408993e088839a801243b5d42e559afda4189f33
0.9602975596221921,1.0,1.0,1.0,0.5926966292134832,1.0,0.625,1,CyberVolk-48630e76e438952a2030f1db408993e088839a801243b5d42e559afda4189f33
0.9610563326767654,1.0,1.0,1.0,0.5921787709497206,1.0,0.625,1,CyberVolk-48630e76e438952a2030f1db408993e088839a801243b5d42e559afda4189f33
0.9605641956739673,1.0,1.0,1.0,0.5916666666666667,1.0,0.625,1,CyberVolk-48630e76e438952a2030f1db408993e088839a801243b5d42e559afda4189f33
0.9599115780794534,1.0,1.0,1.0,0.5911602209944751,1.0,0.625,1,CyberVolk-48630e76e438952a2030f1db408993e088839a801243b5d42e559afda4189f33
0.9589174322019084,1.0,1.0,1.0,0.5906593406593407,1.0,0.625,1,CyberVolk-48630e76e438952a2030f1db408993e088839a801243b5d42e559afda4189f33
0.9605214921764632,1.0,1.0,1.0,0.5901639344262295,1.0,0.625,1,CyberVolk-48630e76e438952a2030f1db408993e088839a801243b5d42e559afda4189f33
0.9596798118557265,1.0,1.0,1.0,0.5896739130434783,1.0,0.625,1,CyberVolk-48630e76e438952a2030f1db408993e088839a801243b5d42e559afda4189f33
0.9609659604497521,1.0,1.0,1.0,0.5891891891891892,1.0,0.625,1,CyberVolk-48630e76e438952a2030f1db408993e088839a801243b5d42e559afda4189f33
0.9602975596221921,1.0,1.0,1.0,0.5887096774193548,1.0,0.625,1,CyberVolk-48630e76e438952a2030f1db408993e088839a801243b5d42e559afda4189f33
0.9610563326767654,1.0,1.0,1.0,0.5882352941176471,1.0,0.625,1,CyberVolk-48630e76e438952a2030f1db408993e088839a801243b5d42e559afda4189f33
0.9605641956739673,1.0,1.0,1.0,0.5877659574468085,1.0,0.625,1,CyberVolk-48630e76e438952a2030f1db408993e088839a801243b5d42e559afda4189f33
0.9599115780794534,1.0,1.0,1.0,0.5873015873015873,1.0,0.625,1,CyberVolk-48630e76e438952a2030f1db408993e088839a801243b5d42e559afda4189f33
0.9589174322019084,1.0,1.0,1.0,0.5868421052631578,1.0,0.625,1,CyberVolk-48630e76e438952a2030f1db408993e088839a801243b5d42e559afda4189f33
0.9605214921764632,1.0,1.0,1.0,0.5863874345549738,1.0,0.625,1,CyberVolk-48630e76e438952a2030f1db408993e088839a801243b5d42e559afda4189f33
0.9596798118557265,1.0,1.0,1.0,0.5859375,1.0,0.625,1,CyberVolk-48630e76e438952a2030f1db408993e088839a801243b5d42e559afda4189f33
0.9609659604497521,1.0,1.0,1.0,0.5854922279792747,1.0,0.625,1,CyberVolk-48630e76e438952a2030f1db408993e088839a801243b5d42e559afda4189f33
0.9602975596221921,1.0,1.0,1.0,0.5850515463917525,1.0,0.625,1,CyberVolk-48630e76e438952a2030f1db408993e088839a801243b5d42e559afda4189f33
0.9610563326767654,1.0,1.0,1.0,0.5846153846153845,1.0,0.625,1,CyberVolk-48630e76e438952a2030f1db408993e088839a801243b5d42e559afda4189f33
0.9605641956739673,1.0,1.0,1.0,0.5841836734693877,1.0,0.625,1,CyberVolk-48630e76e438952a2030f1db408993e088839a801243b5d42e559afda4189f33
0.9599115780794534,1.0,1.0,1.0,0.583756345177665,1.0,0.625,1,CyberVolk-48630e76e438952a2030f1db408993e088839a801243b5d42e559afda4189f33
0.9589174322019084,1.0,1.0,1.0,0.5833333333333333,1.0,0.625,1,CyberVolk-48630e76e438952a2030f1db408993e088839a801243b5d42e559afda4189f33
0.9605214921764632,1.0,1.0,1.0,0.5829145728643217,1.0,0.625,1,CyberVolk-48630e76e438952a2030f1db408993e088839a801243b5d42e559afda4189f33
0.9596798118557265,1.0,1.0,1.0,0.5825,1.0,0.625,1,CyberVolk-48630e76e438952a2030f1db408993e088839a801243b5d42e559afda4189f33
0.9609659604497521,1.0,1.0,1.0,0.582089552238806,1.0,0.625,1,CyberVolk-48630e76e438952a2030f1db408993e088839a801243b5d42e559afda4189f33
0.9602975596221921,1.0,1.0,1.0,0.5816831683168318,1.0,0.625,1,CyberVolk-48630e76e438952a2030f1db408993e088839a801243b5d42e559afda4189f33
0.9610563326767654,1.0,1.0,1.0,0.5812807881773399,1.0,0.625,1,CyberVolk-48630e76e438952a2030f1db408993e088839a801243b5d42e559afda4189f33
0.9605641956739673,1.0,1.0,1.0,0.5808823529411764,1.0,0.625,1,CyberVolk-48630e76e438952a2030f1db408993e088839a801243b5d42e559afda4189f33
0.9599115780794534,1.0,1.0,1.0,0.5804878048780489,1.0,0.625,1,CyberVolk-48630e76e438952a2030f1db408993e088839a801243b5d42e559afda4189f33
0.9589174322019084,1.0,1.0,1.0,0.5800970873786409,1.0,0.625,1,CyberVolk-48630e76e438952a2030f1db408993e088839a801243b5d42e559afda4189f33
0.9605214921764632,1.0,1.0,1.0,0.5797101449275363,1.0,0.625,1,CyberVolk-48630e76e438952a2030f1db408993e088839a801243b5d42e559afda4189f33
0.955835535381645,1.0,1.0,1.0,0.5817307692307692,1.0,0.625,1,CyberVolk-48630e76e438952a2030f1db408993e088839a801243b5d42e559afda4189f33
0.9596798118557265,1.0,1.0,1.0,0.5813397129186603,1.0,0.625,1,CyberVolk-48630e76e438952a2030f1db408993e088839a801243b5d42e559afda4189f33
0.1240619113197842,1.0,1.0,1.0,0.5833333333333333,1.0,0.625,1,CyberVolk-48630e76e438952a2030f1db408993e088839a801243b5d42e559afda4189f33
0.11008364355853975,1.0,1.0,1.0,0.5853080568720379,1.0,0.625,1,CyberVolk-48630e76e438952a2030f1db408993e088839a801243b5d42e559afda4189f33
0.9609659604497521,1.0,1.0,1.0,0.5849056603773585,1.0,0.625,1,CyberVolk-48630e76e438952a2030f1db408993e088839a801243b5d42e559afda4189f33
0.9602975596221921,1.0,1.0,1.0,0.5845070422535211,1.0,0.625,1,CyberVolk-48630e76e438952a2030f1db408993e088839a801243b5d42e559afda4189f33
0.9599115780794534,1.0,1.0,1.0,0.5841121495327103,1.0,0.625,1,CyberVolk-48630e76e438952a2030f1db408993e088839a801243b5d42e559afda4189f33
0.954374808708217,1.0,1.0,1.0,0.586046511627907,1.0,0.625,1,CyberVolk-48630e76e438952a2030f1db408993e088839a801243b5d42e559afda4189f33
0.9589174322019084,1.0,1.0,1.0,0.5856481481481481,1.0,0.625,1,CyberVolk-48630e76e438952a2030f1db408993e088839a801243b5d42e559afda4189f33
0.9605214921764632,1.0,1.0,1.0,0.5852534562211982,1.0,0.625,1,CyberVolk-48630e76e438952a2030f1db408993e088839a801243b5d42e559afda4189f33
0.9596798118557265,1.0,1.0,1.0,0.5848623853211009,1.0,0.625,1,CyberVolk-48630e76e438952a2030f1db408993e088839a801243b5d42e559afda4189f33
0.9609659604497521,1.0,1.0,1.0,0.5844748858447488,1.0,0.625,1,CyberVolk-48630e76e438952a2030f1db408993e088839a801243b5d42e559afda4189f33
0.9602975596221921,1.0,1.0,1.0,0.5840909090909091,1.0,0.625,1,CyberVolk-48630e76e438952a2030f1db408993e088839a801243b5d42e559afda4189f33
0.9605214921764632,1.0,1.0,1.0,0.5837104072398189,1.0,0.625,1,CyberVolk-48630e76e438952a2030f1db408993e088839a801243b5d42e559afda4189f33
0.9596798118557265,1.0,1.0,1.0,0.5833333333333333,1.0,0.625,1,CyberVolk-48630e76e438952a2030f1db408993e088839a801243b5d42e559afda4189f33
0.9609659604497521,1.0,1.0,1.0,0.5829596412556054,1.0,0.625,1,CyberVolk-48630e76e438952a2030f1db408993e088839a801243b5d42e559afda4189f33
0.9602975596221921,1.0,1.0,1.0,0.5825892857142857,1.0,0.625,1,CyberVolk-48630e76e438952a2030f1db408993e088839a801243b5d42e559afda4189f33
0.9602555347296547,1.0,1.0,1.0,0.5822222222222222,1.0,0.625,1,CyberVolk-48630e76e438952a2030f1db408993e088839a801243b5d42e559afda4189f33
0.9593821928081074,1.0,1.0,1.0,0.581858407079646,1.0,0.625,1,CyberVolk-48630e76e438952a2030f1db408993e088839a801243b5d42e559afda4189f33
0.9606786041279131,1.0,1.0,1.0,0.5814977973568283,1.0,0.625,1,CyberVolk-48630e76e438952a2030f1db408993e088839a801243b5d42e559afda4189f33
0.9599728842975167,1.0,1.0,1.0,0.581140350877193,1.0,0.625,1,CyberVolk-48630e76e438952a2030f1db408993e088839a801243b5d42e559afda4189f33
0.9605214921764632,1.0,1.0,1.0,0.5807860262008734,1.0,0.625,1,CyberVolk-48630e76e438952a2030f1db408993e088839a801243b5d42e559afda4189f33
0.9596798118557265,1.0,1.0,1.0,0.5804347826086956,1.0,0.625,1,CyberVolk-48630e76e438952a2030f1db408993e088839a801243b5d42e559afda4189f33
0.9605214921764632,1.0,1.0,1.0,0.5800865800865801,1.0,0.625,1,CyberVolk-48630e76e438952a2030f1db408993e088839a801243b5d42e559afda4189f33
0.9596798118557265,1.0,1.0,1.0,0.5797413793103448,1.0,0.625,1,CyberVolk-48630e76e438952a2030f1db408993e088839a801243b5d42e559afda4189f33
0.9588050337408742,1.0,1.0,1.0,0.5793991416309012,1.0,0.625,1,CyberVolk-48630e76e438952a2030f1db408993e088839a801243b5d42e559afda4189f33
0.9577262935809816,1.0,1.0,1.0,0.579059829059829,1.0,0.625,1,CyberVolk-48630e76e438952a2030f1db408993e088839a801243b5d42e559afda4189f33
0.959360938504035,1.0,1.0,1.0,0.5787234042553191,1.0,0.625,1,CyberVolk-48630e76e438952a2030f1db408993e088839a801243b5d42e559afda4189f33
0.958435879562208,1.0,1.0,1.0,0.5783898305084746,1.0,0.625,1,CyberVolk-48630e76e438952a2030f1db408993e088839a801243b5d42e559afda4189f33
0.9597176075101909,1.0,1.0,1.0,0.5780590717299579,1.0,0.625,1,CyberVolk-48630e76e438952a2030f1db408993e088839a801243b5d42e559afda4189f33
0.9589652802931291,1.0,1.0,1.0,0.5777310924369747,1.0,0.625,1,CyberVolk-48630e76e438952a2030f1db408993e088839a801243b5d42e559afda4189f33
0.9596387598789778,1.0,1.0,1.0,0.5774058577405858,1.0,0.625,1,CyberVolk-48630e76e438952a2030f1db408993e088839a801243b5d42e559afda4189f33
0.9590520045393733,1.0,1.0,1.0,0.5770833333333334,1.0,0.625,1,CyberVolk-48630e76e438952a2030f1db408993e088839a801243b5d42e559afda4189f33
0.9581973472029287,1.0,1.0,1.0,0.5767634854771784,1.0,0.625,1,CyberVolk-48630e76e438952a2030f1db408993e088839a801243b5d42e559afda4189f33
0.955835535381645,1.0,1.0,1.0,0.578512396694215,1.0,0.625,1,CyberVolk-48630e76e438952a2030f1db408993e088839a801243b5d42e559afda4189f33
0.9576145152547841,1.0,1.0,1.0,0.5781893004115226,1.0,0.625,1,CyberVolk-48630e76e438952a2030f1db408993e088839a801243b5d42e559afda4189f33
0.1240619113197842,1.0,1.0,1.0,0.5799180327868853,1.0,0.625,1,CyberVolk-48630e76e438952a2030f1db408993e088839a801243b5d42e559afda4189f33
0.11008364355853975,1.0,1.0,1.0,0.5816326530612245,1.0,0.625,1,CyberVolk-48630e76e438952a2030f1db408993e088839a801243b5d42e559afda4189f33
0.9586212203397122,1.0,1.0,1.0,0.5813008130081301,1.0,0.625,1,CyberVolk-48630e76e438952a2030f1db408993e088839a801243b5d42e559afda4189f33
0.9575365571099658,1.0,1.0,1.0,0.5809716599190283,1.0,0.625,1,CyberVolk-48630e76e438952a2030f1db408993e088839a801243b5d42e559afda4189f33
0.9590523347721533,1.0,1.0,1.0,0.5806451612903225,1.0,0.625,1,CyberVolk-48630e76e438952a2030f1db408993e088839a801243b5d42e559afda4189f33
0.9580070155389402,1.0,1.0,1.0,0.5803212851405622,1.0,0.625,1,CyberVolk-48630e76e438952a2030f1db408993e088839a801243b5d42e559afda4189f33
0.9592454837944226,1.0,1.0,1.0,0.5800000000000001,1.0,0.625,1,CyberVolk-48630e76e438952a2030f1db408993e088839a801243b5d42e559afda4189f33
0.9583266487719456,1.0,1.0,1.0,0.5796812749003983,1.0,0.625,1,CyberVolk-48630e76e438952a2030f1db408993e088839a801243b5d42e559afda4189f33
0.9596881038791597,1.0,1.0,1.0,0.5793650793650793,1.0,0.625,1,CyberVolk-48630e76e438952a2030f1db408993e088839a801243b5d42e559afda4189f33
0.954374808708217,1.0,1.0,1.0,0.5810276679841897,1.0,0.625,1,CyberVolk-48630e76e438952a2030f1db408993e088839a801243b5d42e559afda4189f33
0.9588093732380772,1.0,1.0,1.0,0.5807086614173229,1.0,0.625,1,CyberVolk-48630e76e438952a2030f1db408993e088839a801243b5d42e559afda4189f33
0.9597069510735121,1.0,1.0,1.0,0.580392156862745,1.0,0.625,1,CyberVolk-48630e76e438952a2030f1db408993e088839a801243b5d42e559afda4189f33
0.9589810949027481,1.0,1.0,1.0,0.580078125,1.0,0.625,1,CyberVolk-48630e76e438952a2030f1db408993e088839a801243b5d42e559afda4189f33
0.9601636457026131,1.0,1.0,1.0,0.5797665369649805,1.0,0.625,1,CyberVolk-48630e76e438952a2030f1db408993e088839a801243b5d42e559afda4189f33
0.9594783731736684,1.0,1.0,1.0,0.5794573643410852,1.0,0.625,1,CyberVolk-48630e76e438952a2030f1db408993e088839a801243b5d42e559afda4189f33
0.959810785736449,1.0,1.0,1.0,0.5791505791505791,1.0,0.625,1,CyberVolk-48630e76e438952a2030f1db408993e088839a801243b5d42e559afda4189f33
0.9592875754520728,1.0,1.0,1.0,0.5788461538461538,1.0,0.625,1,CyberVolk-48630e76e438952a2030f1db408993e088839a801243b5d42e559afda4189f33
0.9602871387587525,1.0,1.0,1.0,0.578544061302682,1.0,0.625,1,CyberVolk-48630e76e438952a2030f1db408993e088839a801243b5d42e559afda4189f33
0.9598052076480278,1.0,1.0,1.0,0.5782442748091603,1.0,0.625,1,CyberVolk-48630e76e438952a2030f1db408993e088839a801243b5d42e559afda4189f33
0.9586212203397122,1.0,1.0,1.0,0.5779467680608366,1.0,0.625,1,CyberVolk-48630e76e438952a2030f1db408993e088839a801243b5d42e559afda4189f33
0.9575365571099658,1.0,1.0,1.0,0.5776515151515151,1.0,0.625,1,CyberVolk-48630e76e438952a2030f1db408993e088839a801243b5d42e559afda4189f33
0.9590523347721532,1.0,1.0,1.0,0.5773584905660377,1.0,0.625,1,CyberVolk-48630e76e438952a2030f1db408993e088839a801243b5d42e559afda4189f33
0.9580070155389402,1.0,1.0,1.0,0.5770676691729324,1.0,0.625,1,CyberVolk-48630e76e438952a2030f1db408993e088839a801243b5d42e559afda4189f33
0.9592454837944226,1.0,1.0,1.0,0.5767790262172285,1.0,0.625,1,CyberVolk-48630e76e438952a2030f1db408993e088839a801243b5d42e559afda4189f33
0.9583266487719456,1.0,1.0,1.0,0.5764925373134329,1.0,0.625,1,CyberVolk-48630e76e438952a2030f1db408993e088839a801243b5d42e559afda4189f33
0.9596881038791597,1.0,1.0,1.0,0.5762081784386617,1.0,0.625,1,CyberVolk-48630e76e438952a2030f1db408993e088839a801243b5d42e559afda4189f33
0.9588093732380772,1.0,1.0,1.0,0.575925925925926,1.0,0.625,1,CyberVolk-48630e76e438952a2030f1db408993e088839a801243b5d42e559afda4189f33
0.9597069510735121,1.0,1.0,1.0,0.5756457564575646,1.0,0.625,1,CyberVolk-48630e76e438952a2030f1db408993e088839a801243b5d42e559afda4189f33
0.9589810949027481,1.0,1.0,1.0,0.5753676470588236,1.0,0.625,1,CyberVolk-48630e76e438952a2030f1db408993e088839a801243b5d42e559afda4189f33
0.9601636457026131,1.0,1.0,1.0,0.575091575091575,1.0,0.625,1,CyberVolk-48630e76e438952a2030f1db408993e088839a801243b5d42e559afda4189f33
0.9594783731736684,1.0,1.0,1.0,0.5748175182481752,1.0,0.625,1,CyberVolk-48630e76e438952a2030f1db408993e088839a801243b5d42e559afda4189f33
0.9589799296498897,1.0,1.0,1.0,0.5745454545454545,1.0,0.625,1,CyberVolk-48630e76e438952a2030f1db408993e088839a801243b5d42e559afda4189f33
0.9579369768050476,1.0,1.0,1.0,0.5742753623188406,1.0,0.625,1,CyberVolk-48630e76e438952a2030f1db408993e088839a801243b5d42e559afda4189f33
0.9594073460482053,1.0,1.0,1.0,0.5740072202166064,1.0,0.625,1,CyberVolk-48630e76e438952a2030f1db408993e088839a801243b5d42e559afda4189f33
0.9584028327087912,1.0,1.0,1.0,0.5737410071942446,1.0,0.625,1,CyberVolk-48630e76e438952a2030f1db408993e088839a801243b5d42e559afda4189f33
0.9596324061964119,1.0,1.0,1.0,0.5734767025089607,1.0,0.625,1,CyberVolk-48630e76e438952a2030f1db408993e088839a801243b5d42e559afda4189f33
0.958762548693174,1.0,1.0,1.0,0.5732142857142857,1.0,0.625,1,CyberVolk-48630e76e438952a2030f1db408993e088839a801243b5d42e559afda4189f33
0.9600707271433491,1.0,1.0,1.0,0.5729537366548043,1.0,0.625,1,CyberVolk-48630e76e438952a2030f1db408993e088839a801243b5d42e559afda4189f33
0.9592398244102903,1.0,1.0,1.0,0.572695035460993,1.0,0.625,1,CyberVolk-48630e76e438952a2030f1db408993e088839a801243b5d42e559afda4189f33
0.9601269034366468,1.0,1.0,1.0,0.5724381625441697,1.0,0.625,1,CyberVolk-48630e76e438952a2030f1db408993e088839a801243b5d42e559afda4189f33
0.9594593739829848,1.0,1.0,1.0,0.5721830985915493,1.0,0.625,1,CyberVolk-48630e76e438952a2030f1db408993e088839a801243b5d42e559afda4189f33
0.9605785383987221,1.0,1.0,1.0,0.5719298245614035,1.0,0.625,1,CyberVolk-48630e76e438952a2030f1db408993e088839a801243b5d42e559afda4189f33
0.9599501004856827,1.0,1.0,1.0,0.5716783216783217,1.0,0.625,1,CyberVolk-48630e76e438952a2030f1db408993e088839a801243b5d42e559afda4189f33
0.9589799296498897,1.0,1.0,1.0,0.5714285714285714,1.0,0.625,1,CyberVolk-48630e76e438952a2030f1db408993e088839a801243b5d42e559afda4189f33
0.955835535381645,1.0,1.0,1.0,0.5729166666666667,1.0,0.625,1,CyberVolk-48630e76e438952a2030f1db408993e088839a801243b5d42e559afda4189f33
0.9579369768050476,1.0,1.0,1.0,0.5726643598615917,1.0,0.625,1,CyberVolk-48630e76e438952a2030f1db408993e088839a801243b5d42e559afda4189f33
0.1240619113197842,1.0,1.0,1.0,0.5741379310344827,1.0,0.625,1,CyberVolk-48630e76e438952a2030f1db408993e088839a801243b5d42e559afda4189f33
0.11008364355853975,1.0,1.0,1.0,0.5756013745704467,1.0,0.625,1,CyberVolk-48630e76e438952a2030f1db408993e088839a801243b5d42e559afda4189f33
0.9594073460482053,1.0,1.0,1.0,0.5753424657534247,1.0,0.625,1,CyberVolk-48630e76e438952a2030f1db408993e088839a801243b5d42e559afda4189f33
0.9584028327087912,1.0,1.0,1.0,0.5750853242320819,1.0,0.625,1,CyberVolk-48630e76e438952a2030f1db408993e088839a801243b5d42e559afda4189f33
0.9596324061964119,1.0,1.0,1.0,0.5748299319727892,1.0,0.625,1,CyberVolk-48630e76e438952a2030f1db408993e088839a801243b5d42e559afda4189f33
0.958762548693174,1.0,1.0,1.0,0.5745762711864406,1.0,0.625,1,CyberVolk-48630e76e438952a2030f1db408993e088839a801243b5d42e559afda4189f33
0.9600707271433491,1.0,1.0,1.0,0.5743243243243243,1.0,0.625,1,CyberVolk-48630e76e438952a2030f1db408993e088839a801243b5d42e559afda4189f33
0.9592398244102903,1.0,1.0,1.0,0.5740740740740741,1.0,0.625,1,CyberVolk-48630e76e438952a2030f1db408993e088839a801243b5d42e559afda4189f33
0.9601269034366468,1.0,1.0,1.0,0.5738255033557047,1.0,0.625,1,CyberVolk-48630e76e438952a2030f1db408993e088839a801243b5d42e559afda4189f33
0.954374808708217,1.0,1.0,1.0,0.5752508361204014,1.0,0.625,1,CyberVolk-48630e76e438952a2030f1db408993e088839a801243b5d42e559afda4189f33
0.9594593739829848,1.0,1.0,1.0,0.575,1.0,0.625,1,CyberVolk-48630e76e438952a2030f1db408993e088839a801243b5d42e559afda4189f33
0.9605785383987221,1.0,1.0,1.0,0.574750830564784,1.0,0.625,1,CyberVolk-48630e76e438952a2030f1db408993e088839a801243b5d42e559afda4189f33
0.9599501004856827,1.0,1.0,1.0,0.5745033112582781,1.0,0.625,1,CyberVolk-48630e76e438952a2030f1db408993e088839a801243b5d42e559afda4189f33
0.9596324061964119,1.0,1.0,1.0,0.5742574257425743,1.0,0.625,1,CyberVolk-48630e76e438952a2030f1db408993e088839a801243b5d42e559afda4189f33
0.958762548693174,1.0,1.0,1.0,0.5740131578947368,1.0,0.625,1,CyberVolk-48630e76e438952a2030f1db408993e088839a801243b5d42e559afda4189f33
0.9600707271433491,1.0,1.0,1.0,0.5737704918032787,1.0,0.625,1,CyberVolk-48630e76e438952a2030f1db408993e088839a801243b5d42e559afda4189f33
0.9592398244102903,1.0,1.0,1.0,0.5735294117647058,1.0,0.625,1,CyberVolk-48630e76e438952a2030f1db408993e088839a801243b5d42e559afda4189f33
0.9601269034366468,1.0,1.0,1.0,0.5732899022801303,1.0,0.625,1,CyberVolk-48630e76e438952a2030f1db408993e088839a801243b5d42e559afda4189f33
0.9594593739829848,1.0,1.0,1.0,0.573051948051948,1.0,0.625,1,CyberVolk-48630e76e438952a2030f1db408993e088839a801243b5d42e559afda4189f33
0.9605785383987221,1.0,1.0,1.0,0.5728155339805825,1.0,0.625,1,CyberVolk-48630e76e438952a2030f1db408993e088839a801243b5d42e559afda4189f33
0.9599501004856827,1.0,1.0,1.0,0.5725806451612903,1.0,0.625,1,CyberVolk-48630e76e438952a2030f1db408993e088839a801243b5d42e559afda4189f33
0.9596324061964119,1.0,1.0,1.0,0.572347266881029,1.0,0.625,1,CyberVolk-48630e76e438952a2030f1db408993e088839a801243b5d42e559afda4189f33
0.958762548693174,1.0,1.0,1.0,0.5721153846153846,1.0,0.625,1,CyberVolk-48630e76e438952a2030f1db408993e088839a801243b5d42e559afda4189f33
0.9600707271433491,1.0,1.0,1.0,0.5718849840255591,1.0,0.625,1,CyberVolk-48630e76e438952a2030f1db408993e088839a801243b5d42e559afda4189f33
0.9592398244102903,1.0,1.0,1.0,0.571656050955414,1.0,0.625,1,CyberVolk-48630e76e438952a2030f1db408993e088839a801243b5d42e559afda4189f33
0.9601269034366468,1.0,1.0,1.0,0.5714285714285714,1.0,0.625,1,CyberVolk-48630e76e438952a2030f1db408993e088839a801243b5d42e559afda4189f33
0.9594593739829848,1.0,1.0,1.0,0.5712025316455696,1.0,0.625,1,CyberVolk-48630e76e438952a2030f1db408993e088839a801243b5d42e559afda4189f33
0.9605785383987221,1.0,1.0,1.0,0.5709779179810726,1.0,0.625,1,CyberVolk-48630e76e438952a2030f1db408993e088839a801243b5d42e559afda4189f33
0.9599501004856827,1.0,1.0,1.0,0.570754716981132,1.0,0.625,1,CyberVolk-48630e76e438952a2030f1db408993e088839a801243b5d42e559afda4189f33
0.9596324061964119,1.0,1.0,1.0,0.5705329153605015,1.0,0.625,1,CyberVolk-48630e76e438952a2030f1db408993e088839a801243b5d42e559afda4189f33
0.958762548693174,1.0,1.0,1.0,0.5703125,1.0,0.625,1,CyberVolk-48630e76e438952a2030f1db408993e088839a801243b5d42e559afda4189f33
0.9600707271433491,1.0,1.0,1.0,0.5700934579439252,1.0,0.625,1,CyberVolk-48630e76e438952a2030f1db408993e088839a801243b5d42e559afda4189f33
0.955835535381645,1.0,1.0,1.0,0.5714285714285714,1.0,0.625,1,CyberVolk-48630e76e438952a2030f1db408993e088839a801243b5d42e559afda4189f33
0.1240619113197842,1.0,1.0,1.0,0.5727554179566563,1.0,0.625,1,CyberVolk-48630e76e438952a2030f1db408993e088839a801243b5d42e559afda4189f33
0.9592398244102903,1.0,1.0,1.0,0.5725308641975309,1.0,0.625,1,CyberVolk-48630e76e438952a2030f1db408993e088839a801243b5d42e559afda4189f33
0.9601269034366468,1.0,1.0,1.0,0.5723076923076923,1.0,0.625,1,CyberVolk-48630e76e438952a2030f1db408993e088839a801243b5d42e559afda4189f33
0.9594593739829848,1.0,1.0,1.0,0.5720858895705521,1.0,0.625,1,CyberVolk-48630e76e438952a2030f1db408993e088839a801243b5d42e559afda4189f33
0.954374808708217,1.0,1.0,1.0,0.573394495412844,1.0,0.625,1,CyberVolk-48630e76e438952a2030f1db408993e088839a801243b5d42e559afda4189f33
0.9605785383987221,1.0,1.0,1.0,0.5731707317073171,1.0,0.625,1,CyberVolk-48630e76e438952a2030f1db408993e088839a801243b5d42e559afda4189f33
0.9599501004856827,1.0,1.0,1.0,0.5729483282674772,1.0,0.625,1,CyberVolk-48630e76e438952a2030f1db408993e088839a801243b5d42e559afda4189f33
0.9596324061964119,1.0,1.0,1.0,0.5727272727272728,1.0,0.625,1,CyberVolk-48630e76e438952a2030f1db408993e088839a801243b5d42e559afda4189f33
0.958762548693174,1.0,1.0,1.0,0.5725075528700907,1.0,0.625,1,CyberVolk-48630e76e438952a2030f1db408993e088839a801243b5d42e559afda4189f33
0.11008364355853975,1.0,1.0,1.0,0.5737951807228916,1.0,0.625,1,CyberVolk-48630e76e438952a2030f1db408993e088839a801243b5d42e559afda4189f33
0.9600707271433491,1.0,1.0,1.0,0.5735735735735736,1.0,0.625,1,CyberVolk-48630e76e438952a2030f1db408993e088839a801243b5d42e559afda4189f33
0.9592398244102903,1.0,1.0,1.0,0.5733532934131736,1.0,0.625,1,CyberVolk-48630e76e438952a2030f1db408993e088839a801243b5d42e559afda4189f33
0.9601269034366468,1.0,1.0,1.0,0.5731343283582089,1.0,0.625,1,CyberVolk-48630e76e438952a2030f1db408993e088839a801243b5d42e559afda4189f33
0.9594593739829848,1.0,1.0,1.0,0.5729166666666667,1.0,0.625,1,CyberVolk-48630e76e438952a2030f1db408993e088839a801243b5d42e559afda4189f33
0.9605785383987221,1.0,1.0,1.0,0.5727002967359051,1.0,0.625,1,CyberVolk-48630e76e438952a2030f1db408993e088839a801243b5d42e559afda4189f33
0.9599501004856827,1.0,1.0,1.0,0.5724852071005917,1.0,0.625,1,CyberVolk-48630e76e438952a2030f1db408993e088839a801243b5d42e559afda4189f33
0.9596324061964119,1.0,1.0,1.0,0.5722713864306785,1.0,0.625,1,CyberVolk-48630e76e438952a2030f1db408993e088839a801243b5d42e559afda4189f33
0.958762548693174,1.0,1.0,1.0,0.5720588235294117,1.0,0.625,1,CyberVolk-48630e76e438952a2030f1db408993e088839a801243b5d42e559afda4189f33
0.9600707271433491,1.0,1.0,1.0,0.5718475073313782,1.0,0.625,1,CyberVolk-48630e76e438952a2030f1db408993e088839a801243b5d42e559afda4189f33
0.9592398244102903,1.0,1.0,1.0,0.5716374269005848,1.0,0.625,1,CyberVolk-48630e76e438952a2030f1db408993e088839a801243b5d42e559afda4189f33
0.9601269034366468,1.0,1.0,1.0,0.5714285714285714,1.0,0.625,1,CyberVolk-48630e76e438952a2030f1db408993e088839a801243b5d42e559afda4189f33
0.9594593739829848,1.0,1.0,1.0,0.5712209302325582,1.0,0.625,1,CyberVolk-48630e76e438952a2030f1db408993e088839a801243b5d42e559afda4189f33
0.9605785383987221,1.0,1.0,1.0,0.5710144927536231,1.0,0.625,1,CyberVolk-48630e76e438952a2030f1db408993e088839a801243b5d42e559afda4189f33
0.9599501004856827,1.0,1.0,1.0,0.5708092485549132,1.0,0.625,1,CyberVolk-48630e76e438952a2030f1db408993e088839a801243b5d42e559afda4189f33
0.9596324061964119,1.0,1.0,1.0,0.5706051873198847,1.0,0.625,1,CyberVolk-48630e76e438952a2030f1db408993e088839a801243b5d42e559afda4189f33
0.958762548693174,1.0,1.0,1.0,0.5704022988505747,1.0,0.625,1,CyberVolk-48630e76e438952a2030f1db408993e088839a801243b5d42e559afda4189f33
0.9600707271433491,1.0,1.0,1.0,0.5702005730659025,1.0,0.625,1,CyberVolk-48630e76e438952a2030f1db408993e088839a801243b5d42e559afda4189f33
0.9592398244102903,1.0,1.0,1.0,0.5700000000000001,1.0,0.625,1,CyberVolk-48630e76e438952a2030f1db408993e088839a801243b5d42e559afda4189f33
0.9601269034366468,1.0,1.0,1.0,0.5698005698005698,1.0,0.625,1,CyberVolk-48630e76e438952a2030f1db408993e088839a801243b5d42e559afda4189f33
0.9594593739829848,1.0,1.0,1.0,0.5696022727272727,1.0,0.625,1,CyberVolk-48630e76e438952a2030f1db408993e088839a801243b5d42e559afda4189f33
0.9605785383987221,1.0,1.0,1.0,0.5694050991501416,1.0,0.625,1,CyberVolk-48630e76e438952a2030f1db408993e088839a801243b5d42e559afda4189f33
0.9599501004856827,1.0,1.0,1.0,0.5692090395480226,1.0,0.625,1,CyberVolk-48630e76e438952a2030f1db408993e088839a801243b5d42e559afda4189f33
0.9588086503201791,1.0,1.0,1.0,0.5690140845070423,1.0,0.625,1,CyberVolk-48630e76e438952a2030f1db408993e088839a801243b5d42e559afda4189f33
0.9577567442773607,1.0,1.0,1.0,0.5688202247191011,1.0,0.625,1,CyberVolk-48630e76e438952a2030f1db408993e088839a801243b5d42e559afda4189f33
0.9592403463165564,1.0,1.0,1.0,0.5686274509803921,1.0,0.625,1,CyberVolk-48630e76e438952a2030f1db408993e088839a801243b5d42e559afda4189f33
0.9582276744794662,1.0,1.0,1.0,0.5684357541899441,1.0,0.625,1,CyberVolk-48630e76e438952a2030f1db408993e088839a801243b5d42e559afda4189f33
0.9594705169321769,1.0,1.0,1.0,0.5682451253481895,1.0,0.625,1,CyberVolk-48630e76e438952a2030f1db408993e088839a801243b5d42e559afda4189f33
0.955835535381645,1.0,1.0,1.0,0.5694444444444444,1.0,0.625,1,CyberVolk-48630e76e438952a2030f1db408993e088839a801243b5d42e559afda4189f33
0.1240619113197842,1.0,1.0,1.0,0.5706371191135734,1.0,0.625,1,CyberVolk-48630e76e438952a2030f1db408993e088839a801243b5d42e559afda4189f33
0.11008364355853975,1.0,1.0,1.0,0.5718232044198894,1.0,0.625,1,CyberVolk-48630e76e438952a2030f1db408993e088839a801243b5d42e559afda4189f33
0.9585964746323917,1.0,1.0,1.0,0.5716253443526171,1.0,0.625,1,CyberVolk-48630e76e438952a2030f1db408993e088839a801243b5d42e559afda4189f33
0.9599133050728164,1.0,1.0,1.0,0.5714285714285714,1.0,0.625,1,CyberVolk-48630e76e438952a2030f1db408993e088839a801243b5d42e559afda4189f33
0.9590790043893765,1.0,1.0,1.0,0.5712328767123287,1.0,0.625,1,CyberVolk-48630e76e438952a2030f1db408993e088839a801243b5d42e559afda4189f33
0.9599754741357059,1.0,1.0,1.0,0.5710382513661203,1.0,0.625,1,CyberVolk-48630e76e438952a2030f1db408993e088839a801243b5d42e559afda4189f33
0.954374808708217,1.0,1.0,1.0,0.5722070844686649,1.0,0.625,1,CyberVolk-48630e76e438952a2030f1db408993e088839a801243b5d42e559afda4189f33
0.9593104647047497,1.0,1.0,1.0,0.5720108695652174,1.0,0.625,1,CyberVolk-48630e76e438952a2030f1db408993e088839a801243b5d42e559afda4189f33
0.9604317814854272,1.0,1.0,1.0,0.5718157181571816,1.0,0.625,1,CyberVolk-48630e76e438952a2030f1db408993e088839a801243b5d42e559afda4189f33
0.9598065962052069,1.0,1.0,1.0,0.5716216216216217,1.0,0.625,1,CyberVolk-48630e76e438952a2030f1db408993e088839a801243b5d42e559afda4189f33
0.9601279981740217,1.0,1.0,1.0,0.5714285714285714,1.0,0.625,1,CyberVolk-48630e76e438952a2030f1db408993e088839a801243b5d42e559afda4189f33
0.9596867914074398,1.0,1.0,1.0,0.571236559139785,1.0,0.625,1,CyberVolk-48630e76e438952a2030f1db408993e088839a801243b5d42e559afda4189f33
0.9606032669868095,1.0,1.0,1.0,0.5710455764075066,1.0,0.625,1,CyberVolk-48630e76e438952a2030f1db408993e088839a801243b5d42e559afda4189f33
0.9602019768947965,1.0,1.0,1.0,0.570855614973262,1.0,0.625,1,CyberVolk-48630e76e438952a2030f1db408993e088839a801243b5d42e559afda4189f33
0.9595263826708271,1.0,1.0,1.0,0.5706666666666667,1.0,0.625,1,CyberVolk-48630e76e438952a2030f1db408993e088839a801243b5d42e559afda4189f33
0.9586431044681482,1.0,1.0,1.0,0.5704787234042553,1.0,0.625,1,CyberVolk-48630e76e438952a2030f1db408993e088839a801243b5d42e559afda4189f33
0.9599658816569375,1.0,1.0,1.0,0.5702917771883289,1.0,0.625,1,CyberVolk-48630e76e438952a2030f1db408993e088839a801243b5d42e559afda4189f33
0.9591218732380773,1.0,1.0,1.0,0.5701058201058201,1.0,0.625,1,CyberVolk-48630e76e438952a2030f1db408993e088839a801243b5d42e559afda4189f33
0.9600118291222925,1.0,1.0,1.0,0.5699208443271768,1.0,0.625,1,CyberVolk-48630e76e438952a2030f1db408993e088839a801243b5d42e559afda4189f33
0.9593283171249702,1.0,1.0,1.0,0.5697368421052631,1.0,0.625,1,CyberVolk-48630e76e438952a2030f1db408993e088839a801243b5d42e559afda4189f33
0.9604648505218902,1.0,1.0,1.0,0.5695538057742782,1.0,0.625,1,CyberVolk-48630e76e438952a2030f1db408993e088839a801243b5d42e559afda4189f33
0.959820838927093,1.0,1.0,1.0,0.5693717277486912,1.0,0.625,1,CyberVolk-48630e76e438952a2030f1db408993e088839a801243b5d42e559afda4189f33
0.9596324061964119,1.0,1.0,1.0,0.5691906005221932,1.0,0.625,1,CyberVolk-48630e76e438952a2030f1db408993e088839a801243b5d42e559afda4189f33
0.958762548693174,1.0,1.0,1.0,0.5690104166666667,1.0,0.625,1,CyberVolk-48630e76e438952a2030f1db408993e088839a801243b5d42e559afda4189f33
0.9600707271433491,1.0,1.0,1.0,0.5688311688311689,1.0,0.625,1,CyberVolk-48630e76e438952a2030f1db408993e088839a801243b5d42e559afda4189f33
0.9592398244102903,1.0,1.0,1.0,0.5686528497409327,1.0,0.625,1,CyberVolk-48630e76e438952a2030f1db408993e088839a801243b5d42e559afda4189f33
0.9601269034366468,1.0,1.0,1.0,0.5684754521963824,1.0,0.625,1,CyberVolk-48630e76e438952a2030f1db408993e088839a801243b5d42e559afda4189f33
0.9594593739829848,1.0,1.0,1.0,0.5682989690721649,1.0,0.625,1,CyberVolk-48630e76e438952a2030f1db408993e088839a801243b5d42e559afda4189f33
0.9605785383987221,1.0,1.0,1.0,0.5681233933161953,1.0,0.625,1,CyberVolk-48630e76e438952a2030f1db408993e088839a801243b5d42e559afda4189f33
0.9599501004856827,1.0,1.0,1.0,0.5679487179487179,1.0,0.625,1,CyberVolk-48630e76e438952a2030f1db408993e088839a801243b5d42e559afda4189f33
0.9596324061964119,1.0,1.0,1.0,0.5677749360613811,1.0,0.625,1,CyberVolk-48630e76e438952a2030f1db408993e088839a801243b5d42e559afda4189f33
0.958762548693174,1.0,1.0,1.0,0.5676020408163265,1.0,0.625,1,CyberVolk-48630e76e438952a2030f1db408993e088839a801243b5d42e559afda4189f33
0.9600707271433491,1.0,1.0,1.0,0.5674300254452926,1.0,0.625,1,CyberVolk-48630e76e438952a2030f1db408993e088839a801243b5d42e559afda4189f33
0.9592398244102903,1.0,1.0,1.0,0.567258883248731,1.0,0.625,1,CyberVolk-48630e76e438952a2030f1db408993e088839a801243b5d42e559afda4189f33
0.9601269034366468,1.0,1.0,1.0,0.5670886075949367,1.0,0.625,1,CyberVolk-48630e76e438952a2030f1db408993e088839a801243b5d42e559afda4189f33
0.9594593739829848,1.0,1.0,1.0,0.5669191919191919,1.0,0.625,1,CyberVolk-48630e76e438952a2030f1db408993e088839a801243b5d42e559afda4189f33
0.9605785383987221,1.0,1.0,1.0,0.5667506297229219,1.0,0.625,1,CyberVolk-48630e76e438952a2030f1db408993e088839a801243b5d42e559afda4189f33
0.955835535381645,1.0,1.0,1.0,0.5678391959798995,1.0,0.625,1,CyberVolk-48630e76e438952a2030f1db408993e088839a801243b5d42e559afda4189f33
0.1240619113197842,1.0,1.0,1.0,0.568922305764411,1.0,0.625,1,CyberVolk-48630e76e438952a2030f1db408993e088839a801243b5d42e559afda4189f33
0.9599501004856827,1.0,1.0,1.0,0.56875,1.0,0.625,1,CyberVolk-48630e76e438952a2030f1db408993e088839a801243b5d42e559afda4189f33
0.9563047533774062,0.5435275175560625,0.02,0.05,0.8,0.0,0.625,1,CyberVolk-102276ae1f518745695fe8f291bf6e69856b91723244881561bb1a2338d54b12
0.13646075659328394,1.0,0.04,0.1,0.5,0.04960159612028318,0.625,1,CyberVolk-102276ae1f518745695fe8f291bf6e69856b91723244881561bb1a2338d54b12
0.09294587706181785,1.0,0.06,0.15,0.5,0.098807962873877,0.625,1,CyberVolk-102276ae1f518745695fe8f291bf6e69856b91723244881561bb1a2338d54b12
0.11789174607420132,0.7601822499435653,0.08,0.2,0.5,0.14762224947904282,0.625,1,CyberVolk-102276ae1f518745695fe8f291bf6e69856b91723244881561bb1a2338d54b12
0.11789174607420132,0.6299193311855026,0.08,0.2,0.6,0.19604758006082648,0.625,1,CyberVolk-102276ae1f518745695fe8f291bf6e69856b91723244881561bb1a2338d54b12
0.9626008292264994,0.5505185941384008,0.1,0.25,0.5833333333333333,0.24408705385100307,0.625,1,CyberVolk-102276ae1f518745695fe8f291bf6e69856b91723244881561bb1a2338d54b12
0.9627296910452963,0.473895563325825,0.12,0.3,0.5714285714285714,0.2917437453864285,0.625,1,CyberVolk-102276ae1f518745695fe8f291bf6e69856b91723244881561bb1a2338d54b12
0.9627296910452963,0.43884315757347697,0.12,0.3,0.625,0.33902070470581025,0.625,1,CyberVolk-102276ae1f518745695fe8f291bf6e69856b91723244881561bb1a2338d54b12
0.11789174607420132,0.6350390049173027,0.12,0.3,0.6666666666666667,0.38592095754491085,0.625,1,CyberVolk-102276ae1f518745695fe8f291bf6e69856b91723244881561bb1a2338d54b12
0.9581772165083431,0.5948380094273998,0.14,0.35,0.65,0.4324475055301956,0.625,1,CyberVolk-102276ae1f518745695fe8f291bf6e69856b91723244881561bb1a2338d54b12
0.9594820367455614,0.5607954560159281,0.16,0.4,0.6363636363636364,0.47860332637093694,0.625,1,CyberVolk-102276ae1f518745695fe8f291bf6e69856b91723244881561bb1a2338d54b12
0.9611707586211024,0.5354174040284876,0.18,0.45,0.625,0.524391374049789,0.625,1,CyberVolk-102276ae1f518745695fe8f291bf6e69856b91723244881561bb1a2338d54b12
0.9522403662084022,0.4912480449064745,0.2,0.5,0.6153846153846154,0.5698145790118427,0.625,1,CyberVolk-102276ae1f518745695fe8f291bf6e69856b91723244881561bb1a2338d54b12
0.13373670235203394,0.6088598471077472,0.22,0.55,0.6071428571428572,0.6148757310739256,0.625,1,CyberVolk-102276ae1f518745695fe8f291bf6e69856b91723244881561bb1a2338d54b12
0.6571264506410632,0.7101024967337921,0.24,0.6,0.6,0.6595779496581373,0.625,1,CyberVolk-102276ae1f518745695fe8f291bf6e69856b91723244881561bb1a2338d54b12
0.9565958352228023,0.6696186555305694,0.26,0.65,0.59375,0.7039239774960311,0.625,1,CyberVolk-102276ae1f518745695fe8f291bf6e69856b91723244881561bb1a2338d54b12
0.9627296910452963,0.6274845308787713,0.26,0.65,0.6176470588235294,0.7479166527431119,0.625,1,CyberVolk-102276ae1f518745695fe8f291bf6e69856b91723244881561bb1a2338d54b12
0.9626008292264994,0.5910215374416443,0.26,0.65,0.6388888888888888,0.7915587909402417,0.625,1,CyberVolk-102276ae1f518745695fe8f291bf6e69856b91723244881561bb1a2338d54b12
0.13646075659328394,0.6805646726569676,0.26,0.65,0.6578947368421053,0.8348531851938338,0.625,1,CyberVolk-102276ae1f518745695fe8f291bf6e69856b91723244881561bb1a2338d54b12
0.11789174607420132,0.654313146268359,0.28,0.65,0.675,0.8778026063546134,0.625,1,CyberVolk-102276ae1f518745695fe8f291bf6e69856b91723244881561bb1a2338d54b12
0.11789174607420132,0.6289655807037546,0.28,0.65,0.6904761904761905,0.9204098031949522,0.625,1,CyberVolk-102276ae1f518745695fe8f291bf6e69856b91723244881561bb1a2338d54b12
0.13646075659328394,0.6090412517782458,0.28,0.65,0.7045454545454546,0.9626775025847902,0.625,1,CyberVolk-102276ae1f518745695fe8f291bf6e69856b91723244881561bb1a2338d54b12
0.11789174607420132,0.591707883933019,0.28,0.65,0.7173913043478262,1.0,0.625,1,CyberVolk-102276ae1f518745695fe8f291bf6e69856b91723244881561bb1a2338d54b12
0.13646075659328394,0.5765041496625817,0.28,0.65,0.7291666666666667,1.0,0.625,1,CyberVolk-102276ae1f518745695fe8f291bf6e69856b91723244881561bb1a2338d54b12
0.13646075659328394,0.5637343054662408,0.28,0.65,0.74,1.0,0.625,1,CyberVolk-102276ae1f518745695fe8f291bf6e69856b91723244881561bb1a2338d54b12
0.13646075659328394,0.552842028190267,0.28,0.65,0.75,1.0,0.625,1,CyberVolk-102276ae1f518745695fe8f291bf6e69856b91723244881561bb1a2338d54b12
0.13646075659328394,0.5434457443757541,0.28,0.65,0.7592592592592593,1.0,0.625,1,CyberVolk-102276ae1f518745695fe8f291bf6e69856b91723244881561bb1a2338d54b12
0.13646075659328394,0.5352683397592781,0.28,0.65,0.7678571428571428,1.0,0.625,1,CyberVolk-102276ae1f518745695fe8f291bf6e69856b91723244881561bb1a2338d54b12
0.13646075659328394,0.5281006647603433,0.28,0.65,0.7758620689655172,1.0,0.625,1,CyberVolk-102276ae1f518745695fe8f291bf6e69856b91723244881561bb1a2338d54b12
0.13646075659328394,0.5217804107365656,0.28,0.65,0.7833333333333333,1.0,0.625,1,CyberVolk-102276ae1f518745695fe8f291bf6e69856b91723244881561bb1a2338d54b12
0.48943283463784887,0.5102612952223275,0.3,0.7,0.7741935483870968,1.0,0.625,1,CyberVolk-102276ae1f518745695fe8f291bf6e69856b91723244881561bb1a2338d54b12
0.9607933148700206,0.4930667024927365,0.32,0.75,0.765625,1.0,0.625,1,CyberVolk-102276ae1f518745695fe8f291bf6e69856b91723244881561bb1a2338d54b12
0.9591045929944797,0.4758020287497782,0.34,0.8,0.7575757575757576,1.0,0.625,1,CyberVolk-102276ae1f518745695fe8f291bf6e69856b91723244881561bb1a2338d54b12
0.9586045929944798,0.4653066409269349,0.36,0.85,0.75,1.0,0.625,1,CyberVolk-102276ae1f518745695fe8f291bf6e69856b91723244881561bb1a2338d54b12
0.9609820367455615,0.4490250731643112,0.38,0.9,0.7428571428571429,1.0,0.625,1,CyberVolk-102276ae1f518745695fe8f291bf6e69856b91723244881561bb1a2338d54b12
0.9522403662084022,0.44172107505391117,0.38,0.9,0.75,1.0,0.625,1,CyberVolk-102276ae1f518745695fe8f291bf6e69856b91723244881561bb1a2338d54b12
0.6277869284935209,0.48368244399834126,0.4,0.95,0.7432432432432432,1.0,0.625,1,CyberVolk-102276ae1f518745695fe8f291bf6e69856b91723244881561bb1a2338d54b12
0.9630435544752777,0.4692402460596875,0.42,1.0,0.736842105263158,1.0,0.625,1,CyberVolk-102276ae1f518745695fe8f291bf6e69856b91723244881561bb1a2338d54b12
0.9633936103625944,0.5081467825051864,0.44,1.0,0.7307692307692308,1.0,0.625,1,CyberVolk-102276ae1f518745695fe8f291bf6e69856b91723244881561bb1a2338d54b12
0.9597683485024932,0.5450155027346646,0.46,1.0,0.725,1.0,0.625,1,CyberVolk-102276ae1f518745695fe8f291bf6e69856b91723244881561bb1a2338d54b12
0.9624820367455615,0.5848758063474413,0.48,1.0,0.7195121951219512,1.0,0.625,1,CyberVolk-102276ae1f518745695fe8f291bf6e69856b91723244881561bb1a2338d54b12
0.9589820367455615,0.6227542118724578,0.5,1.0,0.7142857142857143,1.0,0.625,1,CyberVolk-102276ae1f518745695fe8f291bf6e69856b91723244881561bb1a2338d54b12
0.9583909047514114,0.6541397918679056,0.52,1.0,0.7093023255813953,1.0,0.625,1,CyberVolk-102276ae1f518745695fe8f291bf6e69856b91723244881561bb1a2338d54b12
0.9608594804966432,0.6840224964020175,0.54,1.0,0.7045454545454546,1.0,0.625,1,CyberVolk-102276ae1f518745695fe8f291bf6e69856b91723244881561bb1a2338d54b12
0.962145665142173,0.7169486419009001,0.56,1.0,0.7,1.0,0.625,1,CyberVolk-102276ae1f518745695fe8f291bf6e69856b91723244881561bb1a2338d54b12
0.9599820367455615,0.7483735148018587,0.58,1.0,0.6956521739130435,1.0,0.625,1,CyberVolk-102276ae1f518745695fe8f291bf6e69856b91723244881561bb1a2338d54b12
0.9591045929944797,0.7800005656740537,0.6,1.0,0.6914893617021276,1.0,0.625,1,CyberVolk-102276ae1f518745695fe8f291bf6e69856b91723244881561bb1a2338d54b12
0.9522403662084022,0.8112671694486207,0.6,1.0,0.6979166666666667,1.0,0.625,1,CyberVolk-102276ae1f518745695fe8f291bf6e69856b91723244881561bb1a2338d54b12
0.13646075659328394,0.8345735821797391,0.6,1.0,0.7040816326530612,1.0,0.625,1,CyberVolk-102276ae1f518745695fe8f291bf6e69856b91723244881561bb1a2338d54b12
0.9569529780799452,0.8357101198563213,0.62,1.0,0.7,1.0,0.625,1,CyberVolk-102276ae1f518745695fe8f291bf6e69856b91723244881561bb1a2338d54b12
0.9626943135883649,0.8779903042530703,0.64,1.0,0.696078431372549,1.0,0.625,1,CyberVolk-102276ae1f518745695fe8f291bf6e69856b91723244881561bb1a2338d54b12
0.9625787753693015,0.8779903042530706,0.66,1.0,0.6923076923076923,1.0,0.625,1,CyberVolk-102276ae1f518745695fe8f291bf6e69856b91723244881561bb1a2338d54b12
0.96286943566234,0.927744397291266,0.68,1.0,0.6886792452830188,1.0,0.625,1,CyberVolk-102276ae1f518745695fe8f291bf6e69856b91723244881561bb1a2338d54b12
0.9632012787147156,0.9770082991001459,0.7,1.0,0.6851851851851851,1.0,0.625,1,CyberVolk-102276ae1f518745695fe8f291bf6e69856b91723244881561bb1a2338d54b12
0.963424327879493,1.0,0.72,1.0,0.6818181818181819,1.0,0.625,1,CyberVolk-102276ae1f518745695fe8f291bf6e69856b91723244881561bb1a2338d54b12
0.9618141527200847,1.0,0.74,1.0,0.6785714285714286,1.0,0.625,1,CyberVolk-102276ae1f518745695fe8f291bf6e69856b91723244881561bb1a2338d54b12
0.9620096788634798,1.0,0.76,1.0,0.6754385964912281,1.0,0.625,1,CyberVolk-102276ae1f518745695fe8f291bf6e69856b91723244881561bb1a2338d54b12
0.9617406949713656,1.0,0.78,1.0,0.6724137931034483,1.0,0.625,1,CyberVolk-102276ae1f518745695fe8f291bf6e69856b91723244881561bb1a2338d54b12
0.9624669731565566,1.0,0.8,1.0,0.6694915254237288,1.0,0.625,1,CyberVolk-102276ae1f518745695fe8f291bf6e69856b91723244881561bb1a2338d54b12
0.9634521742401303,1.0,0.82,1.0,0.6666666666666667,1.0,0.625,1,CyberVolk-102276ae1f518745695fe8f291bf6e69856b91723244881561bb1a2338d54b12
0.9634521742401303,1.0,0.84,1.0,0.6639344262295082,1.0,0.625,1,CyberVolk-102276ae1f518745695fe8f291bf6e69856b91723244881561bb1a2338d54b12
0.963704798915097,1.0,0.86,1.0,0.6612903225806452,1.0,0.625,1,CyberVolk-102276ae1f518745695fe8f291bf6e69856b91723244881561bb1a2338d54b12
0.9569529780799452,1.0,0.88,1.0,0.6587301587301587,1.0,0.625,1,CyberVolk-102276ae1f518745695fe8f291bf6e69856b91723244881561bb1a2338d54b12
0.9630435544752777,1.0,0.88,1.0,0.6640625,1.0,0.625,1,CyberVolk-102276ae1f518745695fe8f291bf6e69856b91723244881561bb1a2338d54b12
0.9620084754301351,1.0,0.9,1.0,0.6615384615384615,1.0,0.625,1,CyberVolk-102276ae1f518745695fe8f291bf6e69856b91723244881561bb1a2338d54b12
0.9625591923255309,1.0,0.92,1.0,0.6590909090909092,1.0,0.625,1,CyberVolk-102276ae1f518745695fe8f291bf6e69856b91723244881561bb1a2338d54b12
0.9620084754301351,1.0,0.92,1.0,0.664179104477612,1.0,0.625,1,CyberVolk-102276ae1f518745695fe8f291bf6e69856b91723244881561bb1a2338d54b12
0.9553418541564965,1.0,0.94,1.0,0.6617647058823529,1.0,0.625,1,CyberVolk-102276ae1f518745695fe8f291bf6e69856b91723244881561bb1a2338d54b12
0.9652497544677043,1.0,0.96,1.0,0.6594202898550725,1.0,0.625,1,CyberVolk-102276ae1f518745695fe8f291bf6e69856b91723244881561bb1a2338d54b12
0.9642016301006772,1.0,0.98,1.0,0.6571428571428571,1.0,0.625,1,CyberVolk-102276ae1f518745695fe8f291bf6e69856b91723244881561bb1a2338d54b12
0.9639506973389461,1.0,1.0,1.0,0.6549295774647887,1.0,0.625,1,CyberVolk-102276ae1f518745695fe8f291bf6e69856b91723244881561bb1a2338d54b12
0.9623570120092974,1.0,1.0,1.0,0.6527777777777778,1.0,0.625,1,CyberVolk-102276ae1f518745695fe8f291bf6e69856b91723244881561bb1a2338d54b12
0.9604281537436801,1.0,1.0,1.0,0.6506849315068493,1.0,0.625,1,CyberVolk-102276ae1f518745695fe8f291bf6e69856b91723244881561bb1a2338d54b12
0.9604281537436801,1.0,1.0,1.0,0.6486486486486487,1.0,0.625,1,CyberVolk-102276ae1f518745695fe8f291bf6e69856b91723244881561bb1a2338d54b12
0.9577146615034178,1.0,1.0,1.0,0.6466666666666667,1.0,0.625,1,CyberVolk-102276ae1f518745695fe8f291bf6e69856b91723244881561bb1a2338d54b12
0.9602290971005794,1.0,1.0,1.0,0.6447368421052632,1.0,0.625,1,CyberVolk-102276ae1f518745695fe8f291bf6e69856b91723244881561bb1a2338d54b12
0.9565341137804718,1.0,1.0,1.0,0.6428571428571428,1.0,0.625,1,CyberVolk-102276ae1f518745695fe8f291bf6e69856b91723244881561bb1a2338d54b12
0.9595222660080215,1.0,1.0,1.0,0.641025641025641,1.0,0.625,1,CyberVolk-102276ae1f518745695fe8f291bf6e69856b91723244881561bb1a2338d54b12
0.9573180418135754,1.0,1.0,1.0,0.639240506329114,1.0,0.625,1,CyberVolk-102276ae1f518745695fe8f291bf6e69856b91723244881561bb1a2338d54b12
0.959724671834151,1.0,1.0,1.0,0.6375,1.0,0.625,1,CyberVolk-102276ae1f518745695fe8f291bf6e69856b91723244881561bb1a2338d54b12
0.9567577948405747,1.0,1.0,1.0,0.6358024691358024,1.0,0.625,1,CyberVolk-102276ae1f518745695fe8f291bf6e69856b91723244881561bb1a2338d54b12
0.9595595945864313,1.0,1.0,1.0,0.6341463414634146,1.0,0.625,1,CyberVolk-102276ae1f518745695fe8f291bf6e69856b91723244881561bb1a2338d54b12
0.11789174607420132,1.0,1.0,1.0,0.6385542168674698,1.0,0.625,1,CyberVolk-102276ae1f518745695fe8f291bf6e69856b91723244881561bb1a2338d54b12
0.11789174607420132,1.0,1.0,1.0,0.6428571428571428,1.0,0.625,1,CyberVolk-102276ae1f518745695fe8f291bf6e69856b91723244881561bb1a2338d54b12
0.11789174607420132,1.0,1.0,1.0,0.6470588235294117,1.0,0.625,1,CyberVolk-102276ae1f518745695fe8f291bf6e69856b91723244881561bb1a2338d54b12
0.11789174607420132,1.0,1.0,1.0,0.6511627906976745,1.0,0.625,1,CyberVolk-102276ae1f518745695fe8f291bf6e69856b91723244881561bb1a2338d54b12
0.11789174607420132,1.0,1.0,1.0,0.6551724137931034,1.0,0.625,1,CyberVolk-102276ae1f518745695fe8f291bf6e69856b91723244881561bb1a2338d54b12
0.11789174607420132,1.0,1.0,1.0,0.6590909090909092,1.0,0.625,1,CyberVolk-102276ae1f518745695fe8f291bf6e69856b91723244881561bb1a2338d54b12
0.11789174607420132,1.0,1.0,1.0,0.6629213483146068,1.0,0.625,1,CyberVolk-102276ae1f518745695fe8f291bf6e69856b91723244881561bb1a2338d54b12
0.11789174607420132,1.0,1.0,1.0,0.6666666666666667,1.0,0.625,1,CyberVolk-102276ae1f518745695fe8f291bf6e69856b91723244881561bb1a2338d54b12
0.11789174607420132,1.0,1.0,1.0,0.6703296703296704,1.0,0.625,1,CyberVolk-102276ae1f518745695fe8f291bf6e69856b91723244881561bb1a2338d54b12
0.11789174607420132,1.0,1.0,1.0,0.6739130434782609,1.0,0.625,1,CyberVolk-102276ae1f518745695fe8f291bf6e69856b91723244881561bb1a2338d54b12
0.11789174607420132,1.0,1.0,1.0,0.6774193548387097,1.0,0.625,1,CyberVolk-102276ae1f518745695fe8f291bf6e69856b91723244881561bb1a2338d54b12
0.11789174607420132,1.0,1.0,1.0,0.6808510638297872,1.0,0.625,1,CyberVolk-102276ae1f518745695fe8f291bf6e69856b91723244881561bb1a2338d54b12
0.11789174607420132,1.0,1.0,1.0,0.6842105263157895,1.0,0.625,1,CyberVolk-102276ae1f518745695fe8f291bf6e69856b91723244881561bb1a2338d54b12
0.11789174607420132,1.0,1.0,1.0,0.6875,1.0,0.625,1,CyberVolk-102276ae1f518745695fe8f291bf6e69856b91723244881561bb1a2338d54b12
0.11789174607420132,1.0,1.0,1.0,0.6907216494845361,1.0,0.625,1,CyberVolk-102276ae1f518745695fe8f291bf6e69856b91723244881561bb1a2338d54b12
0.11789174607420132,1.0,1.0,1.0,0.6938775510204082,1.0,0.625,1,CyberVolk-102276ae1f518745695fe8f291bf6e69856b91723244881561bb1a2338d54b12
0.11789174607420132,1.0,1.0,1.0,0.696969696969697,1.0,0.625,1,CyberVolk-102276ae1f518745695fe8f291bf6e69856b91723244881561bb1a2338d54b12
0.11789174607420132,1.0,1.0,1.0,0.7,1.0,0.625,1,CyberVolk-102276ae1f518745695fe8f291bf6e69856b91723244881561bb1a2338d54b12
0.11789174607420132,1.0,1.0,1.0,0.7029702970297029,1.0,0.625,1,CyberVolk-102276ae1f518745695fe8f291bf6e69856b91723244881561bb1a2338d54b12
0.11789174607420132,1.0,1.0,1.0,0.7058823529411764,1.0,0.625,1,CyberVolk-102276ae1f518745695fe8f291bf6e69856b91723244881561bb1a2338d54b12
0.11789174607420132,1.0,1.0,1.0,0.7087378640776699,1.0,0.625,1,CyberVolk-102276ae1f518745695fe8f291bf6e69856b91723244881561bb1a2338d54b12
0.11789174607420132,1.0,1.0,1.0,0.7115384615384616,1.0,0.625,1,CyberVolk-102276ae1f518745695fe8f291bf6e69856b91723244881561bb1a2338d54b12
0.11789174607420132,1.0,1.0,1.0,0.7142857142857143,1.0,0.625,1,CyberVolk-102276ae1f518745695fe8f291bf6e69856b91723244881561bb1a2338d54b12
0.11789174607420132,1.0,1.0,1.0,0.7169811320754718,1.0,0.625,1,CyberVolk-102276ae1f518745695fe8f291bf6e69856b91723244881561bb1a2338d54b12
0.11789174607420132,1.0,1.0,1.0,0.719626168224299,1.0,0.625,1,CyberVolk-102276ae1f518745695fe8f291bf6e69856b91723244881561bb1a2338d54b12
0.11789174607420132,1.0,1.0,1.0,0.7222222222222222,1.0,0.625,1,CyberVolk-102276ae1f518745695fe8f291bf6e69856b91723244881561bb1a2338d54b12
0.11789174607420132,1.0,1.0,1.0,0.7247706422018348,1.0,0.625,1,CyberVolk-102276ae1f518745695fe8f291bf6e69856b91723244881561bb1a2338d54b12
0.11789174607420132,1.0,1.0,1.0,0.7272727272727273,1.0,0.625,1,CyberVolk-102276ae1f518745695fe8f291bf6e69856b91723244881561bb1a2338d54b12
0.11789174607420132,1.0,1.0,1.0,0.7297297297297297,1.0,0.625,1,CyberVolk-102276ae1f518745695fe8f291bf6e69856b91723244881561bb1a2338d54b12
0.11789174607420132,1.0,1.0,1.0,0.7321428571428572,1.0,0.625,1,CyberVolk-102276ae1f518745695fe8f291bf6e69856b91723244881561bb1a2338d54b12
0.9645823428918933,1.0,1.0,1.0,0.7300884955752213,1.0,0.625,1,CyberVolk-102276ae1f518745695fe8f291bf6e69856b91723244881561bb1a2338d54b12
0.964198736064557,1.0,1.0,1.0,0.7280701754385965,1.0,0.625,1,CyberVolk-102276ae1f518745695fe8f291bf6e69856b91723244881561bb1a2338d54b12
0.9554737961334894,1.0,1.0,1.0,0.7260869565217392,1.0,0.625,1,CyberVolk-102276ae1f518745695fe8f291bf6e69856b91723244881561bb1a2338d54b12
0.9636259217295546,1.0,1.0,1.0,0.7241379310344828,1.0,0.625,1,CyberVolk-102276ae1f518745695fe8f291bf6e69856b91723244881561bb1a2338d54b12
0.9636259217295546,1.0,1.0,1.0,0.7264957264957265,1.0,0.625,1,CyberVolk-102276ae1f518745695fe8f291bf6e69856b91723244881561bb1a2338d54b12
0.9633794249264993,1.0,1.0,1.0,0.7245762711864407,1.0,0.625,1,CyberVolk-102276ae1f518745695fe8f291bf6e69856b91723244881561bb1a2338d54b12
0.9633794249264993,1.0,1.0,1.0,0.7268907563025211,1.0,0.625,1,CyberVolk-102276ae1f518745695fe8f291bf6e69856b91723244881561bb1a2338d54b12
0.9569529780799452,1.0,1.0,1.0,0.725,1.0,0.625,1,CyberVolk-102276ae1f518745695fe8f291bf6e69856b91723244881561bb1a2338d54b12
0.9620084754301351,1.0,1.0,1.0,0.7231404958677685,1.0,0.625,1,CyberVolk-102276ae1f518745695fe8f291bf6e69856b91723244881561bb1a2338d54b12
0.9620084754301351,1.0,1.0,1.0,0.7254098360655737,1.0,0.625,1,CyberVolk-102276ae1f518745695fe8f291bf6e69856b91723244881561bb1a2338d54b12
0.964017240977021,1.0,1.0,1.0,0.7235772357723578,1.0,0.625,1,CyberVolk-102276ae1f518745695fe8f291bf6e69856b91723244881561bb1a2338d54b12
0.964017240977021,1.0,1.0,1.0,0.7258064516129032,1.0,0.625,1,CyberVolk-102276ae1f518745695fe8f291bf6e69856b91723244881561bb1a2338d54b12
0.9554737961334894,1.0,1.0,1.0,0.728,1.0,0.625,1,CyberVolk-102276ae1f518745695fe8f291bf6e69856b91723244881561bb1a2338d54b12
0.9645799974384945,1.0,1.0,1.0,0.7261904761904762,1.0,0.625,1,CyberVolk-102276ae1f518745695fe8f291bf6e69856b91723244881561bb1a2338d54b12
0.9644508494880433,1.0,1.0,1.0,0.7244094488188977,1.0,0.625,1,CyberVolk-102276ae1f518745695fe8f291bf6e69856b91723244881561bb1a2338d54b12
0.9646181768298554,1.0,1.0,1.0,0.72265625,1.0,0.625,1,CyberVolk-102276ae1f518745695fe8f291bf6e69856b91723244881561bb1a2338d54b12
0.9563563763711714,1.0,1.0,1.0,0.7209302325581395,1.0,0.625,1,CyberVolk-102276ae1f518745695fe8f291bf6e69856b91723244881561bb1a2338d54b12
0.9592693754683412,1.0,1.0,1.0,0.7192307692307692,1.0,0.625,1,CyberVolk-102276ae1f518745695fe8f291bf6e69856b91723244881561bb1a2338d54b12
0.9547131220405605,1.0,1.0,1.0,0.7175572519083969,1.0,0.625,1,CyberVolk-102276ae1f518745695fe8f291bf6e69856b91723244881561bb1a2338d54b12
0.9583642137935486,1.0,1.0,1.0,0.7159090909090908,1.0,0.625,1,CyberVolk-102276ae1f518745695fe8f291bf6e69856b91723244881561bb1a2338d54b12
0.9555593800568118,1.0,1.0,1.0,0.7142857142857143,1.0,0.625,1,CyberVolk-102276ae1f518745695fe8f291bf6e69856b91723244881561bb1a2338d54b12
0.9585789078985778,1.0,1.0,1.0,0.7126865671641791,1.0,0.625,1,CyberVolk-102276ae1f518745695fe8f291bf6e69856b91723244881561bb1a2338d54b12
0.9549517151713369,1.0,1.0,1.0,0.7111111111111111,1.0,0.625,1,CyberVolk-102276ae1f518745695fe8f291bf6e69856b91723244881561bb1a2338d54b12
0.9584029780865126,1.0,1.0,1.0,0.7095588235294117,1.0,0.625,1,CyberVolk-102276ae1f518745695fe8f291bf6e69856b91723244881561bb1a2338d54b12
0.11789174607420132,1.0,1.0,1.0,0.7116788321167884,1.0,0.625,1,CyberVolk-102276ae1f518745695fe8f291bf6e69856b91723244881561bb1a2338d54b12
0.11789174607420132,1.0,1.0,1.0,0.713768115942029,1.0,0.625,1,CyberVolk-102276ae1f518745695fe8f291bf6e69856b91723244881561bb1a2338d54b12
0.11789174607420132,1.0,1.0,1.0,0.7158273381294964,1.0,0.625,1,CyberVolk-102276ae1f518745695fe8f291bf6e69856b91723244881561bb1a2338d54b12
0.11789174607420132,1.0,1.0,1.0,0.7178571428571429,1.0,0.625,1,CyberVolk-102276ae1f518745695fe8f291bf6e69856b91723244881561bb1a2338d54b12
0.11789174607420132,1.0,1.0,1.0,0.7198581560283688,1.0,0.625,1,CyberVolk-102276ae1f518745695fe8f291bf6e69856b91723244881561bb1a2338d54b12
0.11789174607420132,1.0,1.0,1.0,0.721830985915493,1.0,0.625,1,CyberVolk-102276ae1f518745695fe8f291bf6e69856b91723244881561bb1a2338d54b12
0.11789174607420132,1.0,1.0,1.0,0.7237762237762237,1.0,0.625,1,CyberVolk-102276ae1f518745695fe8f291bf6e69856b91723244881561bb1a2338d54b12
0.11789174607420132,1.0,1.0,1.0,0.7256944444444444,1.0,0.625,1,CyberVolk-102276ae1f518745695fe8f291bf6e69856b91723244881561bb1a2338d54b12
0.11789174607420132,1.0,1.0,1.0,0.7275862068965517,1.0,0.625,1,CyberVolk-102276ae1f518745695fe8f291bf6e69856b91723244881561bb1a2338d54b12
0.11789174607420132,1.0,1.0,1.0,0.7294520547945205,1.0,0.625,1,CyberVolk-102276ae1f518745695fe8f291bf6e69856b91723244881561bb1a2338d54b12
0.11789174607420132,1.0,1.0,1.0,0.7312925170068028,1.0,0.625,1,CyberVolk-102276ae1f518745695fe8f291bf6e69856b91723244881561bb1a2338d54b12
0.11789174607420132,1.0,1.0,1.0,0.7331081081081081,1.0,0.625,1,CyberVolk-102276ae1f518745695fe8f291bf6e69856b91723244881561bb1a2338d54b12
0.11789174607420132,1.0,1.0,1.0,0.7348993288590604,1.0,0.625,1,CyberVolk-102276ae1f518745695fe8f291bf6e69856b91723244881561bb1a2338d54b12
0.11789174607420132,1.0,1.0,1.0,0.7366666666666667,1.0,0.625,1,CyberVolk-102276ae1f518745695fe8f291bf6e69856b91723244881561bb1a2338d54b12
0.11789174607420132,1.0,1.0,1.0,0.7384105960264901,1.0,0.625,1,CyberVolk-102276ae1f518745695fe8f291bf6e69856b91723244881561bb1a2338d54b12
0.11789174607420132,1.0,1.0,1.0,0.7401315789473684,1.0,0.625,1,CyberVolk-102276ae1f518745695fe8f291bf6e69856b91723244881561bb1a2338d54b12
0.11789174607420132,1.0,1.0,1.0,0.7418300653594772,1.0,0.625,1,CyberVolk-102276ae1f518745695fe8f291bf6e69856b91723244881561bb1a2338d54b12
0.11789174607420132,1.0,1.0,1.0,0.7435064935064934,1.0,0.625,1,CyberVolk-102276ae1f518745695fe8f291bf6e69856b91723244881561bb1a2338d54b12
0.11789174607420132,1.0,1.0,1.0,0.7451612903225806,1.0,0.625,1,CyberVolk-102276ae1f518745695fe8f291bf6e69856b91723244881561bb1a2338d54b12
0.11789174607420132,1.0,1.0,1.0,0.7467948717948718,1.0,0.625,1,CyberVolk-102276ae1f518745695fe8f291bf6e69856b91723244881561bb1a2338d54b12
0.11789174607420132,1.0,1.0,1.0,0.7484076433121019,1.0,0.625,1,CyberVolk-102276ae1f518745695fe8f291bf6e69856b91723244881561bb1a2338d54b12
0.11789174607420132,1.0,1.0,1.0,0.75,1.0,0.625,1,CyberVolk-102276ae1f518745695fe8f291bf6e69856b91723244881561bb1a2338d54b12
0.11789174607420132,1.0,1.0,1.0,0.7515723270440251,1.0,0.625,1,CyberVolk-102276ae1f518745695fe8f291bf6e69856b91723244881561bb1a2338d54b12
0.11789174607420132,1.0,1.0,1.0,0.753125,1.0,0.625,1,CyberVolk-102276ae1f518745695fe8f291bf6e69856b91723244881561bb1a2338d54b12
0.11789174607420132,1.0,1.0,1.0,0.7546583850931677,1.0,0.625,1,CyberVolk-102276ae1f518745695fe8f291bf6e69856b91723244881561bb1a2338d54b12
0.11789174607420132,1.0,1.0,1.0,0.7561728395061729,1.0,0.625,1,CyberVolk-102276ae1f518745695fe8f291bf6e69856b91723244881561bb1a2338d54b12
0.11789174607420132,1.0,1.0,1.0,0.7576687116564418,1.0,0.625,1,CyberVolk-102276ae1f518745695fe8f291bf6e69856b91723244881561bb1a2338d54b12
0.11789174607420132,1.0,1.0,1.0,0.7591463414634146,1.0,0.625,1,CyberVolk-102276ae1f518745695fe8f291bf6e69856b91723244881561bb1a2338d54b12
0.11789174607420132,1.0,1.0,1.0,0.7606060606060606,1.0,0.625,1,CyberVolk-102276ae1f518745695fe8f291bf6e69856b91723244881561bb1a2338d54b12
0.11789174607420132,1.0,1.0,1.0,0.7620481927710844,1.0,0.625,1,CyberVolk-102276ae1f518745695fe8f291bf6e69856b91723244881561bb1a2338d54b12
0.11789174607420132,1.0,1.0,1.0,0.7634730538922155,1.0,0.625,1,CyberVolk-102276ae1f518745695fe8f291bf6e69856b91723244881561bb1a2338d54b12
0.11789174607420132,1.0,1.0,1.0,0.7648809523809523,1.0,0.625,1,CyberVolk-102276ae1f518745695fe8f291bf6e69856b91723244881561bb1a2338d54b12
0.11789174607420132,1.0,1.0,1.0,0.7662721893491125,1.0,0.625,1,CyberVolk-102276ae1f518745695fe8f291bf6e69856b91723244881561bb1a2338d54b12
0.11789174607420132,1.0,1.0,1.0,0.7676470588235293,1.0,0.625,1,CyberVolk-102276ae1f518745695fe8f291bf6e69856b91723244881561bb1a2338d54b12
0.11789174607420132,1.0,1.0,1.0,0.7690058479532164,1.0,0.625,1,CyberVolk-102276ae1f518745695fe8f291bf6e69856b91723244881561bb1a2338d54b12
0.11789174607420132,1.0,1.0,1.0,0.7703488372093024,1.0,0.625,1,CyberVolk-102276ae1f518745695fe8f291bf6e69856b91723244881561bb1a2338d54b12
0.11789174607420132,1.0,1.0,1.0,0.7716763005780347,1.0,0.625,1,CyberVolk-102276ae1f518745695fe8f291bf6e69856b91723244881561bb1a2338d54b12
0.11789174607420132,1.0,1.0,1.0,0.7729885057471264,1.0,0.625,1,CyberVolk-102276ae1f518745695fe8f291bf6e69856b91723244881561bb1a2338d54b12
0.11789174607420132,1.0,1.0,1.0,0.7742857142857142,1.0,0.625,1,CyberVolk-102276ae1f518745695fe8f291bf6e69856b91723244881561bb1a2338d54b12
0.11789174607420132,1.0,1.0,1.0,0.7755681818181819,1.0,0.625,1,CyberVolk-102276ae1f518745695fe8f291bf6e69856b91723244881561bb1a2338d54b12
0.11789174607420132,1.0,1.0,1.0,0.7768361581920904,1.0,0.625,1,CyberVolk-102276ae1f518745695fe8f291bf6e69856b91723244881561bb1a2338d54b12
0.11789174607420132,1.0,1.0,1.0,0.7780898876404494,1.0,0.625,1,CyberVolk-102276ae1f518745695fe8f291bf6e69856b91723244881561bb1a2338d54b12
0.11789174607420132,1.0,1.0,1.0,0.7793296089385475,1.0,0.625,1,CyberVolk-102276ae1f518745695fe8f291bf6e69856b91723244881561bb1a2338d54b12
0.11789174607420132,1.0,1.0,1.0,0.7805555555555556,1.0,0.625,1,CyberVolk-102276ae1f518745695fe8f291bf6e69856b91723244881561bb1a2338d54b12
0.11789174607420132,1.0,1.0,1.0,0.781767955801105,1.0,0.625,1,CyberVolk-102276ae1f518745695fe8f291bf6e69856b91723244881561bb1a2338d54b12
0.11789174607420132,1.0,1.0,1.0,0.782967032967033,1.0,0.625,1,CyberVolk-102276ae1f518745695fe8f291bf6e69856b91723244881561bb1a2338d54b12
0.11789174607420132,1.0,1.0,1.0,0.7841530054644809,1.0,0.625,1,CyberVolk-102276ae1f518745695fe8f291bf6e69856b91723244881561bb1a2338d54b12
0.11789174607420132,1.0,1.0,1.0,0.7853260869565217,1.0,0.625,1,CyberVolk-102276ae1f518745695fe8f291bf6e69856b91723244881561bb1a2338d54b12
0.9646221863865021,1.0,1.0,1.0,0.7837837837837838,1.0,0.625,1,CyberVolk-102276ae1f518745695fe8f291bf6e69856b91723244881561bb1a2338d54b12
0.9642187060804702,1.0,1.0,1.0,0.782258064516129,1.0,0.625,1,CyberVolk-102276ae1f518745695fe8f291bf6e69856b91723244881561bb1a2338d54b12
0.9634490591588392,1.0,1.0,1.0,0.7807486631016043,1.0,0.625,1,CyberVolk-102276ae1f518745695fe8f291bf6e69856b91723244881561bb1a2338d54b12
0.9634490591588392,1.0,1.0,1.0,0.7819148936170213,1.0,0.625,1,CyberVolk-102276ae1f518745695fe8f291bf6e69856b91723244881561bb1a2338d54b12
0.9619388411977953,1.0,1.0,1.0,0.7804232804232805,1.0,0.625,1,CyberVolk-102276ae1f518745695fe8f291bf6e69856b91723244881561bb1a2338d54b12
0.9619388411977953,1.0,1.0,1.0,0.781578947368421,1.0,0.625,1,CyberVolk-102276ae1f518745695fe8f291bf6e69856b91723244881561bb1a2338d54b12
0.11789174607420132,1.0,1.0,1.0,0.7827225130890052,1.0,0.625,1,CyberVolk-102276ae1f518745695fe8f291bf6e69856b91723244881561bb1a2338d54b12
0.954567103139396,1.0,1.0,1.0,0.78125,1.0,0.625,1,CyberVolk-102276ae1f518745695fe8f291bf6e69856b91723244881561bb1a2338d54b12
0.9636777012716853,1.0,1.0,1.0,0.7797927461139896,1.0,0.625,1,CyberVolk-102276ae1f518745695fe8f291bf6e69856b91723244881561bb1a2338d54b12
0.9636777012716853,1.0,1.0,1.0,0.7809278350515464,1.0,0.625,1,CyberVolk-102276ae1f518745695fe8f291bf6e69856b91723244881561bb1a2338d54b12
0.9635704729333099,1.0,1.0,1.0,0.7794871794871795,1.0,0.625,1,CyberVolk-102276ae1f518745695fe8f291bf6e69856b91723244881561bb1a2338d54b12
0.9635704729333099,1.0,1.0,1.0,0.7806122448979592,1.0,0.625,1,CyberVolk-102276ae1f518745695fe8f291bf6e69856b91723244881561bb1a2338d54b12
0.9627535198190325,1.0,1.0,1.0,0.7791878172588833,1.0,0.625,1,CyberVolk-102276ae1f518745695fe8f291bf6e69856b91723244881561bb1a2338d54b12
0.9627535198190325,1.0,1.0,1.0,0.7803030303030303,1.0,0.625,1,CyberVolk-102276ae1f518745695fe8f291bf6e69856b91723244881561bb1a2338d54b12
0.9636401071656497,1.0,1.0,1.0,0.778894472361809,1.0,0.625,1,CyberVolk-102276ae1f518745695fe8f291bf6e69856b91723244881561bb1a2338d54b12
0.9636401071656497,1.0,1.0,1.0,0.78,1.0,0.625,1,CyberVolk-102276ae1f518745695fe8f291bf6e69856b91723244881561bb1a2338d54b12
0.9563083994237958,1.0,1.0,1.0,0.7786069651741294,1.0,0.625,1,CyberVolk-102276ae1f518745695fe8f291bf6e69856b91723244881561bb1a2338d54b12
0.9635112656086035,1.0,1.0,1.0,0.7772277227722773,1.0,0.625,1,CyberVolk-102276ae1f518745695fe8f291bf6e69856b91723244881561bb1a2338d54b12
0.9633568852101264,1.0,1.0,1.0,0.7758620689655172,1.0,0.625,1,CyberVolk-102276ae1f518745695fe8f291bf6e69856b91723244881561bb1a2338d54b12
0.9639639821265654,1.0,1.0,1.0,0.7745098039215687,1.0,0.625,1,CyberVolk-102276ae1f518745695fe8f291bf6e69856b91723244881561bb1a2338d54b12
0.96178971799212,1.0,1.0,1.0,0.7731707317073171,1.0,0.625,1,CyberVolk-102276ae1f518745695fe8f291bf6e69856b91723244881561bb1a2338d54b12
0.9616371509835122,1.0,1.0,1.0,0.7718446601941747,1.0,0.625,1,CyberVolk-102276ae1f518745695fe8f291bf6e69856b91723244881561bb1a2338d54b12
0.9623980653196842,1.0,1.0,1.0,0.7705314009661836,1.0,0.625,1,CyberVolk-102276ae1f518745695fe8f291bf6e69856b91723244881561bb1a2338d54b12
0.9619860336357773,1.0,1.0,1.0,0.7692307692307692,1.0,0.625,1,CyberVolk-102276ae1f518745695fe8f291bf6e69856b91723244881561bb1a2338d54b12
0.9618275275611835,1.0,1.0,1.0,0.7679425837320575,1.0,0.625,1,CyberVolk-102276ae1f518745695fe8f291bf6e69856b91723244881561bb1a2338d54b12
0.962585775249321,1.0,1.0,1.0,0.7666666666666666,1.0,0.625,1,CyberVolk-102276ae1f518745695fe8f291bf6e69856b91723244881561bb1a2338d54b12
0.11946592814955426,1.0,1.0,1.0,0.7654028436018957,1.0,0.625,1,CyberVolk-102276ae1f518745695fe8f291bf6e69856b91723244881561bb1a2338d54b12
0.9621178388223192,1.0,1.0,1.0,0.7641509433962264,1.0,0.625,1,CyberVolk-102276ae1f518745695fe8f291bf6e69856b91723244881561bb1a2338d54b12
0.9635346751381654,1.0,1.0,1.0,0.7629107981220657,1.0,0.625,1,CyberVolk-102276ae1f518745695fe8f291bf6e69856b91723244881561bb1a2338d54b12
0.9633238375339971,1.0,1.0,1.0,0.7616822429906542,1.0,0.625,1,CyberVolk-102276ae1f518745695fe8f291bf6e69856b91723244881561bb1a2338d54b12
0.9640458724043347,1.0,1.0,1.0,0.7604651162790698,1.0,0.625,1,CyberVolk-102276ae1f518745695fe8f291bf6e69856b91723244881561bb1a2338d54b12
0.963112807906459,1.0,1.0,1.0,0.7592592592592593,1.0,0.625,1,CyberVolk-102276ae1f518745695fe8f291bf6e69856b91723244881561bb1a2338d54b12
0.9620734949126755,1.0,1.0,1.0,0.7580645161290323,1.0,0.625,1,CyberVolk-102276ae1f518745695fe8f291bf6e69856b91723244881561bb1a2338d54b12
0.9625523842463839,1.0,1.0,1.0,0.7568807339449541,1.0,0.625,1,CyberVolk-102276ae1f518745695fe8f291bf6e69856b91723244881561bb1a2338d54b12
0.9621743980597034,1.0,1.0,1.0,0.7557077625570776,1.0,0.625,1,CyberVolk-102276ae1f518745695fe8f291bf6e69856b91723244881561bb1a2338d54b12
0.9562565254853219,1.0,1.0,1.0,0.7545454545454545,1.0,0.625,1,CyberVolk-102276ae1f518745695fe8f291bf6e69856b91723244881561bb1a2338d54b12
0.9635008387009699,1.0,1.0,1.0,0.753393665158371,1.0,0.625,1,CyberVolk-102276ae1f518745695fe8f291bf6e69856b91723244881561bb1a2338d54b12
0.9635008387009699,1.0,1.0,1.0,0.7545045045045045,1.0,0.625,1,CyberVolk-102276ae1f518745695fe8f291bf6e69856b91723244881561bb1a2338d54b12
0.9633418308204637,1.0,1.0,1.0,0.7533632286995515,1.0,0.625,1,CyberVolk-102276ae1f518745695fe8f291bf6e69856b91723244881561bb1a2338d54b12
0.9633418308204637,1.0,1.0,1.0,0.7544642857142857,1.0,0.625,1,CyberVolk-102276ae1f518745695fe8f291bf6e69856b91723244881561bb1a2338d54b12
0.9620901653863922,1.0,1.0,1.0,0.7533333333333333,1.0,0.625,1,CyberVolk-102276ae1f518745695fe8f291bf6e69856b91723244881561bb1a2338d54b12
0.9625657061143339,1.0,1.0,1.0,0.752212389380531,1.0,0.625,1,CyberVolk-102276ae1f518745695fe8f291bf6e69856b91723244881561bb1a2338d54b12
0.9627860593587619,1.0,1.0,1.0,0.751101321585903,1.0,0.625,1,CyberVolk-102276ae1f518745695fe8f291bf6e69856b91723244881561bb1a2338d54b12
0.9627395970397153,1.0,1.0,1.0,0.75,1.0,0.625,1,CyberVolk-102276ae1f518745695fe8f291bf6e69856b91723244881561bb1a2338d54b12
0.9631249018327886,1.0,1.0,1.0,0.7489082969432315,1.0,0.625,1,CyberVolk-102276ae1f518745695fe8f291bf6e69856b91723244881561bb1a2338d54b12
0.9629267109084032,1.0,1.0,1.0,0.7478260869565218,1.0,0.625,1,CyberVolk-102276ae1f518745695fe8f291bf6e69856b91723244881561bb1a2338d54b12
0.13646075659328394,1.0,1.0,1.0,0.748917748917749,1.0,0.625,1,CyberVolk-102276ae1f518745695fe8f291bf6e69856b91723244881561bb1a2338d54b12
0.9628733061107067,1.0,1.0,1.0,0.7478448275862069,1.0,0.625,1,CyberVolk-102276ae1f518745695fe8f291bf6e69856b91723244881561bb1a2338d54b12
0.9631946951389111,1.0,1.0,1.0,0.7467811158798283,1.0,0.625,1,CyberVolk-102276ae1f518745695fe8f291bf6e69856b91723244881561bb1a2338d54b12
0.962831519139408,1.0,1.0,1.0,0.7457264957264957,1.0,0.625,1,CyberVolk-102276ae1f518745695fe8f291bf6e69856b91723244881561bb1a2338d54b12
0.9627457048149937,1.0,1.0,1.0,0.7446808510638299,1.0,0.625,1,CyberVolk-102276ae1f518745695fe8f291bf6e69856b91723244881561bb1a2338d54b12
0.963130862524309,1.0,1.0,1.0,0.7436440677966102,1.0,0.625,1,CyberVolk-102276ae1f518745695fe8f291bf6e69856b91723244881561bb1a2338d54b12
0.9629629425011139,1.0,1.0,1.0,0.7426160337552743,1.0,0.625,1,CyberVolk-102276ae1f518745695fe8f291bf6e69856b91723244881561bb1a2338d54b12
0.11789174607420132,1.0,1.0,1.0,0.7436974789915967,1.0,0.625,1,CyberVolk-102276ae1f518745695fe8f291bf6e69856b91723244881561bb1a2338d54b12
0.9628735597264273,1.0,1.0,1.0,0.7426778242677825,1.0,0.625,1,CyberVolk-102276ae1f518745695fe8f291bf6e69856b91723244881561bb1a2338d54b12
0.9631984394268541,1.0,1.0,1.0,0.7416666666666667,1.0,0.625,1,CyberVolk-102276ae1f518745695fe8f291bf6e69856b91723244881561bb1a2338d54b12
0.9619842174097001,1.0,1.0,1.0,0.7406639004149378,1.0,0.625,1,CyberVolk-102276ae1f518745695fe8f291bf6e69856b91723244881561bb1a2338d54b12
0.9619451352391022,1.0,1.0,1.0,0.7396694214876033,1.0,0.625,1,CyberVolk-102276ae1f518745695fe8f291bf6e69856b91723244881561bb1a2338d54b12
0.9623130085627506,1.0,1.0,1.0,0.7386831275720165,1.0,0.625,1,CyberVolk-102276ae1f518745695fe8f291bf6e69856b91723244881561bb1a2338d54b12
0.9625766312670867,1.0,1.0,1.0,0.7377049180327868,1.0,0.625,1,CyberVolk-102276ae1f518745695fe8f291bf6e69856b91723244881561bb1a2338d54b12
0.11789174607420132,1.0,1.0,1.0,0.7387755102040816,1.0,0.625,1,CyberVolk-102276ae1f518745695fe8f291bf6e69856b91723244881561bb1a2338d54b12
0.11789174607420132,1.0,1.0,1.0,0.7398373983739837,1.0,0.625,1,CyberVolk-102276ae1f518745695fe8f291bf6e69856b91723244881561bb1a2338d54b12
0.9625358531899617,1.0,1.0,1.0,0.7388663967611335,1.0,0.625,1,CyberVolk-102276ae1f518745695fe8f291bf6e69856b91723244881561bb1a2338d54b12
0.9628352908704496,1.0,1.0,1.0,0.7379032258064516,1.0,0.625,1,CyberVolk-102276ae1f518745695fe8f291bf6e69856b91723244881561bb1a2338d54b12
0.9571592642790687,1.0,1.0,1.0,0.7369477911646587,1.0,0.625,1,CyberVolk-102276ae1f518745695fe8f291bf6e69856b91723244881561bb1a2338d54b12
0.11789174607420132,1.0,1.0,1.0,0.738,1.0,0.625,1,CyberVolk-102276ae1f518745695fe8f291bf6e69856b91723244881561bb1a2338d54b12
0.1261660874599347,1.0,1.0,1.0,0.7370517928286853,1.0,0.625,1,CyberVolk-102276ae1f518745695fe8f291bf6e69856b91723244881561bb1a2338d54b12
0.9624112173401969,1.0,1.0,1.0,0.7361111111111112,1.0,0.625,1,CyberVolk-102276ae1f518745695fe8f291bf6e69856b91723244881561bb1a2338d54b12
0.9625021510429826,1.0,1.0,1.0,0.7351778656126482,1.0,0.625,1,CyberVolk-102276ae1f518745695fe8f291bf6e69856b91723244881561bb1a2338d54b12
0.9627368459348813,1.0,1.0,1.0,0.734251968503937,1.0,0.625,1,CyberVolk-102276ae1f518745695fe8f291bf6e69856b91723244881561bb1a2338d54b12
0.9625182413079121,1.0,1.0,1.0,0.7333333333333334,1.0,0.625,1,CyberVolk-102276ae1f518745695fe8f291bf6e69856b91723244881561bb1a2338d54b12
0.9626086087463184,1.0,1.0,1.0,0.732421875,1.0,0.625,1,CyberVolk-102276ae1f518745695fe8f291bf6e69856b91723244881561bb1a2338d54b12
0.9628427433345154,1.0,1.0,1.0,0.7315175097276265,1.0,0.625,1,CyberVolk-102276ae1f518745695fe8f291bf6e69856b91723244881561bb1a2338d54b12
0.13646075659328394,1.0,1.0,1.0,0.7325581395348837,1.0,0.625,1,CyberVolk-102276ae1f518745695fe8f291bf6e69856b91723244881561bb1a2338d54b12
0.9625714203276969,1.0,1.0,1.0,0.7316602316602316,1.0,0.625,1,CyberVolk-102276ae1f518745695fe8f291bf6e69856b91723244881561bb1a2338d54b12
0.962668147788712,1.0,1.0,1.0,0.7307692307692308,1.0,0.625,1,CyberVolk-102276ae1f518745695fe8f291bf6e69856b91723244881561bb1a2338d54b12
0.9630031694398753,1.0,1.0,1.0,0.7298850574712643,1.0,0.625,1,CyberVolk-102276ae1f518745695fe8f291bf6e69856b91723244881561bb1a2338d54b12
0.9626179117996669,1.0,1.0,1.0,0.7290076335877862,1.0,0.625,1,CyberVolk-102276ae1f518745695fe8f291bf6e69856b91723244881561bb1a2338d54b12
0.13373670235203394,1.0,1.0,1.0,0.7300380228136882,1.0,0.625,1,CyberVolk-102276ae1f518745695fe8f291bf6e69856b91723244881561bb1a2338d54b12
0.9626686048750374,1.0,1.0,1.0,0.7291666666666667,1.0,0.625,1,CyberVolk-102276ae1f518745695fe8f291bf6e69856b91723244881561bb1a2338d54b12
0.9630057558449614,1.0,1.0,1.0,0.7283018867924529,1.0,0.625,1,CyberVolk-102276ae1f518745695fe8f291bf6e69856b91723244881561bb1a2338d54b12
0.13373670235203394,1.0,1.0,1.0,0.7293233082706767,1.0,0.625,1,CyberVolk-102276ae1f518745695fe8f291bf6e69856b91723244881561bb1a2338d54b12
0.9626331799355201,1.0,1.0,1.0,0.7284644194756554,1.0,0.625,1,CyberVolk-102276ae1f518745695fe8f291bf6e69856b91723244881561bb1a2338d54b12
0.9627295524562604,1.0,1.0,1.0,0.7276119402985075,1.0,0.625,1,CyberVolk-102276ae1f518745695fe8f291bf6e69856b91723244881561bb1a2338d54b12
0.9630642232236091,1.0,1.0,1.0,0.7267657992565055,1.0,0.625,1,CyberVolk-102276ae1f518745695fe8f291bf6e69856b91723244881561bb1a2338d54b12
0.962676941701067,1.0,1.0,1.0,0.7259259259259259,1.0,0.625,1,CyberVolk-102276ae1f518745695fe8f291bf6e69856b91723244881561bb1a2338d54b12
0.9627273104363199,1.0,1.0,1.0,0.7250922509225093,1.0,0.625,1,CyberVolk-102276ae1f518745695fe8f291bf6e69856b91723244881561bb1a2338d54b12
0.963064140610827,1.0,1.0,1.0,0.7242647058823529,1.0,0.625,1,CyberVolk-102276ae1f518745695fe8f291bf6e69856b91723244881561bb1a2338d54b12
0.13373670235203394,1.0,1.0,1.0,0.7252747252747253,1.0,0.625,1,CyberVolk-102276ae1f518745695fe8f291bf6e69856b91723244881561bb1a2338d54b12
0.12125807778151888,1.0,1.0,1.0,0.7244525547445255,1.0,0.625,1,CyberVolk-102276ae1f518745695fe8f291bf6e69856b91723244881561bb1a2338d54b12
0.12125807778151888,1.0,1.0,1.0,0.7254545454545455,1.0,0.625,1,CyberVolk-102276ae1f518745695fe8f291bf6e69856b91723244881561bb1a2338d54b12
0.12125807778151888,1.0,1.0,1.0,0.7264492753623188,1.0,0.625,1,CyberVolk-102276ae1f518745695fe8f291bf6e69856b91723244881561bb1a2338d54b12
0.12125807778151888,1.0,1.0,1.0,0.7274368231046932,1.0,0.625,1,CyberVolk-102276ae1f518745695fe8f291bf6e69856b91723244881561bb1a2338d54b12
0.12125807778151888,1.0,1.0,1.0,0.7284172661870504,1.0,0.625,1,CyberVolk-102276ae1f518745695fe8f291bf6e69856b91723244881561bb1a2338d54b12
0.12125807778151888,1.0,1.0,1.0,0.7293906810035842,1.0,0.625,1,CyberVolk-102276ae1f518745695fe8f291bf6e69856b91723244881561bb1a2338d54b12
0.12125807778151888,1.0,1.0,1.0,0.7303571428571429,1.0,0.625,1,CyberVolk-102276ae1f518745695fe8f291bf6e69856b91723244881561bb1a2338d54b12
0.12125807778151888,1.0,1.0,1.0,0.7313167259786477,1.0,0.625,1,CyberVolk-102276ae1f518745695fe8f291bf6e69856b91723244881561bb1a2338d54b12
0.12125807778151888,1.0,1.0,1.0,0.7322695035460993,1.0,0.625,1,CyberVolk-102276ae1f518745695fe8f291bf6e69856b91723244881561bb1a2338d54b12
0.12125807778151888,1.0,1.0,1.0,0.7332155477031802,1.0,0.625,1,CyberVolk-102276ae1f518745695fe8f291bf6e69856b91723244881561bb1a2338d54b12
0.9553418541564965,1.0,1.0,1.0,0.7341549295774648,1.0,0.625,1,CyberVolk-102276ae1f518745695fe8f291bf6e69856b91723244881561bb1a2338d54b12
0.9567131866159356,1.0,1.0,1.0,0.7333333333333334,1.0,0.625,1,CyberVolk-102276ae1f518745695fe8f291bf6e69856b91723244881561bb1a2338d54b12
0.9597174455271443,1.0,1.0,1.0,0.7325174825174825,1.0,0.625,1,CyberVolk-102276ae1f518745695fe8f291bf6e69856b91723244881561bb1a2338d54b12
0.11789174607420132,1.0,1.0,1.0,0.7334494773519165,1.0,0.625,1,CyberVolk-102276ae1f518745695fe8f291bf6e69856b91723244881561bb1a2338d54b12
0.11789174607420132,1.0,1.0,1.0,0.734375,1.0,0.625,1,CyberVolk-102276ae1f518745695fe8f291bf6e69856b91723244881561bb1a2338d54b12
0.11789174607420132,1.0,1.0,1.0,0.7352941176470589,1.0,0.625,1,CyberVolk-102276ae1f518745695fe8f291bf6e69856b91723244881561bb1a2338d54b12
0.11789174607420132,1.0,1.0,1.0,0.7362068965517241,1.0,0.625,1,CyberVolk-102276ae1f518745695fe8f291bf6e69856b91723244881561bb1a2338d54b12
0.11789174607420132,1.0,1.0,1.0,0.7371134020618557,1.0,0.625,1,CyberVolk-102276ae1f518745695fe8f291bf6e69856b91723244881561bb1a2338d54b12
0.11789174607420132,1.0,1.0,1.0,0.738013698630137,1.0,0.625,1,CyberVolk-102276ae1f518745695fe8f291bf6e69856b91723244881561bb1a2338d54b12
0.11789174607420132,1.0,1.0,1.0,0.7389078498293515,1.0,0.625,1,CyberVolk-102276ae1f518745695fe8f291bf6e69856b91723244881561bb1a2338d54b12
0.11789174607420132,1.0,1.0,1.0,0.7397959183673469,1.0,0.625,1,CyberVolk-102276ae1f518745695fe8f291bf6e69856b91723244881561bb1a2338d54b12
0.11789174607420132,1.0,1.0,1.0,0.7406779661016949,1.0,0.625,1,CyberVolk-102276ae1f518745695fe8f291bf6e69856b91723244881561bb1a2338d54b12
0.11789174607420132,1.0,1.0,1.0,0.7415540540540541,1.0,0.625,1,CyberVolk-102276ae1f518745695fe8f291bf6e69856b91723244881561bb1a2338d54b12
0.11789174607420132,1.0,1.0,1.0,0.7424242424242424,1.0,0.625,1,CyberVolk-102276ae1f518745695fe8f291bf6e69856b91723244881561bb1a2338d54b12
0.11789174607420132,1.0,1.0,1.0,0.7432885906040269,1.0,0.625,1,CyberVolk-102276ae1f518745695fe8f291bf6e69856b91723244881561bb1a2338d54b12
0.11789174607420132,1.0,1.0,1.0,0.7441471571906355,1.0,0.625,1,CyberVolk-102276ae1f518745695fe8f291bf6e69856b91723244881561bb1a2338d54b12
0.11789174607420132,1.0,1.0,1.0,0.745,1.0,0.625,1,CyberVolk-102276ae1f518745695fe8f291bf6e69856b91723244881561bb1a2338d54b12
0.11789174607420132,1.0,1.0,1.0,0.7458471760797343,1.0,0.625,1,CyberVolk-102276ae1f518745695fe8f291bf6e69856b91723244881561bb1a2338d54b12
0.9554737961334894,1.0,1.0,1.0,0.7466887417218543,1.0,0.625,1,CyberVolk-102276ae1f518745695fe8f291bf6e69856b91723244881561bb1a2338d54b12
0.9636259217295546,1.0,1.0,1.0,0.7458745874587458,1.0,0.625,1,CyberVolk-102276ae1f518745695fe8f291bf6e69856b91723244881561bb1a2338d54b12
0.9636259217295546,1.0,1.0,1.0,0.7467105263157895,1.0,0.625,1,CyberVolk-102276ae1f518745695fe8f291bf6e69856b91723244881561bb1a2338d54b12
0.9630577399113728,1.0,1.0,1.0,0.7459016393442623,1.0,0.625,1,CyberVolk-102276ae1f518745695fe8f291bf6e69856b91723244881561bb1a2338d54b12
0.9630577399113728,1.0,1.0,1.0,0.7467320261437909,1.0,0.625,1,CyberVolk-102276ae1f518745695fe8f291bf6e69856b91723244881561bb1a2338d54b12
0.9637152953777208,1.0,1.0,1.0,0.745928338762215,1.0,0.625,1,CyberVolk-102276ae1f518745695fe8f291bf6e69856b91723244881561bb1a2338d54b12
0.9564610338831303,1.0,1.0,1.0,0.7451298701298701,1.0,0.625,1,CyberVolk-102276ae1f518745695fe8f291bf6e69856b91723244881561bb1a2338d54b12
0.9637152953777208,1.0,1.0,1.0,0.7459546925566343,1.0,0.625,1,CyberVolk-102276ae1f518745695fe8f291bf6e69856b91723244881561bb1a2338d54b12
0.9635704729333099,1.0,1.0,1.0,0.7451612903225806,1.0,0.625,1,CyberVolk-102276ae1f518745695fe8f291bf6e69856b91723244881561bb1a2338d54b12
0.9635704729333099,1.0,1.0,1.0,0.7459807073954984,1.0,0.625,1,CyberVolk-102276ae1f518745695fe8f291bf6e69856b91723244881561bb1a2338d54b12
0.9602933148700206,1.0,1.0,1.0,0.7451923076923077,1.0,0.625,1,CyberVolk-102276ae1f518745695fe8f291bf6e69856b91723244881561bb1a2338d54b12
0.9604158711189389,1.0,1.0,1.0,0.744408945686901,1.0,0.625,1,CyberVolk-102276ae1f518745695fe8f291bf6e69856b91723244881561bb1a2338d54b12
0.9611045929944797,1.0,1.0,1.0,0.7436305732484076,1.0,0.625,1,CyberVolk-102276ae1f518745695fe8f291bf6e69856b91723244881561bb1a2338d54b12
0.9612503143757631,1.0,1.0,1.0,0.7428571428571429,1.0,0.625,1,CyberVolk-102276ae1f518745695fe8f291bf6e69856b91723244881561bb1a2338d54b12
0.9632326041401211,1.0,1.0,1.0,0.7420886075949367,1.0,0.625,1,CyberVolk-102276ae1f518745695fe8f291bf6e69856b91723244881561bb1a2338d54b12
0.9630136024549246,1.0,1.0,1.0,0.7413249211356467,1.0,0.625,1,CyberVolk-102276ae1f518745695fe8f291bf6e69856b91723244881561bb1a2338d54b12
0.9638433071468226,1.0,1.0,1.0,0.7405660377358491,1.0,0.625,1,CyberVolk-102276ae1f518745695fe8f291bf6e69856b91723244881561bb1a2338d54b12
0.9628753176045484,1.0,1.0,1.0,0.7398119122257053,1.0,0.625,1,CyberVolk-102276ae1f518745695fe8f291bf6e69856b91723244881561bb1a2338d54b12
0.9563734937053315,1.0,1.0,1.0,0.7390625,1.0,0.625,1,CyberVolk-102276ae1f518745695fe8f291bf6e69856b91723244881561bb1a2338d54b12
0.9616466820142754,1.0,1.0,1.0,0.7383177570093458,1.0,0.625,1,CyberVolk-102276ae1f518745695fe8f291bf6e69856b91723244881561bb1a2338d54b12
0.9618359266653564,1.0,1.0,1.0,0.7375776397515528,1.0,0.625,1,CyberVolk-102276ae1f518745695fe8f291bf6e69856b91723244881561bb1a2338d54b12
0.9623311131139426,1.0,1.0,1.0,0.736842105263158,1.0,0.625,1,CyberVolk-102276ae1f518745695fe8f291bf6e69856b91723244881561bb1a2338d54b12
0.9619368705953685,1.0,1.0,1.0,0.7361111111111112,1.0,0.625,1,CyberVolk-102276ae1f518745695fe8f291bf6e69856b91723244881561bb1a2338d54b12
0.9621490800420915,1.0,1.0,1.0,0.7353846153846153,1.0,0.625,1,CyberVolk-102276ae1f518745695fe8f291bf6e69856b91723244881561bb1a2338d54b12
0.9590519647839983,1.0,1.0,1.0,0.7346625766871165,1.0,0.625,1,CyberVolk-102276ae1f518745695fe8f291bf6e69856b91723244881561bb1a2338d54b12
0.9623158494021808,1.0,1.0,1.0,0.7339449541284404,1.0,0.625,1,CyberVolk-102276ae1f518745695fe8f291bf6e69856b91723244881561bb1a2338d54b12
0.9620967388383649,1.0,1.0,1.0,0.7332317073170731,1.0,0.625,1,CyberVolk-102276ae1f518745695fe8f291bf6e69856b91723244881561bb1a2338d54b12
0.11789174607420132,1.0,1.0,1.0,0.7340425531914894,1.0,0.625,1,CyberVolk-102276ae1f518745695fe8f291bf6e69856b91723244881561bb1a2338d54b12
0.11789174607420132,1.0,1.0,1.0,0.7348484848484849,1.0,0.625,1,CyberVolk-102276ae1f518745695fe8f291bf6e69856b91723244881561bb1a2338d54b12
0.9624871486788993,1.0,1.0,1.0,0.7341389728096677,1.0,0.625,1,CyberVolk-102276ae1f518745695fe8f291bf6e69856b91723244881561bb1a2338d54b12
0.11789174607420132,1.0,1.0,1.0,0.7349397590361446,1.0,0.625,1,CyberVolk-102276ae1f518745695fe8f291bf6e69856b91723244881561bb1a2338d54b12
0.9625904263664166,1.0,1.0,1.0,0.7342342342342343,1.0,0.625,1,CyberVolk-102276ae1f518745695fe8f291bf6e69856b91723244881561bb1a2338d54b12
0.9617318938466956,1.0,1.0,1.0,0.7335329341317365,1.0,0.625,1,CyberVolk-102276ae1f518745695fe8f291bf6e69856b91723244881561bb1a2338d54b12
0.9626225405212694,1.0,1.0,1.0,0.7328358208955223,1.0,0.625,1,CyberVolk-102276ae1f518745695fe8f291bf6e69856b91723244881561bb1a2338d54b12
0.11789174607420132,1.0,1.0,1.0,0.7336309523809523,1.0,0.625,1,CyberVolk-102276ae1f518745695fe8f291bf6e69856b91723244881561bb1a2338d54b12
0.11789174607420132,1.0,1.0,1.0,0.7344213649851632,1.0,0.625,1,CyberVolk-102276ae1f518745695fe8f291bf6e69856b91723244881561bb1a2338d54b12
0.11789174607420132,1.0,1.0,1.0,0.735207100591716,1.0,0.625,1,CyberVolk-102276ae1f518745695fe8f291bf6e69856b91723244881561bb1a2338d54b12
0.9618976862731796,1.0,1.0,1.0,0.7345132743362832,1.0,0.625,1,CyberVolk-102276ae1f518745695fe8f291bf6e69856b91723244881561bb1a2338d54b12
0.11789174607420132,1.0,1.0,1.0,0.7352941176470589,1.0,0.625,1,CyberVolk-102276ae1f518745695fe8f291bf6e69856b91723244881561bb1a2338d54b12
0.962392517781491,1.0,1.0,1.0,0.7346041055718475,1.0,0.625,1,CyberVolk-102276ae1f518745695fe8f291bf6e69856b91723244881561bb1a2338d54b12
0.9621303989625444,1.0,1.0,1.0,0.7339181286549707,1.0,0.625,1,CyberVolk-102276ae1f518745695fe8f291bf6e69856b91723244881561bb1a2338d54b12
0.13373670235203394,1.0,1.0,1.0,0.7346938775510203,1.0,0.625,1,CyberVolk-102276ae1f518745695fe8f291bf6e69856b91723244881561bb1a2338d54b12
0.11789174607420132,1.0,1.0,1.0,0.7354651162790697,1.0,0.625,1,CyberVolk-102276ae1f518745695fe8f291bf6e69856b91723244881561bb1a2338d54b12
0.11789174607420132,1.0,1.0,1.0,0.736231884057971,1.0,0.625,1,CyberVolk-102276ae1f518745695fe8f291bf6e69856b91723244881561bb1a2338d54b12
0.9622628822648677,1.0,1.0,1.0,0.7355491329479769,1.0,0.625,1,CyberVolk-102276ae1f518745695fe8f291bf6e69856b91723244881561bb1a2338d54b12
0.9626716861605051,1.0,1.0,1.0,0.7348703170028819,1.0,0.625,1,CyberVolk-102276ae1f518745695fe8f291bf6e69856b91723244881561bb1a2338d54b12
0.11789174607420132,1.0,1.0,1.0,0.735632183908046,1.0,0.625,1,CyberVolk-102276ae1f518745695fe8f291bf6e69856b91723244881561bb1a2338d54b12
0.11789174607420132,1.0,1.0,1.0,0.7363896848137537,1.0,0.625,1,CyberVolk-102276ae1f518745695fe8f291bf6e69856b91723244881561bb1a2338d54b12
0.11789174607420132,1.0,1.0,1.0,0.7371428571428571,1.0,0.625,1,CyberVolk-102276ae1f518745695fe8f291bf6e69856b91723244881561bb1a2338d54b12
0.9614064076259236,1.0,1.0,1.0,0.7364672364672364,1.0,0.625,1,CyberVolk-102276ae1f518745695fe8f291bf6e69856b91723244881561bb1a2338d54b12
0.9614144979867582,1.0,1.0,1.0,0.7357954545454546,1.0,0.625,1,CyberVolk-102276ae1f518745695fe8f291bf6e69856b91723244881561bb1a2338d54b12
0.962049763511227,1.0,1.0,1.0,0.7351274787535411,1.0,0.625,1,CyberVolk-102276ae1f518745695fe8f291bf6e69856b91723244881561bb1a2338d54b12
0.9615242680351502,1.0,1.0,1.0,0.7344632768361582,1.0,0.625,1,CyberVolk-102276ae1f518745695fe8f291bf6e69856b91723244881561bb1a2338d54b12
0.961484999610738,1.0,1.0,1.0,0.7338028169014085,1.0,0.625,1,CyberVolk-102276ae1f518745695fe8f291bf6e69856b91723244881561bb1a2338d54b12
0.9621123790214795,1.0,1.0,1.0,0.7331460674157304,1.0,0.625,1,CyberVolk-102276ae1f518745695fe8f291bf6e69856b91723244881561bb1a2338d54b12
0.13373670235203394,1.0,1.0,1.0,0.7338935574229692,1.0,0.625,1,CyberVolk-102276ae1f518745695fe8f291bf6e69856b91723244881561bb1a2338d54b12
0.962175565542233,1.0,1.0,1.0,0.7332402234636872,1.0,0.625,1,CyberVolk-102276ae1f518745695fe8f291bf6e69856b91723244881561bb1a2338d54b12
0.9621802457783908,1.0,1.0,1.0,0.7325905292479109,1.0,0.625,1,CyberVolk-102276ae1f518745695fe8f291bf6e69856b91723244881561bb1a2338d54b12
0.9598909047514114,1.0,1.0,1.0,0.7319444444444445,1.0,0.625,1,CyberVolk-102276ae1f518745695fe8f291bf6e69856b91723244881561bb1a2338d54b12
0.9611707586211024,1.0,1.0,1.0,0.7313019390581718,1.0,0.625,1,CyberVolk-102276ae1f518745695fe8f291bf6e69856b91723244881561bb1a2338d54b12
0.9627139278085297,1.0,1.0,1.0,0.7306629834254144,1.0,0.625,1,CyberVolk-102276ae1f518745695fe8f291bf6e69856b91723244881561bb1a2338d54b12
0.9567021828758705,1.0,1.0,1.0,0.7300275482093663,1.0,0.625,1,CyberVolk-102276ae1f518745695fe8f291bf6e69856b91723244881561bb1a2338d54b12
0.9622768666532732,1.0,1.0,1.0,0.7293956043956045,1.0,0.625,1,CyberVolk-102276ae1f518745695fe8f291bf6e69856b91723244881561bb1a2338d54b12
0.9622349259725183,1.0,1.0,1.0,0.7287671232876712,1.0,0.625,1,CyberVolk-102276ae1f518745695fe8f291bf6e69856b91723244881561bb1a2338d54b12
0.9627645477053887,1.0,1.0,1.0,0.7281420765027322,1.0,0.625,1,CyberVolk-102276ae1f518745695fe8f291bf6e69856b91723244881561bb1a2338d54b12
0.9627594635661867,1.0,1.0,1.0,0.7275204359673024,1.0,0.625,1,CyberVolk-102276ae1f518745695fe8f291bf6e69856b91723244881561bb1a2338d54b12
0.13373670235203394,1.0,1.0,1.0,0.7282608695652174,1.0,0.625,1,CyberVolk-102276ae1f518745695fe8f291bf6e69856b91723244881561bb1a2338d54b12
0.9644678354017189,1.0,1.0,1.0,0.7276422764227642,1.0,0.625,1,CyberVolk-102276ae1f518745695fe8f291bf6e69856b91723244881561bb1a2338d54b12
0.13373670235203394,1.0,1.0,1.0,0.7283783783783784,1.0,0.625,1,CyberVolk-102276ae1f518745695fe8f291bf6e69856b91723244881561bb1a2338d54b12
0.9614628006171458,1.0,1.0,1.0,0.7277628032345014,1.0,0.625,1,CyberVolk-102276ae1f518745695fe8f291bf6e69856b91723244881561bb1a2338d54b12
0.9614662100495028,1.0,1.0,1.0,0.7271505376344086,1.0,0.625,1,CyberVolk-102276ae1f518745695fe8f291bf6e69856b91723244881561bb1a2338d54b12
0.9567051779640279,1.0,1.0,1.0,0.7265415549597856,1.0,0.625,1,CyberVolk-102276ae1f518745695fe8f291bf6e69856b91723244881561bb1a2338d54b12
0.9570440985251377,1.0,1.0,1.0,0.7259358288770054,1.0,0.625,1,CyberVolk-102276ae1f518745695fe8f291bf6e69856b91723244881561bb1a2338d54b12
0.9619767793847895,1.0,1.0,1.0,0.7253333333333334,1.0,0.625,1,CyberVolk-102276ae1f518745695fe8f291bf6e69856b91723244881561bb1a2338d54b12
0.9611935192034122,1.0,1.0,1.0,0.7247340425531915,1.0,0.625,1,CyberVolk-102276ae1f518745695fe8f291bf6e69856b91723244881561bb1a2338d54b12
0.9611935192034122,1.0,1.0,1.0,0.7254641909814323,1.0,0.625,1,CyberVolk-102276ae1f518745695fe8f291bf6e69856b91723244881561bb1a2338d54b12
0.962142385023479,1.0,1.0,1.0,0.7248677248677249,1.0,0.625,1,CyberVolk-102276ae1f518745695fe8f291bf6e69856b91723244881561bb1a2338d54b12
0.9621431123109985,1.0,1.0,1.0,0.7242744063324538,1.0,0.625,1,CyberVolk-102276ae1f518745695fe8f291bf6e69856b91723244881561bb1a2338d54b12
0.9625795018098062,1.0,1.0,1.0,0.7236842105263157,1.0,0.625,1,CyberVolk-102276ae1f518745695fe8f291bf6e69856b91723244881561bb1a2338d54b12
0.13373670235203394,1.0,1.0,1.0,0.7244094488188977,1.0,0.625,1,CyberVolk-102276ae1f518745695fe8f291bf6e69856b91723244881561bb1a2338d54b12
0.13373670235203394,1.0,1.0,1.0,0.7251308900523561,1.0,0.625,1,CyberVolk-102276ae1f518745695fe8f291bf6e69856b91723244881561bb1a2338d54b12
0.9619738140951617,1.0,1.0,1.0,0.7245430809399478,1.0,0.625,1,CyberVolk-102276ae1f518745695fe8f291bf6e69856b91723244881561bb1a2338d54b12
0.9621140335080884,1.0,1.0,1.0,0.7239583333333333,1.0,0.625,1,CyberVolk-102276ae1f518745695fe8f291bf6e69856b91723244881561bb1a2338d54b12
0.9624835211228909,1.0,1.0,1.0,0.7233766233766235,1.0,0.625,1,CyberVolk-102276ae1f518745695fe8f291bf6e69856b91723244881561bb1a2338d54b12
0.9644678354017189,1.0,1.0,1.0,0.7240932642487047,1.0,0.625,1,CyberVolk-102276ae1f518745695fe8f291bf6e69856b91723244881561bb1a2338d54b12
0.9620268258579541,1.0,1.0,1.0,0.7235142118863049,1.0,0.625,1,CyberVolk-102276ae1f518745695fe8f291bf6e69856b91723244881561bb1a2338d54b12
0.9621667491157815,1.0,1.0,1.0,0.7229381443298969,1.0,0.625,1,CyberVolk-102276ae1f518745695fe8f291bf6e69856b91723244881561bb1a2338d54b12
0.9625359438660968,1.0,1.0,1.0,0.7223650385604112,1.0,0.625,1,CyberVolk-102276ae1f518745695fe8f291bf6e69856b91723244881561bb1a2338d54b12
0.9619533647583394,1.0,1.0,1.0,0.7217948717948718,1.0,0.625,1,CyberVolk-102276ae1f518745695fe8f291bf6e69856b91723244881561bb1a2338d54b12
0.9621105590390983,1.0,1.0,1.0,0.7212276214833759,1.0,0.625,1,CyberVolk-102276ae1f518745695fe8f291bf6e69856b91723244881561bb1a2338d54b12
0.9625926230325265,1.0,1.0,1.0,0.7206632653061225,1.0,0.625,1,CyberVolk-102276ae1f518745695fe8f291bf6e69856b91723244881561bb1a2338d54b12
0.9620562001935526,1.0,1.0,1.0,0.7201017811704835,1.0,0.625,1,CyberVolk-102276ae1f518745695fe8f291bf6e69856b91723244881561bb1a2338d54b12
0.9621591879775219,1.0,1.0,1.0,0.7195431472081218,1.0,0.625,1,CyberVolk-102276ae1f518745695fe8f291bf6e69856b91723244881561bb1a2338d54b12
0.9626396247605445,1.0,1.0,1.0,0.718987341772152,1.0,0.625,1,CyberVolk-102276ae1f518745695fe8f291bf6e69856b91723244881561bb1a2338d54b12
0.9619533647583394,1.0,1.0,1.0,0.7184343434343434,1.0,0.625,1,CyberVolk-102276ae1f518745695fe8f291bf6e69856b91723244881561bb1a2338d54b12
0.9621105590390983,1.0,1.0,1.0,0.7178841309823678,1.0,0.625,1,CyberVolk-102276ae1f518745695fe8f291bf6e69856b91723244881561bb1a2338d54b12
0.9625926230325265,1.0,1.0,1.0,0.7173366834170855,1.0,0.625,1,CyberVolk-102276ae1f518745695fe8f291bf6e69856b91723244881561bb1a2338d54b12
0.9620562001935526,1.0,1.0,1.0,0.7167919799498748,1.0,0.625,1,CyberVolk-102276ae1f518745695fe8f291bf6e69856b91723244881561bb1a2338d54b12
0.9621591879775219,1.0,1.0,1.0,0.71625,1.0,0.625,1,CyberVolk-102276ae1f518745695fe8f291bf6e69856b91723244881561bb1a2338d54b12
0.956583301734985,0.5435275175560625,0.02,0.05,0.8,0.0,0.625,1,CyberVolk-de0b74917fe24c2b38e2d1172b7352f88bf8b3df64b6d44ca5f317db85aeb324
0.11789174607420132,1.0,0.04,0.1,0.5,0.04960159612028318,0.625,1,CyberVolk-de0b74917fe24c2b38e2d1172b7352f88bf8b3df64b6d44ca5f317db85aeb324
0.9626008292264994,1.0,0.06,0.15,0.5,0.098807962873877,0.625,1,CyberVolk-de0b74917fe24c2b38e2d1172b7352f88bf8b3df64b6d44ca5f317db85aeb324
0.9626008292264994,0.8036063203192049,0.06,0.15,0.625,0.14762224947904282,0.625,1,CyberVolk-de0b74917fe24c2b38e2d1172b7352f88bf8b3df64b6d44ca5f317db85aeb324
0.13646075659328394,1.0,0.08,0.2,0.6,0.19604758006082648,0.625,1,CyberVolk-de0b74917fe24c2b38e2d1172b7352f88bf8b3df64b6d44ca5f317db85aeb324
0.11789174607420132,0.9484695923431801,0.1,0.2,0.6666666666666667,0.24408705385100307,0.625,1,CyberVolk-de0b74917fe24c2b38e2d1172b7352f88bf8b3df64b6d44ca5f317db85aeb324
0.13646075659328394,0.820925488398632,0.1,0.2,0.7142857142857143,0.2917437453864285,0.625,1,CyberVolk-de0b74917fe24c2b38e2d1172b7352f88bf8b3df64b6d44ca5f317db85aeb324
0.13646075659328394,0.7321184174041966,0.1,0.2,0.75,0.33902070470581025,0.625,1,CyberVolk-de0b74917fe24c2b38e2d1172b7352f88bf8b3df64b6d44ca5f317db85aeb324
0.11789174607420132,0.6637607280838901,0.1,0.2,0.7777777777777778,0.38592095754491085,0.625,1,CyberVolk-de0b74917fe24c2b38e2d1172b7352f88bf8b3df64b6d44ca5f317db85aeb324
0.13646075659328394,0.6099193910674279,0.1,0.2,0.8,0.4324475055301956,0.625,1,CyberVolk-de0b74917fe24c2b38e2d1172b7352f88bf8b3df64b6d44ca5f317db85aeb324
0.13646075659328394,0.5678675400115093,0.1,0.2,0.8181818181818181,0.47860332637093694,0.625,1,CyberVolk-de0b74917fe24c2b38e2d1172b7352f88bf8b3df64b6d44ca5f317db85aeb324
0.9543474276170212,0.537665618609966,0.12,0.25,0.7916666666666666,0.524391374049789,0.625,1,CyberVolk-de0b74917fe24c2b38e2d1172b7352f88bf8b3df64b6d44ca5f317db85aeb324
0.13646075659328394,0.6616083994777197,0.12,0.25,0.8076923076923077,0.5698145790118427,0.625,1,CyberVolk-de0b74917fe24c2b38e2d1172b7352f88bf8b3df64b6d44ca5f317db85aeb324
0.13646075659328394,0.6078223329756094,0.12,0.25,0.8214285714285714,0.6148757310739256,0.625,1,CyberVolk-de0b74917fe24c2b38e2d1172b7352f88bf8b3df64b6d44ca5f317db85aeb324
0.13646075659328394,0.5738534467991914,0.12,0.25,0.8333333333333334,0.6595779496581373,0.625,1,CyberVolk-de0b74917fe24c2b38e2d1172b7352f88bf8b3df64b6d44ca5f317db85aeb324
0.13646075659328394,0.5482471430228667,0.12,0.25,0.84375,0.7039239774960311,0.625,1,CyberVolk-de0b74917fe24c2b38e2d1172b7352f88bf8b3df64b6d44ca5f317db85aeb324
0.9578816850825845,0.5367818631085237,0.14,0.3,0.8235294117647058,0.7479166527431119,0.625,1,CyberVolk-de0b74917fe24c2b38e2d1172b7352f88bf8b3df64b6d44ca5f317db85aeb324
0.13646075659328394,0.6347584242327134,0.14,0.3,0.8333333333333334,0.7915587909402417,0.625,1,CyberVolk-de0b74917fe24c2b38e2d1172b7352f88bf8b3df64b6d44ca5f317db85aeb324
0.9612260744380662,0.6230509072850661,0.16,0.35,0.8157894736842105,0.8348531851938338,0.625,1,CyberVolk-de0b74917fe24c2b38e2d1172b7352f88bf8b3df64b6d44ca5f317db85aeb324
0.9609127411080192,0.586750300331,0.18,0.4,0.8,0.8778026063546134,0.625,1,CyberVolk-de0b74917fe24c2b38e2d1172b7352f88bf8b3df64b6d44ca5f317db85aeb324
0.95361216291848,0.5630870208779739,0.2,0.45,0.7857142857142857,0.9204098031949522,0.625,1,CyberVolk-de0b74917fe24c2b38e2d1172b7352f88bf8b3df64b6d44ca5f317db85aeb324
0.9598074484030348,0.5336349996252479,0.22,0.5,0.7727272727272727,0.9626775025847902,0.625,1,CyberVolk-de0b74917fe24c2b38e2d1172b7352f88bf8b3df64b6d44ca5f317db85aeb324
0.9589840226395235,0.5076024360750175,0.24,0.55,0.7608695652173914,1.0,0.625,1,CyberVolk-de0b74917fe24c2b38e2d1172b7352f88bf8b3df64b6d44ca5f317db85aeb324
0.9605141145989305,0.49071513313408327,0.26,0.6,0.75,1.0,0.625,1,CyberVolk-de0b74917fe24c2b38e2d1172b7352f88bf8b3df64b6d44ca5f317db85aeb324
0.9597260315039128,0.47599043204619307,0.28,0.65,0.74,1.0,0.625,1,CyberVolk-de0b74917fe24c2b38e2d1172b7352f88bf8b3df64b6d44ca5f317db85aeb324
0.9611103669078861,0.46406812815443715,0.3,0.7,0.7307692307692308,1.0,0.625,1,CyberVolk-de0b74917fe24c2b38e2d1172b7352f88bf8b3df64b6d44ca5f317db85aeb324
0.9603200142962,0.4451315239911141,0.32,0.75,0.7222222222222222,1.0,0.625,1,CyberVolk-de0b74917fe24c2b38e2d1172b7352f88bf8b3df64b6d44ca5f317db85aeb324
0.9614613378499187,0.4266686429903383,0.34,0.8,0.7142857142857143,1.0,0.625,1,CyberVolk-de0b74917fe24c2b38e2d1172b7352f88bf8b3df64b6d44ca5f317db85aeb324
0.9605610638328764,0.41686216367384565,0.36,0.85,0.7068965517241379,1.0,0.625,1,CyberVolk-de0b74917fe24c2b38e2d1172b7352f88bf8b3df64b6d44ca5f317db85aeb324
0.9598999591263391,0.4100598779689701,0.38,0.9,0.7,1.0,0.625,1,CyberVolk-de0b74917fe24c2b38e2d1172b7352f88bf8b3df64b6d44ca5f317db85aeb324
0.9590865888762306,0.40512266102430194,0.4,0.95,0.6935483870967742,1.0,0.625,1,CyberVolk-de0b74917fe24c2b38e2d1172b7352f88bf8b3df64b6d44ca5f317db85aeb324
0.9606134419018468,0.45544843841418486,0.42,1.0,0.6875,1.0,0.625,1,CyberVolk-de0b74917fe24c2b38e2d1172b7352f88bf8b3df64b6d44ca5f317db85aeb324
0.959837044371878,0.5025875291032386,0.44,1.0,0.6818181818181819,1.0,0.625,1,CyberVolk-de0b74917fe24c2b38e2d1172b7352f88bf8b3df64b6d44ca5f317db85aeb324
0.9612175952462616,0.5527074689266308,0.46,1.0,0.6764705882352942,1.0,0.625,1,CyberVolk-de0b74917fe24c2b38e2d1172b7352f88bf8b3df64b6d44ca5f317db85aeb324
0.9604409898574441,0.5998421600019883,0.48,1.0,0.6714285714285715,1.0,0.625,1,CyberVolk-de0b74917fe24c2b38e2d1172b7352f88bf8b3df64b6d44ca5f317db85aeb324
0.9601450571655548,0.6463406487927925,0.5,1.0,0.6666666666666667,1.0,0.625,1,CyberVolk-de0b74917fe24c2b38e2d1172b7352f88bf8b3df64b6d44ca5f317db85aeb324
0.9593583280066653,0.6827717587113453,0.52,1.0,0.6621621621621622,1.0,0.625,1,CyberVolk-de0b74917fe24c2b38e2d1172b7352f88bf8b3df64b6d44ca5f317db85aeb324
0.9608765997965836,0.7171828206795513,0.54,1.0,0.6578947368421053,1.0,0.625,1,CyberVolk-de0b74917fe24c2b38e2d1172b7352f88bf8b3df64b6d44ca5f317db85aeb324
0.9601311620189369,0.7548600438085338,0.56,1.0,0.6538461538461539,1.0,0.625,1,CyberVolk-de0b74917fe24c2b38e2d1172b7352f88bf8b3df64b6d44ca5f317db85aeb324
0.9615016861553525,0.7905609153255899,0.58,1.0,0.65,1.0,0.625,1,CyberVolk-de0b74917fe24c2b38e2d1172b7352f88bf8b3df64b6d44ca5f317db85aeb324
0.9607615026779569,0.8262734890620017,0.6,1.0,0.6463414634146342,1.0,0.625,1,CyberVolk-de0b74917fe24c2b38e2d1172b7352f88bf8b3df64b6d44ca5f317db85aeb324
0.9601450571655548,0.853642439061798,0.62,1.0,0.6428571428571428,1.0,0.625,1,CyberVolk-de0b74917fe24c2b38e2d1172b7352f88bf8b3df64b6d44ca5f317db85aeb324
0.9593583280066653,0.8843096706928775,0.64,1.0,0.6395348837209303,1.0,0.625,1,CyberVolk-de0b74917fe24c2b38e2d1172b7352f88bf8b3df64b6d44ca5f317db85aeb324
0.9608765997965836,0.9089612405440934,0.66,1.0,0.6363636363636364,1.0,0.625,1,CyberVolk-de0b74917fe24c2b38e2d1172b7352f88bf8b3df64b6d44ca5f317db85aeb324
0.9601311620189369,0.9385662692778928,0.68,1.0,0.6333333333333333,1.0,0.625,1,CyberVolk-de0b74917fe24c2b38e2d1172b7352f88bf8b3df64b6d44ca5f317db85aeb324
0.9615016861553525,0.9651733643242256,0.7,1.0,0.6304347826086957,1.0,0.625,1,CyberVolk-de0b74917fe24c2b38e2d1172b7352f88bf8b3df64b6d44ca5f317db85aeb324
0.9607615026779569,0.9863262059038543,0.72,1.0,0.6276595744680851,1.0,0.625,1,CyberVolk-de0b74917fe24c2b38e2d1172b7352f88bf8b3df64b6d44ca5f317db85aeb324
0.9608765997965836,1.0,0.74,1.0,0.625,1.0,0.625,1,CyberVolk-de0b74917fe24c2b38e2d1172b7352f88bf8b3df64b6d44ca5f317db85aeb324
0.9601311620189369,1.0,0.76,1.0,0.6224489795918368,1.0,0.625,1,CyberVolk-de0b74917fe24c2b38e2d1172b7352f88bf8b3df64b6d44ca5f317db85aeb324
0.9615016861553525,1.0,0.78,1.0,0.62,1.0,0.625,1,CyberVolk-de0b74917fe24c2b38e2d1172b7352f88bf8b3df64b6d44ca5f317db85aeb324
0.9607615026779569,1.0,0.8,1.0,0.6176470588235294,1.0,0.625,1,CyberVolk-de0b74917fe24c2b38e2d1172b7352f88bf8b3df64b6d44ca5f317db85aeb324
0.9606134419018468,1.0,0.82,1.0,0.6153846153846154,1.0,0.625,1,CyberVolk-de0b74917fe24c2b38e2d1172b7352f88bf8b3df64b6d44ca5f317db85aeb324
0.959837044371878,1.0,0.84,1.0,0.6132075471698113,1.0,0.625,1,CyberVolk-de0b74917fe24c2b38e2d1172b7352f88bf8b3df64b6d44ca5f317db85aeb324
0.9612175952462616,1.0,0.86,1.0,0.6111111111111112,1.0,0.625,1,CyberVolk-de0b74917fe24c2b38e2d1172b7352f88bf8b3df64b6d44ca5f317db85aeb324
0.9604409898574441,1.0,0.88,1.0,0.6090909090909091,1.0,0.625,1,CyberVolk-de0b74917fe24c2b38e2d1172b7352f88bf8b3df64b6d44ca5f317db85aeb324
0.9608765997965836,1.0,0.9,1.0,0.6071428571428572,1.0,0.625,1,CyberVolk-de0b74917fe24c2b38e2d1172b7352f88bf8b3df64b6d44ca5f317db85aeb324
0.9601311620189369,1.0,0.92,1.0,0.6052631578947368,1.0,0.625,1,CyberVolk-de0b74917fe24c2b38e2d1172b7352f88bf8b3df64b6d44ca5f317db85aeb324
0.9615016861553525,1.0,0.94,1.0,0.603448275862069,1.0,0.625,1,CyberVolk-de0b74917fe24c2b38e2d1172b7352f88bf8b3df64b6d44ca5f317db85aeb324
0.9607615026779569,1.0,0.96,1.0,0.6016949152542372,1.0,0.625,1,CyberVolk-de0b74917fe24c2b38e2d1172b7352f88bf8b3df64b6d44ca5f317db85aeb324
0.9608765997965836,1.0,0.98,1.0,0.6,1.0,0.625,1,CyberVolk-de0b74917fe24c2b38e2d1172b7352f88bf8b3df64b6d44ca5f317db85aeb324
0.9601311620189369,1.0,1.0,1.0,0.5983606557377049,1.0,0.625,1,CyberVolk-de0b74917fe24c2b38e2d1172b7352f88bf8b3df64b6d44ca5f317db85aeb324
0.9615016861553525,1.0,1.0,1.0,0.5967741935483871,1.0,0.625,1,CyberVolk-de0b74917fe24c2b38e2d1172b7352f88bf8b3df64b6d44ca5f317db85aeb324
0.9607615026779569,1.0,1.0,1.0,0.5952380952380952,1.0,0.625,1,CyberVolk-de0b74917fe24c2b38e2d1172b7352f88bf8b3df64b6d44ca5f317db85aeb324
0.9608765997965836,1.0,1.0,1.0,0.59375,1.0,0.625,1,CyberVolk-de0b74917fe24c2b38e2d1172b7352f88bf8b3df64b6d44ca5f317db85aeb324
0.9601311620189369,1.0,1.0,1.0,0.5923076923076923,1.0,0.625,1,CyberVolk-de0b74917fe24c2b38e2d1172b7352f88bf8b3df64b6d44ca5f317db85aeb324
0.9615016861553525,1.0,1.0,1.0,0.5909090909090908,1.0,0.625,1,CyberVolk-de0b74917fe24c2b38e2d1172b7352f88bf8b3df64b6d44ca5f317db85aeb324
0.9607615026779569,1.0,1.0,1.0,0.5895522388059702,1.0,0.625,1,CyberVolk-de0b74917fe24c2b38e2d1172b7352f88bf8b3df64b6d44ca5f317db85aeb324
0.9608765997965836,1.0,1.0,1.0,0.5882352941176471,1.0,0.625,1,CyberVolk-de0b74917fe24c2b38e2d1172b7352f88bf8b3df64b6d44ca5f317db85aeb324
0.9601311620189369,1.0,1.0,1.0,0.5869565217391304,1.0,0.625,1,CyberVolk-de0b74917fe24c2b38e2d1172b7352f88bf8b3df64b6d44ca5f317db85aeb324
0.9615016861553525,1.0,1.0,1.0,0.5857142857142856,1.0,0.625,1,CyberVolk-de0b74917fe24c2b38e2d1172b7352f88bf8b3df64b6d44ca5f317db85aeb324
0.9607615026779569,1.0,1.0,1.0,0.5845070422535211,1.0,0.625,1,CyberVolk-de0b74917fe24c2b38e2d1172b7352f88bf8b3df64b6d44ca5f317db85aeb324
0.9597370843252185,1.0,1.0,1.0,0.5833333333333333,1.0,0.625,1,CyberVolk-de0b74917fe24c2b38e2d1172b7352f88bf8b3df64b6d44ca5f317db85aeb324
0.9589174322019084,1.0,1.0,1.0,0.5821917808219178,1.0,0.625,1,CyberVolk-de0b74917fe24c2b38e2d1172b7352f88bf8b3df64b6d44ca5f317db85aeb324
0.9604597377287625,1.0,1.0,1.0,0.5810810810810811,1.0,0.625,1,CyberVolk-de0b74917fe24c2b38e2d1172b7352f88bf8b3df64b6d44ca5f317db85aeb324
0.9596798118557265,1.0,1.0,1.0,0.5800000000000001,1.0,0.625,1,CyberVolk-de0b74917fe24c2b38e2d1172b7352f88bf8b3df64b6d44ca5f317db85aeb324
0.9610744212977641,1.0,1.0,1.0,0.5789473684210527,1.0,0.625,1,CyberVolk-de0b74917fe24c2b38e2d1172b7352f88bf8b3df64b6d44ca5f317db85aeb324
0.9602975596221921,1.0,1.0,1.0,0.577922077922078,1.0,0.625,1,CyberVolk-de0b74917fe24c2b38e2d1172b7352f88bf8b3df64b6d44ca5f317db85aeb324
0.9614454303323392,1.0,1.0,1.0,0.5769230769230769,1.0,0.625,1,CyberVolk-de0b74917fe24c2b38e2d1172b7352f88bf8b3df64b6d44ca5f317db85aeb324
0.9605641956739673,1.0,1.0,1.0,0.5759493670886076,1.0,0.625,1,CyberVolk-de0b74917fe24c2b38e2d1172b7352f88bf8b3df64b6d44ca5f317db85aeb324
0.9605141145989305,1.0,1.0,1.0,0.575,1.0,0.625,1,CyberVolk-de0b74917fe24c2b38e2d1172b7352f88bf8b3df64b6d44ca5f317db85aeb324
0.9597260315039128,1.0,1.0,1.0,0.5740740740740741,1.0,0.625,1,CyberVolk-de0b74917fe24c2b38e2d1172b7352f88bf8b3df64b6d44ca5f317db85aeb324
0.9611103669078861,1.0,1.0,1.0,0.5731707317073171,1.0,0.625,1,CyberVolk-de0b74917fe24c2b38e2d1172b7352f88bf8b3df64b6d44ca5f317db85aeb324
0.9603200142962,1.0,1.0,1.0,0.572289156626506,1.0,0.625,1,CyberVolk-de0b74917fe24c2b38e2d1172b7352f88bf8b3df64b6d44ca5f317db85aeb324
0.9608765997965836,1.0,1.0,1.0,0.5714285714285714,1.0,0.625,1,CyberVolk-de0b74917fe24c2b38e2d1172b7352f88bf8b3df64b6d44ca5f317db85aeb324
0.9601311620189369,1.0,1.0,1.0,0.5705882352941176,1.0,0.625,1,CyberVolk-de0b74917fe24c2b38e2d1172b7352f88bf8b3df64b6d44ca5f317db85aeb324
0.9615016861553525,1.0,1.0,1.0,0.5697674418604651,1.0,0.625,1,CyberVolk-de0b74917fe24c2b38e2d1172b7352f88bf8b3df64b6d44ca5f317db85aeb324
0.9607615026779569,1.0,1.0,1.0,0.5689655172413793,1.0,0.625,1,CyberVolk-de0b74917fe24c2b38e2d1172b7352f88bf8b3df64b6d44ca5f317db85aeb324
0.9606134419018468,1.0,1.0,1.0,0.5681818181818181,1.0,0.625,1,CyberVolk-de0b74917fe24c2b38e2d1172b7352f88bf8b3df64b6d44ca5f317db85aeb324
0.959837044371878,1.0,1.0,1.0,0.5674157303370786,1.0,0.625,1,CyberVolk-de0b74917fe24c2b38e2d1172b7352f88bf8b3df64b6d44ca5f317db85aeb324
0.9612175952462615,1.0,1.0,1.0,0.5666666666666667,1.0,0.625,1,CyberVolk-de0b74917fe24c2b38e2d1172b7352f88bf8b3df64b6d44ca5f317db85aeb324
0.9604409898574441,1.0,1.0,1.0,0.5659340659340659,1.0,0.625,1,CyberVolk-de0b74917fe24c2b38e2d1172b7352f88bf8b3df64b6d44ca5f317db85aeb324
0.9608765997965836,1.0,1.0,1.0,0.5652173913043479,1.0,0.625,1,CyberVolk-de0b74917fe24c2b38e2d1172b7352f88bf8b3df64b6d44ca5f317db85aeb324
0.9601311620189369,1.0,1.0,1.0,0.564516129032258,1.0,0.625,1,CyberVolk-de0b74917fe24c2b38e2d1172b7352f88bf8b3df64b6d44ca5f317db85aeb324
0.9615016861553525,1.0,1.0,1.0,0.5638297872340425,1.0,0.625,1,CyberVolk-de0b74917fe24c2b38e2d1172b7352f88bf8b3df64b6d44ca5f317db85aeb324
0.9607615026779569,1.0,1.0,1.0,0.5631578947368421,1.0,0.625,1,CyberVolk-de0b74917fe24c2b38e2d1172b7352f88bf8b3df64b6d44ca5f317db85aeb324
0.9608765997965836,1.0,1.0,1.0,0.5625,1.0,0.625,1,CyberVolk-de0b74917fe24c2b38e2d1172b7352f88bf8b3df64b6d44ca5f317db85aeb324
0.9601311620189369,1.0,1.0,1.0,0.5618556701030928,1.0,0.625,1,CyberVolk-de0b74917fe24c2b38e2d1172b7352f88bf8b3df64b6d44ca5f317db85aeb324
0.9615016861553525,1.0,1.0,1.0,0.5612244897959184,1.0,0.625,1,CyberVolk-de0b74917fe24c2b38e2d1172b7352f88bf8b3df64b6d44ca5f317db85aeb324
0.9607615026779569,1.0,1.0,1.0,0.5606060606060606,1.0,0.625,1,CyberVolk-de0b74917fe24c2b38e2d1172b7352f88bf8b3df64b6d44ca5f317db85aeb324
0.9606134419018468,1.0,1.0,1.0,0.56,1.0,0.625,1,CyberVolk-de0b74917fe24c2b38e2d1172b7352f88bf8b3df64b6d44ca5f317db85aeb324
0.959837044371878,1.0,1.0,1.0,0.5594059405940595,1.0,0.625,1,CyberVolk-de0b74917fe24c2b38e2d1172b7352f88bf8b3df64b6d44ca5f317db85aeb324
0.9612175952462616,1.0,1.0,1.0,0.5588235294117647,1.0,0.625,1,CyberVolk-de0b74917fe24c2b38e2d1172b7352f88bf8b3df64b6d44ca5f317db85aeb324
0.9604409898574441,1.0,1.0,1.0,0.558252427184466,1.0,0.625,1,CyberVolk-de0b74917fe24c2b38e2d1172b7352f88bf8b3df64b6d44ca5f317db85aeb324
0.9608765997965836,1.0,1.0,1.0,0.5576923076923077,1.0,0.625,1,CyberVolk-de0b74917fe24c2b38e2d1172b7352f88bf8b3df64b6d44ca5f317db85aeb324
0.9601311620189369,1.0,1.0,1.0,0.5571428571428572,1.0,0.625,1,CyberVolk-de0b74917fe24c2b38e2d1172b7352f88bf8b3df64b6d44ca5f317db85aeb324
0.9615016861553525,1.0,1.0,1.0,0.5566037735849056,1.0,0.625,1,CyberVolk-de0b74917fe24c2b38e2d1172b7352f88bf8b3df64b6d44ca5f317db85aeb324
0.9607615026779569,1.0,1.0,1.0,0.5560747663551402,1.0,0.625,1,CyberVolk-de0b74917fe24c2b38e2d1172b7352f88bf8b3df64b6d44ca5f317db85aeb324
0.9608765997965836,1.0,1.0,1.0,0.5555555555555556,1.0,0.625,1,CyberVolk-de0b74917fe24c2b38e2d1172b7352f88bf8b3df64b6d44ca5f317db85aeb324
0.9601311620189369,1.0,1.0,1.0,0.555045871559633,1.0,0.625,1,CyberVolk-de0b74917fe24c2b38e2d1172b7352f88bf8b3df64b6d44ca5f317db85aeb324
0.9615016861553525,1.0,1.0,1.0,0.5545454545454546,1.0,0.625,1,CyberVolk-de0b74917fe24c2b38e2d1172b7352f88bf8b3df64b6d44ca5f317db85aeb324
0.9607615026779569,1.0,1.0,1.0,0.5540540540540541,1.0,0.625,1,CyberVolk-de0b74917fe24c2b38e2d1172b7352f88bf8b3df64b6d44ca5f317db85aeb324
0.9608765997965836,1.0,1.0,1.0,0.5535714285714286,1.0,0.625,1,CyberVolk-de0b74917fe24c2b38e2d1172b7352f88bf8b3df64b6d44ca5f317db85aeb324
0.9601311620189369,1.0,1.0,1.0,0.5530973451327434,1.0,0.625,1,CyberVolk-de0b74917fe24c2b38e2d1172b7352f88bf8b3df64b6d44ca5f317db85aeb324
0.9615016861553525,1.0,1.0,1.0,0.5526315789473684,1.0,0.625,1,CyberVolk-de0b74917fe24c2b38e2d1172b7352f88bf8b3df64b6d44ca5f317db85aeb324
0.9607615026779569,1.0,1.0,1.0,0.5521739130434782,1.0,0.625,1,CyberVolk-de0b74917fe24c2b38e2d1172b7352f88bf8b3df64b6d44ca5f317db85aeb324
0.9608765997965836,1.0,1.0,1.0,0.5517241379310345,1.0,0.625,1,CyberVolk-de0b74917fe24c2b38e2d1172b7352f88bf8b3df64b6d44ca5f317db85aeb324
0.9601311620189369,1.0,1.0,1.0,0.5512820512820513,1.0,0.625,1,CyberVolk-de0b74917fe24c2b38e2d1172b7352f88bf8b3df64b6d44ca5f317db85aeb324
0.9597370843252185,1.0,1.0,1.0,0.5508474576271186,1.0,0.625,1,CyberVolk-de0b74917fe24c2b38e2d1172b7352f88bf8b3df64b6d44ca5f317db85aeb324
0.9589174322019084,1.0,1.0,1.0,0.5504201680672269,1.0,0.625,1,CyberVolk-de0b74917fe24c2b38e2d1172b7352f88bf8b3df64b6d44ca5f317db85aeb324
0.9604597377287625,1.0,1.0,1.0,0.55,1.0,0.625,1,CyberVolk-de0b74917fe24c2b38e2d1172b7352f88bf8b3df64b6d44ca5f317db85aeb324
0.9596798118557265,1.0,1.0,1.0,0.5495867768595042,1.0,0.625,1,CyberVolk-de0b74917fe24c2b38e2d1172b7352f88bf8b3df64b6d44ca5f317db85aeb324
0.9610744212977641,1.0,1.0,1.0,0.5491803278688525,1.0,0.625,1,CyberVolk-de0b74917fe24c2b38e2d1172b7352f88bf8b3df64b6d44ca5f317db85aeb324
0.9602975596221921,1.0,1.0,1.0,0.5487804878048781,1.0,0.625,1,CyberVolk-de0b74917fe24c2b38e2d1172b7352f88bf8b3df64b6d44ca5f317db85aeb324
0.9614454303323392,1.0,1.0,1.0,0.5483870967741935,1.0,0.625,1,CyberVolk-de0b74917fe24c2b38e2d1172b7352f88bf8b3df64b6d44ca5f317db85aeb324
0.9605641956739673,1.0,1.0,1.0,0.548,1.0,0.625,1,CyberVolk-de0b74917fe24c2b38e2d1172b7352f88bf8b3df64b6d44ca5f317db85aeb324
0.9605141145989305,1.0,1.0,1.0,0.5476190476190477,1.0,0.625,1,CyberVolk-de0b74917fe24c2b38e2d1172b7352f88bf8b3df64b6d44ca5f317db85aeb324
0.9597260315039128,1.0,1.0,1.0,0.547244094488189,1.0,0.625,1,CyberVolk-de0b74917fe24c2b38e2d1172b7352f88bf8b3df64b6d44ca5f317db85aeb324
0.9608765997965836,1.0,1.0,1.0,0.546875,1.0,0.625,1,CyberVolk-de0b74917fe24c2b38e2d1172b7352f88bf8b3df64b6d44ca5f317db85aeb324
0.9601311620189369,1.0,1.0,1.0,0.5465116279069768,1.0,0.625,1,CyberVolk-de0b74917fe24c2b38e2d1172b7352f88bf8b3df64b6d44ca5f317db85aeb324
0.9608765997965836,1.0,1.0,1.0,0.5461538461538462,1.0,0.625,1,CyberVolk-de0b74917fe24c2b38e2d1172b7352f88bf8b3df64b6d44ca5f317db85aeb324
0.9601311620189369,1.0,1.0,1.0,0.5458015267175573,1.0,0.625,1,CyberVolk-de0b74917fe24c2b38e2d1172b7352f88bf8b3df64b6d44ca5f317db85aeb324
0.9597370843252185,1.0,1.0,1.0,0.5454545454545454,1.0,0.625,1,CyberVolk-de0b74917fe24c2b38e2d1172b7352f88bf8b3df64b6d44ca5f317db85aeb324
0.9589174322019084,1.0,1.0,1.0,0.5451127819548872,1.0,0.625,1,CyberVolk-de0b74917fe24c2b38e2d1172b7352f88bf8b3df64b6d44ca5f317db85aeb324
0.9604597377287625,1.0,1.0,1.0,0.5447761194029851,1.0,0.625,1,CyberVolk-de0b74917fe24c2b38e2d1172b7352f88bf8b3df64b6d44ca5f317db85aeb324
0.9596798118557265,1.0,1.0,1.0,0.5444444444444445,1.0,0.625,1,CyberVolk-de0b74917fe24c2b38e2d1172b7352f88bf8b3df64b6d44ca5f317db85aeb324
0.9610744212977641,1.0,1.0,1.0,0.5441176470588236,1.0,0.625,1,CyberVolk-de0b74917fe24c2b38e2d1172b7352f88bf8b3df64b6d44ca5f317db85aeb324
0.9602975596221921,1.0,1.0,1.0,0.5437956204379562,1.0,0.625,1,CyberVolk-de0b74917fe24c2b38e2d1172b7352f88bf8b3df64b6d44ca5f317db85aeb324
0.9614454303323392,1.0,1.0,1.0,0.5434782608695652,1.0,0.625,1,CyberVolk-de0b74917fe24c2b38e2d1172b7352f88bf8b3df64b6d44ca5f317db85aeb324
0.9605641956739673,1.0,1.0,1.0,0.5431654676258992,1.0,0.625,1,CyberVolk-de0b74917fe24c2b38e2d1172b7352f88bf8b3df64b6d44ca5f317db85aeb324
0.9594895595727433,1.0,1.0,1.0,0.5428571428571429,1.0,0.625,1,CyberVolk-de0b74917fe24c2b38e2d1172b7352f88bf8b3df64b6d44ca5f317db85aeb324
0.9586427069271831,1.0,1.0,1.0,0.5425531914893618,1.0,0.625,1,CyberVolk-de0b74917fe24c2b38e2d1172b7352f88bf8b3df64b6d44ca5f317db85aeb324
0.9601937802819539,1.0,1.0,1.0,0.5422535211267605,1.0,0.625,1,CyberVolk-de0b74917fe24c2b38e2d1172b7352f88bf8b3df64b6d44ca5f317db85aeb324
0.9593821928081074,1.0,1.0,1.0,0.541958041958042,1.0,0.625,1,CyberVolk-de0b74917fe24c2b38e2d1172b7352f88bf8b3df64b6d44ca5f317db85aeb324
0.960787064975925,1.0,1.0,1.0,0.5416666666666667,1.0,0.625,1,CyberVolk-de0b74917fe24c2b38e2d1172b7352f88bf8b3df64b6d44ca5f317db85aeb324
0.9599728842975167,1.0,1.0,1.0,0.5413793103448277,1.0,0.625,1,CyberVolk-de0b74917fe24c2b38e2d1172b7352f88bf8b3df64b6d44ca5f317db85aeb324
0.9611329303323393,1.0,1.0,1.0,0.5410958904109588,1.0,0.625,1,CyberVolk-de0b74917fe24c2b38e2d1172b7352f88bf8b3df64b6d44ca5f317db85aeb324
0.9602070528168245,1.0,1.0,1.0,0.5408163265306123,1.0,0.625,1,CyberVolk-de0b74917fe24c2b38e2d1172b7352f88bf8b3df64b6d44ca5f317db85aeb324
0.9597370843252185,1.0,1.0,1.0,0.5405405405405406,1.0,0.625,1,CyberVolk-de0b74917fe24c2b38e2d1172b7352f88bf8b3df64b6d44ca5f317db85aeb324
0.9589174322019084,1.0,1.0,1.0,0.5402684563758389,1.0,0.625,1,CyberVolk-de0b74917fe24c2b38e2d1172b7352f88bf8b3df64b6d44ca5f317db85aeb324
0.9604597377287625,1.0,1.0,1.0,0.54,1.0,0.625,1,CyberVolk-de0b74917fe24c2b38e2d1172b7352f88bf8b3df64b6d44ca5f317db85aeb324
0.9596798118557265,1.0,1.0,1.0,0.5397350993377483,1.0,0.625,1,CyberVolk-de0b74917fe24c2b38e2d1172b7352f88bf8b3df64b6d44ca5f317db85aeb324
0.9610744212977641,1.0,1.0,1.0,0.5394736842105263,1.0,0.625,1,CyberVolk-de0b74917fe24c2b38e2d1172b7352f88bf8b3df64b6d44ca5f317db85aeb324
0.9602975596221921,1.0,1.0,1.0,0.5392156862745099,1.0,0.625,1,CyberVolk-de0b74917fe24c2b38e2d1172b7352f88bf8b3df64b6d44ca5f317db85aeb324
0.9614454303323392,1.0,1.0,1.0,0.538961038961039,1.0,0.625,1,CyberVolk-de0b74917fe24c2b38e2d1172b7352f88bf8b3df64b6d44ca5f317db85aeb324
0.9605641956739673,1.0,1.0,1.0,0.5387096774193548,1.0,0.625,1,CyberVolk-de0b74917fe24c2b38e2d1172b7352f88bf8b3df64b6d44ca5f317db85aeb324
0.9597370843252185,1.0,1.0,1.0,0.5384615384615384,1.0,0.625,1,CyberVolk-de0b74917fe24c2b38e2d1172b7352f88bf8b3df64b6d44ca5f317db85aeb324
0.9589174322019084,1.0,1.0,1.0,0.5382165605095541,1.0,0.625,1,CyberVolk-de0b74917fe24c2b38e2d1172b7352f88bf8b3df64b6d44ca5f317db85aeb324
0.9604597377287625,1.0,1.0,1.0,0.5379746835443038,1.0,0.625,1,CyberVolk-de0b74917fe24c2b38e2d1172b7352f88bf8b3df64b6d44ca5f317db85aeb324
0.9596798118557265,1.0,1.0,1.0,0.5377358490566038,1.0,0.625,1,CyberVolk-de0b74917fe24c2b38e2d1172b7352f88bf8b3df64b6d44ca5f317db85aeb324
0.9610744212977641,1.0,1.0,1.0,0.5375,1.0,0.625,1,CyberVolk-de0b74917fe24c2b38e2d1172b7352f88bf8b3df64b6d44ca5f317db85aeb324
0.9602975596221921,1.0,1.0,1.0,0.5372670807453417,1.0,0.625,1,CyberVolk-de0b74917fe24c2b38e2d1172b7352f88bf8b3df64b6d44ca5f317db85aeb324
0.9614454303323392,1.0,1.0,1.0,0.537037037037037,1.0,0.625,1,CyberVolk-de0b74917fe24c2b38e2d1172b7352f88bf8b3df64b6d44ca5f317db85aeb324
0.9605641956739673,1.0,1.0,1.0,0.5368098159509203,1.0,0.625,1,CyberVolk-de0b74917fe24c2b38e2d1172b7352f88bf8b3df64b6d44ca5f317db85aeb324
0.9597370843252185,1.0,1.0,1.0,0.5365853658536586,1.0,0.625,1,CyberVolk-de0b74917fe24c2b38e2d1172b7352f88bf8b3df64b6d44ca5f317db85aeb324
0.9589174322019084,1.0,1.0,1.0,0.5363636363636364,1.0,0.625,1,CyberVolk-de0b74917fe24c2b38e2d1172b7352f88bf8b3df64b6d44ca5f317db85aeb324
0.9604597377287625,1.0,1.0,1.0,0.536144578313253,1.0,0.625,1,CyberVolk-de0b74917fe24c2b38e2d1172b7352f88bf8b3df64b6d44ca5f317db85aeb324
0.9596798118557265,1.0,1.0,1.0,0.5359281437125749,1.0,0.625,1,CyberVolk-de0b74917fe24c2b38e2d1172b7352f88bf8b3df64b6d44ca5f317db85aeb324
0.9610744212977641,1.0,1.0,1.0,0.5357142857142857,1.0,0.625,1,CyberVolk-de0b74917fe24c2b38e2d1172b7352f88bf8b3df64b6d44ca5f317db85aeb324
0.9602975596221921,1.0,1.0,1.0,0.5355029585798816,1.0,0.625,1,CyberVolk-de0b74917fe24c2b38e2d1172b7352f88bf8b3df64b6d44ca5f317db85aeb324
0.9614454303323392,1.0,1.0,1.0,0.5352941176470588,1.0,0.625,1,CyberVolk-de0b74917fe24c2b38e2d1172b7352f88bf8b3df64b6d44ca5f317db85aeb324
0.9605641956739673,1.0,1.0,1.0,0.5350877192982456,1.0,0.625,1,CyberVolk-de0b74917fe24c2b38e2d1172b7352f88bf8b3df64b6d44ca5f317db85aeb324
0.9597370843252185,1.0,1.0,1.0,0.5348837209302326,1.0,0.625,1,CyberVolk-de0b74917fe24c2b38e2d1172b7352f88bf8b3df64b6d44ca5f317db85aeb324
0.9589174322019084,1.0,1.0,1.0,0.5346820809248555,1.0,0.625,1,CyberVolk-de0b74917fe24c2b38e2d1172b7352f88bf8b3df64b6d44ca5f317db85aeb324
0.9604597377287625,1.0,1.0,1.0,0.5344827586206897,1.0,0.625,1,CyberVolk-de0b74917fe24c2b38e2d1172b7352f88bf8b3df64b6d44ca5f317db85aeb324
0.9596798118557265,1.0,1.0,1.0,0.5342857142857143,1.0,0.625,1,CyberVolk-de0b74917fe24c2b38e2d1172b7352f88bf8b3df64b6d44ca5f317db85aeb324
0.9610744212977641,1.0,1.0,1.0,0.5340909090909092,1.0,0.625,1,CyberVolk-de0b74917fe24c2b38e2d1172b7352f88bf8b3df64b6d44ca5f317db85aeb324
0.9602975596221921,1.0,1.0,1.0,0.5338983050847458,1.0,0.625,1,CyberVolk-de0b74917fe24c2b38e2d1172b7352f88bf8b3df64b6d44ca5f317db85aeb324
0.9614454303323392,1.0,1.0,1.0,0.5337078651685394,1.0,0.625,1,CyberVolk-de0b74917fe24c2b38e2d1172b7352f88bf8b3df64b6d44ca5f317db85aeb324
0.9605641956739673,1.0,1.0,1.0,0.5335195530726258,1.0,0.625,1,CyberVolk-de0b74917fe24c2b38e2d1172b7352f88bf8b3df64b6d44ca5f317db85aeb324
0.9597370843252185,1.0,1.0,1.0,0.5333333333333333,1.0,0.625,1,CyberVolk-de0b74917fe24c2b38e2d1172b7352f88bf8b3df64b6d44ca5f317db85aeb324
0.9589174322019084,1.0,1.0,1.0,0.5331491712707183,1.0,0.625,1,CyberVolk-de0b74917fe24c2b38e2d1172b7352f88bf8b3df64b6d44ca5f317db85aeb324
0.9604597377287625,1.0,1.0,1.0,0.532967032967033,1.0,0.625,1,CyberVolk-de0b74917fe24c2b38e2d1172b7352f88bf8b3df64b6d44ca5f317db85aeb324
0.9596798118557265,1.0,1.0,1.0,0.5327868852459017,1.0,0.625,1,CyberVolk-de0b74917fe24c2b38e2d1172b7352f88bf8b3df64b6d44ca5f317db85aeb324
0.9610744212977641,1.0,1.0,1.0,0.5326086956521738,1.0,0.625,1,CyberVolk-de0b74917fe24c2b38e2d1172b7352f88bf8b3df64b6d44ca5f317db85aeb324
0.9602975596221921,1.0,1.0,1.0,0.5324324324324324,1.0,0.625,1,CyberVolk-de0b74917fe24c2b38e2d1172b7352f88bf8b3df64b6d44ca5f317db85aeb324
0.9597370843252185,1.0,1.0,1.0,0.532258064516129,1.0,0.625,1,CyberVolk-de0b74917fe24c2b38e2d1172b7352f88bf8b3df64b6d44ca5f317db85aeb324
0.9589174322019084,1.0,1.0,1.0,0.5320855614973262,1.0,0.625,1,CyberVolk-de0b74917fe24c2b38e2d1172b7352f88bf8b3df64b6d44ca5f317db85aeb324
0.9604597377287625,1.0,1.0,1.0,0.5319148936170213,1.0,0.625,1,CyberVolk-de0b74917fe24c2b38e2d1172b7352f88bf8b3df64b6d44ca5f317db85aeb324
0.9596798118557265,1.0,1.0,1.0,0.5317460317460317,1.0,0.625,1,CyberVolk-de0b74917fe24c2b38e2d1172b7352f88bf8b3df64b6d44ca5f317db85aeb324
0.9610744212977641,1.0,1.0,1.0,0.531578947368421,1.0,0.625,1,CyberVolk-de0b74917fe24c2b38e2d1172b7352f88bf8b3df64b6d44ca5f317db85aeb324
0.9602975596221921,1.0,1.0,1.0,0.531413612565445,1.0,0.625,1,CyberVolk-de0b74917fe24c2b38e2d1172b7352f88bf8b3df64b6d44ca5f317db85aeb324
0.9604597377287625,1.0,1.0,1.0,0.53125,1.0,0.625,1,CyberVolk-de0b74917fe24c2b38e2d1172b7352f88bf8b3df64b6d44ca5f317db85aeb324
0.9596798118557265,1.0,1.0,1.0,0.5310880829015544,1.0,0.625,1,CyberVolk-de0b74917fe24c2b38e2d1172b7352f88bf8b3df64b6d44ca5f317db85aeb324
0.9610744212977641,1.0,1.0,1.0,0.5309278350515464,1.0,0.625,1,CyberVolk-de0b74917fe24c2b38e2d1172b7352f88bf8b3df64b6d44ca5f317db85aeb324
0.9602975596221921,1.0,1.0,1.0,0.5307692307692308,1.0,0.625,1,CyberVolk-de0b74917fe24c2b38e2d1172b7352f88bf8b3df64b6d44ca5f317db85aeb324
0.9601937802819539,1.0,1.0,1.0,0.5306122448979591,1.0,0.625,1,CyberVolk-de0b74917fe24c2b38e2d1172b7352f88bf8b3df64b6d44ca5f317db85aeb324
0.9593821928081074,1.0,1.0,1.0,0.5304568527918782,1.0,0.625,1,CyberVolk-de0b74917fe24c2b38e2d1172b7352f88bf8b3df64b6d44ca5f317db85aeb324
0.960787064975925,1.0,1.0,1.0,0.5303030303030303,1.0,0.625,1,CyberVolk-de0b74917fe24c2b38e2d1172b7352f88bf8b3df64b6d44ca5f317db85aeb324
0.9599728842975167,1.0,1.0,1.0,0.5301507537688442,1.0,0.625,1,CyberVolk-de0b74917fe24c2b38e2d1172b7352f88bf8b3df64b6d44ca5f317db85aeb324
0.9604597377287625,1.0,1.0,1.0,0.53,1.0,0.625,1,CyberVolk-de0b74917fe24c2b38e2d1172b7352f88bf8b3df64b6d44ca5f317db85aeb324
0.9596798118557265,1.0,1.0,1.0,0.5298507462686567,1.0,0.625,1,CyberVolk-de0b74917fe24c2b38e2d1172b7352f88bf8b3df64b6d44ca5f317db85aeb324
0.9604597377287625,1.0,1.0,1.0,0.5297029702970297,1.0,0.625,1,CyberVolk-de0b74917fe24c2b38e2d1172b7352f88bf8b3df64b6d44ca5f317db85aeb324
0.9596798118557265,1.0,1.0,1.0,0.5295566502463054,1.0,0.625,1,CyberVolk-de0b74917fe24c2b38e2d1172b7352f88bf8b3df64b6d44ca5f317db85aeb324
0.9586233443679081,1.0,1.0,1.0,0.5294117647058824,1.0,0.625,1,CyberVolk-de0b74917fe24c2b38e2d1172b7352f88bf8b3df64b6d44ca5f317db85aeb324
0.9577262935809816,1.0,1.0,1.0,0.5292682926829269,1.0,0.625,1,CyberVolk-de0b74917fe24c2b38e2d1172b7352f88bf8b3df64b6d44ca5f317db85aeb324
0.9592964394142143,1.0,1.0,1.0,0.529126213592233,1.0,0.625,1,CyberVolk-de0b74917fe24c2b38e2d1172b7352f88bf8b3df64b6d44ca5f317db85aeb324
0.958435879562208,1.0,1.0,1.0,0.5289855072463768,1.0,0.625,1,CyberVolk-de0b74917fe24c2b38e2d1172b7352f88bf8b3df64b6d44ca5f317db85aeb324
0.9598312953870227,1.0,1.0,1.0,0.5288461538461539,1.0,0.625,1,CyberVolk-de0b74917fe24c2b38e2d1172b7352f88bf8b3df64b6d44ca5f317db85aeb324
0.9589652802931291,1.0,1.0,1.0,0.5287081339712918,1.0,0.625,1,CyberVolk-de0b74917fe24c2b38e2d1172b7352f88bf8b3df64b6d44ca5f317db85aeb324
0.9600483363585293,1.0,1.0,1.0,0.5285714285714286,1.0,0.625,1,CyberVolk-de0b74917fe24c2b38e2d1172b7352f88bf8b3df64b6d44ca5f317db85aeb324
0.9590520045393733,1.0,1.0,1.0,0.528436018957346,1.0,0.625,1,CyberVolk-de0b74917fe24c2b38e2d1172b7352f88bf8b3df64b6d44ca5f317db85aeb324
0.9592843037246678,1.0,1.0,1.0,0.5283018867924528,1.0,0.625,1,CyberVolk-de0b74917fe24c2b38e2d1172b7352f88bf8b3df64b6d44ca5f317db85aeb324
0.9576145152547841,1.0,1.0,1.0,0.528169014084507,1.0,0.625,1,CyberVolk-de0b74917fe24c2b38e2d1172b7352f88bf8b3df64b6d44ca5f317db85aeb324
0.958437638369111,1.0,1.0,1.0,0.5280373831775701,1.0,0.625,1,CyberVolk-de0b74917fe24c2b38e2d1172b7352f88bf8b3df64b6d44ca5f317db85aeb324
0.9575365571099658,1.0,1.0,1.0,0.5279069767441861,1.0,0.625,1,CyberVolk-de0b74917fe24c2b38e2d1172b7352f88bf8b3df64b6d44ca5f317db85aeb324
0.9588706453991872,1.0,1.0,1.0,0.5277777777777778,1.0,0.625,1,CyberVolk-de0b74917fe24c2b38e2d1172b7352f88bf8b3df64b6d44ca5f317db85aeb324
0.9580070155389402,1.0,1.0,1.0,0.5276497695852534,1.0,0.625,1,CyberVolk-de0b74917fe24c2b38e2d1172b7352f88bf8b3df64b6d44ca5f317db85aeb324
0.9591733893306618,1.0,1.0,1.0,0.5275229357798166,1.0,0.625,1,CyberVolk-de0b74917fe24c2b38e2d1172b7352f88bf8b3df64b6d44ca5f317db85aeb324
0.9583266487719456,1.0,1.0,1.0,0.5273972602739726,1.0,0.625,1,CyberVolk-de0b74917fe24c2b38e2d1172b7352f88bf8b3df64b6d44ca5f317db85aeb324
0.9596168104649963,1.0,1.0,1.0,0.5272727272727273,1.0,0.625,1,CyberVolk-de0b74917fe24c2b38e2d1172b7352f88bf8b3df64b6d44ca5f317db85aeb324
0.9588093732380772,1.0,1.0,1.0,0.5271493212669683,1.0,0.625,1,CyberVolk-de0b74917fe24c2b38e2d1172b7352f88bf8b3df64b6d44ca5f317db85aeb324
0.9598032825439007,1.0,1.0,1.0,0.527027027027027,1.0,0.625,1,CyberVolk-de0b74917fe24c2b38e2d1172b7352f88bf8b3df64b6d44ca5f317db85aeb324
0.9589810949027481,1.0,1.0,1.0,0.5269058295964126,1.0,0.625,1,CyberVolk-de0b74917fe24c2b38e2d1172b7352f88bf8b3df64b6d44ca5f317db85aeb324
0.9602588165528766,1.0,1.0,1.0,0.5267857142857143,1.0,0.625,1,CyberVolk-de0b74917fe24c2b38e2d1172b7352f88bf8b3df64b6d44ca5f317db85aeb324
0.9594783731736684,1.0,1.0,1.0,0.5266666666666666,1.0,0.625,1,CyberVolk-de0b74917fe24c2b38e2d1172b7352f88bf8b3df64b6d44ca5f317db85aeb324
0.96018438155648,1.0,1.0,1.0,0.5265486725663717,1.0,0.625,1,CyberVolk-de0b74917fe24c2b38e2d1172b7352f88bf8b3df64b6d44ca5f317db85aeb324
0.9592875754520728,1.0,1.0,1.0,0.526431718061674,1.0,0.625,1,CyberVolk-de0b74917fe24c2b38e2d1172b7352f88bf8b3df64b6d44ca5f317db85aeb324
0.9606558188443094,1.0,1.0,1.0,0.5263157894736843,1.0,0.625,1,CyberVolk-de0b74917fe24c2b38e2d1172b7352f88bf8b3df64b6d44ca5f317db85aeb324
0.9598052076480278,1.0,1.0,1.0,0.5262008733624455,1.0,0.625,1,CyberVolk-de0b74917fe24c2b38e2d1172b7352f88bf8b3df64b6d44ca5f317db85aeb324
0.958437638369111,1.0,1.0,1.0,0.5260869565217392,1.0,0.625,1,CyberVolk-de0b74917fe24c2b38e2d1172b7352f88bf8b3df64b6d44ca5f317db85aeb324
0.9575365571099658,1.0,1.0,1.0,0.525974025974026,1.0,0.625,1,CyberVolk-de0b74917fe24c2b38e2d1172b7352f88bf8b3df64b6d44ca5f317db85aeb324
0.9588706453991872,1.0,1.0,1.0,0.5258620689655172,1.0,0.625,1,CyberVolk-de0b74917fe24c2b38e2d1172b7352f88bf8b3df64b6d44ca5f317db85aeb324
0.9580070155389402,1.0,1.0,1.0,0.5257510729613735,1.0,0.625,1,CyberVolk-de0b74917fe24c2b38e2d1172b7352f88bf8b3df64b6d44ca5f317db85aeb324
0.9591733893306618,1.0,1.0,1.0,0.5256410256410257,1.0,0.625,1,CyberVolk-de0b74917fe24c2b38e2d1172b7352f88bf8b3df64b6d44ca5f317db85aeb324
0.9583266487719456,1.0,1.0,1.0,0.5255319148936171,1.0,0.625,1,CyberVolk-de0b74917fe24c2b38e2d1172b7352f88bf8b3df64b6d44ca5f317db85aeb324
0.9596168104649963,1.0,1.0,1.0,0.5254237288135593,1.0,0.625,1,CyberVolk-de0b74917fe24c2b38e2d1172b7352f88bf8b3df64b6d44ca5f317db85aeb324
0.9588093732380772,1.0,1.0,1.0,0.5253164556962026,1.0,0.625,1,CyberVolk-de0b74917fe24c2b38e2d1172b7352f88bf8b3df64b6d44ca5f317db85aeb324
0.9598032825439007,1.0,1.0,1.0,0.5252100840336135,1.0,0.625,1,CyberVolk-de0b74917fe24c2b38e2d1172b7352f88bf8b3df64b6d44ca5f317db85aeb324
0.9589810949027481,1.0,1.0,1.0,0.5251046025104602,1.0,0.625,1,CyberVolk-de0b74917fe24c2b38e2d1172b7352f88bf8b3df64b6d44ca5f317db85aeb324
0.9602588165528766,1.0,1.0,1.0,0.525,1.0,0.625,1,CyberVolk-de0b74917fe24c2b38e2d1172b7352f88bf8b3df64b6d44ca5f317db85aeb324
0.9594783731736684,1.0,1.0,1.0,0.524896265560166,1.0,0.625,1,CyberVolk-de0b74917fe24c2b38e2d1172b7352f88bf8b3df64b6d44ca5f317db85aeb324
0.9587963476792885,1.0,1.0,1.0,0.524793388429752,1.0,0.625,1,CyberVolk-de0b74917fe24c2b38e2d1172b7352f88bf8b3df64b6d44ca5f317db85aeb324
0.9579369768050476,1.0,1.0,1.0,0.5246913580246914,1.0,0.625,1,CyberVolk-de0b74917fe24c2b38e2d1172b7352f88bf8b3df64b6d44ca5f317db85aeb324
0.9592256566752392,1.0,1.0,1.0,0.5245901639344263,1.0,0.625,1,CyberVolk-de0b74917fe24c2b38e2d1172b7352f88bf8b3df64b6d44ca5f317db85aeb324
0.9584028327087912,1.0,1.0,1.0,0.5244897959183674,1.0,0.625,1,CyberVolk-de0b74917fe24c2b38e2d1172b7352f88bf8b3df64b6d44ca5f317db85aeb324
0.959560311732651,1.0,1.0,1.0,0.524390243902439,1.0,0.625,1,CyberVolk-de0b74917fe24c2b38e2d1172b7352f88bf8b3df64b6d44ca5f317db85aeb324
0.958762548693174,1.0,1.0,1.0,0.5242914979757085,1.0,0.625,1,CyberVolk-de0b74917fe24c2b38e2d1172b7352f88bf8b3df64b6d44ca5f317db85aeb324
0.9599994337291856,1.0,1.0,1.0,0.5241935483870968,1.0,0.625,1,CyberVolk-de0b74917fe24c2b38e2d1172b7352f88bf8b3df64b6d44ca5f317db85aeb324
0.9592398244102903,1.0,1.0,1.0,0.5240963855421688,1.0,0.625,1,CyberVolk-de0b74917fe24c2b38e2d1172b7352f88bf8b3df64b6d44ca5f317db85aeb324
0.9602232349070353,1.0,1.0,1.0,0.524,1.0,0.625,1,CyberVolk-de0b74917fe24c2b38e2d1172b7352f88bf8b3df64b6d44ca5f317db85aeb324
0.9594593739829848,1.0,1.0,1.0,0.5239043824701195,1.0,0.625,1,CyberVolk-de0b74917fe24c2b38e2d1172b7352f88bf8b3df64b6d44ca5f317db85aeb324
0.9606737092489855,1.0,1.0,1.0,0.5238095238095238,1.0,0.625,1,CyberVolk-de0b74917fe24c2b38e2d1172b7352f88bf8b3df64b6d44ca5f317db85aeb324
0.9599501004856827,1.0,1.0,1.0,0.5237154150197628,1.0,0.625,1,CyberVolk-de0b74917fe24c2b38e2d1172b7352f88bf8b3df64b6d44ca5f317db85aeb324
0.9587963476792885,1.0,1.0,1.0,0.5236220472440944,1.0,0.625,1,CyberVolk-de0b74917fe24c2b38e2d1172b7352f88bf8b3df64b6d44ca5f317db85aeb324
0.9579369768050476,1.0,1.0,1.0,0.5235294117647059,1.0,0.625,1,CyberVolk-de0b74917fe24c2b38e2d1172b7352f88bf8b3df64b6d44ca5f317db85aeb324
0.9592256566752392,1.0,1.0,1.0,0.5234375,1.0,0.625,1,CyberVolk-de0b74917fe24c2b38e2d1172b7352f88bf8b3df64b6d44ca5f317db85aeb324
0.9584028327087912,1.0,1.0,1.0,0.5233463035019454,1.0,0.625,1,CyberVolk-de0b74917fe24c2b38e2d1172b7352f88bf8b3df64b6d44ca5f317db85aeb324
0.959560311732651,1.0,1.0,1.0,0.5232558139534884,1.0,0.625,1,CyberVolk-de0b74917fe24c2b38e2d1172b7352f88bf8b3df64b6d44ca5f317db85aeb324
0.958762548693174,1.0,1.0,1.0,0.5231660231660231,1.0,0.625,1,CyberVolk-de0b74917fe24c2b38e2d1172b7352f88bf8b3df64b6d44ca5f317db85aeb324
0.9599994337291856,1.0,1.0,1.0,0.523076923076923,1.0,0.625,1,CyberVolk-de0b74917fe24c2b38e2d1172b7352f88bf8b3df64b6d44ca5f317db85aeb324
0.9592398244102903,1.0,1.0,1.0,0.5229885057471264,1.0,0.625,1,CyberVolk-de0b74917fe24c2b38e2d1172b7352f88bf8b3df64b6d44ca5f317db85aeb324
0.13646075659328394,1.0,1.0,1.0,0.5248091603053435,1.0,0.625,1,CyberVolk-de0b74917fe24c2b38e2d1172b7352f88bf8b3df64b6d44ca5f317db85aeb324
0.9602232349070353,1.0,1.0,1.0,0.5247148288973384,1.0,0.625,1,CyberVolk-de0b74917fe24c2b38e2d1172b7352f88bf8b3df64b6d44ca5f317db85aeb324
0.9594593739829848,1.0,1.0,1.0,0.5246212121212122,1.0,0.625,1,CyberVolk-de0b74917fe24c2b38e2d1172b7352f88bf8b3df64b6d44ca5f317db85aeb324
0.9606737092489855,1.0,1.0,1.0,0.5245283018867924,1.0,0.625,1,CyberVolk-de0b74917fe24c2b38e2d1172b7352f88bf8b3df64b6d44ca5f317db85aeb324
0.9599501004856827,1.0,1.0,1.0,0.5244360902255639,1.0,0.625,1,CyberVolk-de0b74917fe24c2b38e2d1172b7352f88bf8b3df64b6d44ca5f317db85aeb324
0.959560311732651,1.0,1.0,1.0,0.5243445692883895,1.0,0.625,1,CyberVolk-de0b74917fe24c2b38e2d1172b7352f88bf8b3df64b6d44ca5f317db85aeb324
0.958762548693174,1.0,1.0,1.0,0.5242537313432836,1.0,0.625,1,CyberVolk-de0b74917fe24c2b38e2d1172b7352f88bf8b3df64b6d44ca5f317db85aeb324
0.9599994337291856,1.0,1.0,1.0,0.5241635687732342,1.0,0.625,1,CyberVolk-de0b74917fe24c2b38e2d1172b7352f88bf8b3df64b6d44ca5f317db85aeb324
0.9592398244102903,1.0,1.0,1.0,0.5240740740740741,1.0,0.625,1,CyberVolk-de0b74917fe24c2b38e2d1172b7352f88bf8b3df64b6d44ca5f317db85aeb324
0.9602232349070353,1.0,1.0,1.0,0.5239852398523985,1.0,0.625,1,CyberVolk-de0b74917fe24c2b38e2d1172b7352f88bf8b3df64b6d44ca5f317db85aeb324
0.9594593739829848,1.0,1.0,1.0,0.5238970588235294,1.0,0.625,1,CyberVolk-de0b74917fe24c2b38e2d1172b7352f88bf8b3df64b6d44ca5f317db85aeb324
0.9606737092489855,1.0,1.0,1.0,0.5238095238095238,1.0,0.625,1,CyberVolk-de0b74917fe24c2b38e2d1172b7352f88bf8b3df64b6d44ca5f317db85aeb324
0.9599501004856827,1.0,1.0,1.0,0.5237226277372262,1.0,0.625,1,CyberVolk-de0b74917fe24c2b38e2d1172b7352f88bf8b3df64b6d44ca5f317db85aeb324
0.959560311732651,1.0,1.0,1.0,0.5236363636363637,1.0,0.625,1,CyberVolk-de0b74917fe24c2b38e2d1172b7352f88bf8b3df64b6d44ca5f317db85aeb324
0.958762548693174,1.0,1.0,1.0,0.5235507246376812,1.0,0.625,1,CyberVolk-de0b74917fe24c2b38e2d1172b7352f88bf8b3df64b6d44ca5f317db85aeb324
0.9599994337291856,1.0,1.0,1.0,0.5234657039711191,1.0,0.625,1,CyberVolk-de0b74917fe24c2b38e2d1172b7352f88bf8b3df64b6d44ca5f317db85aeb324
0.9592398244102903,1.0,1.0,1.0,0.5233812949640289,1.0,0.625,1,CyberVolk-de0b74917fe24c2b38e2d1172b7352f88bf8b3df64b6d44ca5f317db85aeb324
0.9602232349070353,1.0,1.0,1.0,0.5232974910394266,1.0,0.625,1,CyberVolk-de0b74917fe24c2b38e2d1172b7352f88bf8b3df64b6d44ca5f317db85aeb324
0.9594593739829848,1.0,1.0,1.0,0.5232142857142856,1.0,0.625,1,CyberVolk-de0b74917fe24c2b38e2d1172b7352f88bf8b3df64b6d44ca5f317db85aeb324
0.9606737092489855,1.0,1.0,1.0,0.5231316725978647,1.0,0.625,1,CyberVolk-de0b74917fe24c2b38e2d1172b7352f88bf8b3df64b6d44ca5f317db85aeb324
0.9599501004856827,1.0,1.0,1.0,0.5230496453900709,1.0,0.625,1,CyberVolk-de0b74917fe24c2b38e2d1172b7352f88bf8b3df64b6d44ca5f317db85aeb324
0.959560311732651,1.0,1.0,1.0,0.5229681978798586,1.0,0.625,1,CyberVolk-de0b74917fe24c2b38e2d1172b7352f88bf8b3df64b6d44ca5f317db85aeb324
0.958762548693174,1.0,1.0,1.0,0.522887323943662,1.0,0.625,1,CyberVolk-de0b74917fe24c2b38e2d1172b7352f88bf8b3df64b6d44ca5f317db85aeb324
0.9599994337291856,1.0,1.0,1.0,0.5228070175438597,1.0,0.625,1,CyberVolk-de0b74917fe24c2b38e2d1172b7352f88bf8b3df64b6d44ca5f317db85aeb324
0.9592398244102903,1.0,1.0,1.0,0.5227272727272727,1.0,0.625,1,CyberVolk-de0b74917fe24c2b38e2d1172b7352f88bf8b3df64b6d44ca5f317db85aeb324
0.9602232349070353,1.0,1.0,1.0,0.5226480836236933,1.0,0.625,1,CyberVolk-de0b74917fe24c2b38e2d1172b7352f88bf8b3df64b6d44ca5f317db85aeb324
0.9594593739829848,1.0,1.0,1.0,0.5225694444444444,1.0,0.625,1,CyberVolk-de0b74917fe24c2b38e2d1172b7352f88bf8b3df64b6d44ca5f317db85aeb324
0.9606737092489855,1.0,1.0,1.0,0.5224913494809689,1.0,0.625,1,CyberVolk-de0b74917fe24c2b38e2d1172b7352f88bf8b3df64b6d44ca5f317db85aeb324
0.9599501004856827,1.0,1.0,1.0,0.5224137931034483,1.0,0.625,1,CyberVolk-de0b74917fe24c2b38e2d1172b7352f88bf8b3df64b6d44ca5f317db85aeb324
0.959560311732651,1.0,1.0,1.0,0.5223367697594501,1.0,0.625,1,CyberVolk-de0b74917fe24c2b38e2d1172b7352f88bf8b3df64b6d44ca5f317db85aeb324
0.958762548693174,1.0,1.0,1.0,0.5222602739726028,1.0,0.625,1,CyberVolk-de0b74917fe24c2b38e2d1172b7352f88bf8b3df64b6d44ca5f317db85aeb324
0.9599994337291856,1.0,1.0,1.0,0.5221843003412969,1.0,0.625,1,CyberVolk-de0b74917fe24c2b38e2d1172b7352f88bf8b3df64b6d44ca5f317db85aeb324
0.9592398244102903,1.0,1.0,1.0,0.522108843537415,1.0,0.625,1,CyberVolk-de0b74917fe24c2b38e2d1172b7352f88bf8b3df64b6d44ca5f317db85aeb324
0.9602232349070353,1.0,1.0,1.0,0.5220338983050847,1.0,0.625,1,CyberVolk-de0b74917fe24c2b38e2d1172b7352f88bf8b3df64b6d44ca5f317db85aeb324
0.9594593739829848,1.0,1.0,1.0,0.5219594594594594,1.0,0.625,1,CyberVolk-de0b74917fe24c2b38e2d1172b7352f88bf8b3df64b6d44ca5f317db85aeb324
0.9606737092489855,1.0,1.0,1.0,0.5218855218855218,1.0,0.625,1,CyberVolk-de0b74917fe24c2b38e2d1172b7352f88bf8b3df64b6d44ca5f317db85aeb324
0.9599501004856827,1.0,1.0,1.0,0.5218120805369127,1.0,0.625,1,CyberVolk-de0b74917fe24c2b38e2d1172b7352f88bf8b3df64b6d44ca5f317db85aeb324
0.959560311732651,1.0,1.0,1.0,0.5217391304347826,1.0,0.625,1,CyberVolk-de0b74917fe24c2b38e2d1172b7352f88bf8b3df64b6d44ca5f317db85aeb324
0.958762548693174,1.0,1.0,1.0,0.5216666666666667,1.0,0.625,1,CyberVolk-de0b74917fe24c2b38e2d1172b7352f88bf8b3df64b6d44ca5f317db85aeb324
0.9599994337291856,1.0,1.0,1.0,0.521594684385382,1.0,0.625,1,CyberVolk-de0b74917fe24c2b38e2d1172b7352f88bf8b3df64b6d44ca5f317db85aeb324
0.9592398244102903,1.0,1.0,1.0,0.5215231788079471,1.0,0.625,1,CyberVolk-de0b74917fe24c2b38e2d1172b7352f88bf8b3df64b6d44ca5f317db85aeb324
0.9602232349070353,1.0,1.0,1.0,0.5214521452145214,1.0,0.625,1,CyberVolk-de0b74917fe24c2b38e2d1172b7352f88bf8b3df64b6d44ca5f317db85aeb324
0.9594593739829848,1.0,1.0,1.0,0.5213815789473684,1.0,0.625,1,CyberVolk-de0b74917fe24c2b38e2d1172b7352f88bf8b3df64b6d44ca5f317db85aeb324
0.9606737092489855,1.0,1.0,1.0,0.521311475409836,1.0,0.625,1,CyberVolk-de0b74917fe24c2b38e2d1172b7352f88bf8b3df64b6d44ca5f317db85aeb324
0.9599501004856827,1.0,1.0,1.0,0.5212418300653594,1.0,0.625,1,CyberVolk-de0b74917fe24c2b38e2d1172b7352f88bf8b3df64b6d44ca5f317db85aeb324
0.959560311732651,1.0,1.0,1.0,0.5211726384364821,1.0,0.625,1,CyberVolk-de0b74917fe24c2b38e2d1172b7352f88bf8b3df64b6d44ca5f317db85aeb324
0.958762548693174,1.0,1.0,1.0,0.5211038961038961,1.0,0.625,1,CyberVolk-de0b74917fe24c2b38e2d1172b7352f88bf8b3df64b6d44ca5f317db85aeb324
0.9599994337291856,1.0,1.0,1.0,0.5210355987055016,1.0,0.625,1,CyberVolk-de0b74917fe24c2b38e2d1172b7352f88bf8b3df64b6d44ca5f317db85aeb324
0.9592398244102903,1.0,1.0,1.0,0.5209677419354839,1.0,0.625,1,CyberVolk-de0b74917fe24c2b38e2d1172b7352f88bf8b3df64b6d44ca5f317db85aeb324
0.9602232349070353,1.0,1.0,1.0,0.5209003215434084,1.0,0.625,1,CyberVolk-de0b74917fe24c2b38e2d1172b7352f88bf8b3df64b6d44ca5f317db85aeb324
0.9594593739829848,1.0,1.0,1.0,0.5208333333333333,1.0,0.625,1,CyberVolk-de0b74917fe24c2b38e2d1172b7352f88bf8b3df64b6d44ca5f317db85aeb324
0.9606737092489855,1.0,1.0,1.0,0.5207667731629393,1.0,0.625,1,CyberVolk-de0b74917fe24c2b38e2d1172b7352f88bf8b3df64b6d44ca5f317db85aeb324
0.9599501004856827,1.0,1.0,1.0,0.5207006369426752,1.0,0.625,1,CyberVolk-de0b74917fe24c2b38e2d1172b7352f88bf8b3df64b6d44ca5f317db85aeb324
0.9586231359077821,1.0,1.0,1.0,0.5206349206349206,1.0,0.625,1,CyberVolk-de0b74917fe24c2b38e2d1172b7352f88bf8b3df64b6d44ca5f317db85aeb324
0.9577567442773607,1.0,1.0,1.0,0.5205696202531646,1.0,0.625,1,CyberVolk-de0b74917fe24c2b38e2d1172b7352f88bf8b3df64b6d44ca5f317db85aeb324
0.9590567643459552,1.0,1.0,1.0,0.5205047318611987,1.0,0.625,1,CyberVolk-de0b74917fe24c2b38e2d1172b7352f88bf8b3df64b6d44ca5f317db85aeb324
0.9582276744794662,1.0,1.0,1.0,0.520440251572327,1.0,0.625,1,CyberVolk-de0b74917fe24c2b38e2d1172b7352f88bf8b3df64b6d44ca5f317db85aeb324
0.959397603213146,1.0,1.0,1.0,0.5203761755485894,1.0,0.625,1,CyberVolk-de0b74917fe24c2b38e2d1172b7352f88bf8b3df64b6d44ca5f317db85aeb324
0.9585964746323917,1.0,1.0,1.0,0.5203125,1.0,0.625,1,CyberVolk-de0b74917fe24c2b38e2d1172b7352f88bf8b3df64b6d44ca5f317db85aeb324
0.9598412106090555,1.0,1.0,1.0,0.5202492211838006,1.0,0.625,1,CyberVolk-de0b74917fe24c2b38e2d1172b7352f88bf8b3df64b6d44ca5f317db85aeb324
0.9590790043893765,1.0,1.0,1.0,0.5201863354037267,1.0,0.625,1,CyberVolk-de0b74917fe24c2b38e2d1172b7352f88bf8b3df64b6d44ca5f317db85aeb324
0.9600729948835067,1.0,1.0,1.0,0.5201238390092879,1.0,0.625,1,CyberVolk-de0b74917fe24c2b38e2d1172b7352f88bf8b3df64b6d44ca5f317db85aeb324
0.9593104647047497,1.0,1.0,1.0,0.5200617283950617,1.0,0.625,1,CyberVolk-de0b74917fe24c2b38e2d1172b7352f88bf8b3df64b6d44ca5f317db85aeb324
0.9605281129558159,1.0,1.0,1.0,0.52,1.0,0.625,1,CyberVolk-de0b74917fe24c2b38e2d1172b7352f88bf8b3df64b6d44ca5f317db85aeb324
0.9598065962052069,1.0,1.0,1.0,0.5199386503067485,1.0,0.625,1,CyberVolk-de0b74917fe24c2b38e2d1172b7352f88bf8b3df64b6d44ca5f317db85aeb324
0.9605066425862153,1.0,1.0,1.0,0.5198776758409787,1.0,0.625,1,CyberVolk-de0b74917fe24c2b38e2d1172b7352f88bf8b3df64b6d44ca5f317db85aeb324
0.9596867914074398,1.0,1.0,1.0,0.5198170731707317,1.0,0.625,1,CyberVolk-de0b74917fe24c2b38e2d1172b7352f88bf8b3df64b6d44ca5f317db85aeb324
0.9609768628068406,1.0,1.0,1.0,0.5197568389057751,1.0,0.625,1,CyberVolk-de0b74917fe24c2b38e2d1172b7352f88bf8b3df64b6d44ca5f317db85aeb324
0.9602019768947965,1.0,1.0,1.0,0.5196969696969698,1.0,0.625,1,CyberVolk-de0b74917fe24c2b38e2d1172b7352f88bf8b3df64b6d44ca5f317db85aeb324
0.9594542882070662,1.0,1.0,1.0,0.5196374622356495,1.0,0.625,1,CyberVolk-de0b74917fe24c2b38e2d1172b7352f88bf8b3df64b6d44ca5f317db85aeb324
0.9586431044681482,1.0,1.0,1.0,0.5195783132530121,1.0,0.625,1,CyberVolk-de0b74917fe24c2b38e2d1172b7352f88bf8b3df64b6d44ca5f317db85aeb324
0.959894588242774,1.0,1.0,1.0,0.5195195195195195,1.0,0.625,1,CyberVolk-de0b74917fe24c2b38e2d1172b7352f88bf8b3df64b6d44ca5f317db85aeb324
0.9591218732380773,1.0,1.0,1.0,0.5194610778443114,1.0,0.625,1,CyberVolk-de0b74917fe24c2b38e2d1172b7352f88bf8b3df64b6d44ca5f317db85aeb324
0.9601081605926811,1.0,1.0,1.0,0.5194029850746269,1.0,0.625,1,CyberVolk-de0b74917fe24c2b38e2d1172b7352f88bf8b3df64b6d44ca5f317db85aeb324
0.9593283171249702,1.0,1.0,1.0,0.5193452380952381,1.0,0.625,1,CyberVolk-de0b74917fe24c2b38e2d1172b7352f88bf8b3df64b6d44ca5f317db85aeb324
0.9605600213721537,1.0,1.0,1.0,0.5192878338278932,1.0,0.625,1,CyberVolk-de0b74917fe24c2b38e2d1172b7352f88bf8b3df64b6d44ca5f317db85aeb324
0.959820838927093,1.0,1.0,1.0,0.5192307692307692,1.0,0.625,1,CyberVolk-de0b74917fe24c2b38e2d1172b7352f88bf8b3df64b6d44ca5f317db85aeb324
0.959560311732651,1.0,1.0,1.0,0.5191740412979351,1.0,0.625,1,CyberVolk-de0b74917fe24c2b38e2d1172b7352f88bf8b3df64b6d44ca5f317db85aeb324
0.958762548693174,1.0,1.0,1.0,0.5191176470588235,1.0,0.625,1,CyberVolk-de0b74917fe24c2b38e2d1172b7352f88bf8b3df64b6d44ca5f317db85aeb324
0.9599994337291856,1.0,1.0,1.0,0.5190615835777126,1.0,0.625,1,CyberVolk-de0b74917fe24c2b38e2d1172b7352f88bf8b3df64b6d44ca5f317db85aeb324
0.9592398244102903,1.0,1.0,1.0,0.5190058479532164,1.0,0.625,1,CyberVolk-de0b74917fe24c2b38e2d1172b7352f88bf8b3df64b6d44ca5f317db85aeb324
0.9602232349070353,1.0,1.0,1.0,0.5189504373177842,1.0,0.625,1,CyberVolk-de0b74917fe24c2b38e2d1172b7352f88bf8b3df64b6d44ca5f317db85aeb324
0.9594593739829848,1.0,1.0,1.0,0.5188953488372092,1.0,0.625,1,CyberVolk-de0b74917fe24c2b38e2d1172b7352f88bf8b3df64b6d44ca5f317db85aeb324
0.9606737092489855,1.0,1.0,1.0,0.518840579710145,1.0,0.625,1,CyberVolk-de0b74917fe24c2b38e2d1172b7352f88bf8b3df64b6d44ca5f317db85aeb324
0.9599501004856827,1.0,1.0,1.0,0.5187861271676301,1.0,0.625,1,CyberVolk-de0b74917fe24c2b38e2d1172b7352f88bf8b3df64b6d44ca5f317db85aeb324
0.959560311732651,1.0,1.0,1.0,0.5187319884726225,1.0,0.625,1,CyberVolk-de0b74917fe24c2b38e2d1172b7352f88bf8b3df64b6d44ca5f317db85aeb324
0.958762548693174,1.0,1.0,1.0,0.5186781609195402,1.0,0.625,1,CyberVolk-de0b74917fe24c2b38e2d1172b7352f88bf8b3df64b6d44ca5f317db85aeb324
0.9599994337291856,1.0,1.0,1.0,0.518624641833811,1.0,0.625,1,CyberVolk-de0b74917fe24c2b38e2d1172b7352f88bf8b3df64b6d44ca5f317db85aeb324
0.9592398244102903,1.0,1.0,1.0,0.5185714285714286,1.0,0.625,1,CyberVolk-de0b74917fe24c2b38e2d1172b7352f88bf8b3df64b6d44ca5f317db85aeb324
0.9602232349070353,1.0,1.0,1.0,0.5185185185185186,1.0,0.625,1,CyberVolk-de0b74917fe24c2b38e2d1172b7352f88bf8b3df64b6d44ca5f317db85aeb324
0.9594593739829848,1.0,1.0,1.0,0.5184659090909092,1.0,0.625,1,CyberVolk-de0b74917fe24c2b38e2d1172b7352f88bf8b3df64b6d44ca5f317db85aeb324
0.9606737092489855,1.0,1.0,1.0,0.518413597733711,1.0,0.625,1,CyberVolk-de0b74917fe24c2b38e2d1172b7352f88bf8b3df64b6d44ca5f317db85aeb324
0.9599501004856827,1.0,1.0,1.0,0.518361581920904,1.0,0.625,1,CyberVolk-de0b74917fe24c2b38e2d1172b7352f88bf8b3df64b6d44ca5f317db85aeb324
0.9598412106090555,1.0,1.0,1.0,0.5183098591549296,1.0,0.625,1,CyberVolk-de0b74917fe24c2b38e2d1172b7352f88bf8b3df64b6d44ca5f317db85aeb324
0.9590790043893765,1.0,1.0,1.0,0.5182584269662922,1.0,0.625,1,CyberVolk-de0b74917fe24c2b38e2d1172b7352f88bf8b3df64b6d44ca5f317db85aeb324
0.9602772115069633,1.0,1.0,1.0,0.5182072829131652,1.0,0.625,1,CyberVolk-de0b74917fe24c2b38e2d1172b7352f88bf8b3df64b6d44ca5f317db85aeb324
0.9595523244102903,1.0,1.0,1.0,0.5181564245810055,1.0,0.625,1,CyberVolk-de0b74917fe24c2b38e2d1172b7352f88bf8b3df64b6d44ca5f317db85aeb324
0.9605281129558159,1.0,1.0,1.0,0.5181058495821727,1.0,0.625,1,CyberVolk-de0b74917fe24c2b38e2d1172b7352f88bf8b3df64b6d44ca5f317db85aeb324
0.9598065962052069,1.0,1.0,1.0,0.5180555555555555,1.0,0.625,1,CyberVolk-de0b74917fe24c2b38e2d1172b7352f88bf8b3df64b6d44ca5f317db85aeb324
0.9609749140682626,1.0,1.0,1.0,0.5180055401662049,1.0,0.625,1,CyberVolk-de0b74917fe24c2b38e2d1172b7352f88bf8b3df64b6d44ca5f317db85aeb324
0.9602925662391073,1.0,1.0,1.0,0.5179558011049723,1.0,0.625,1,CyberVolk-de0b74917fe24c2b38e2d1172b7352f88bf8b3df64b6d44ca5f317db85aeb324
0.9598412106090555,1.0,1.0,1.0,0.5179063360881543,1.0,0.625,1,CyberVolk-de0b74917fe24c2b38e2d1172b7352f88bf8b3df64b6d44ca5f317db85aeb324
0.9590790043893765,1.0,1.0,1.0,0.5178571428571428,1.0,0.625,1,CyberVolk-de0b74917fe24c2b38e2d1172b7352f88bf8b3df64b6d44ca5f317db85aeb324
0.9602772115069633,1.0,1.0,1.0,0.5178082191780822,1.0,0.625,1,CyberVolk-de0b74917fe24c2b38e2d1172b7352f88bf8b3df64b6d44ca5f317db85aeb324
0.9595523244102903,1.0,1.0,1.0,0.5177595628415301,1.0,0.625,1,CyberVolk-de0b74917fe24c2b38e2d1172b7352f88bf8b3df64b6d44ca5f317db85aeb324
0.9605281129558159,1.0,1.0,1.0,0.5177111716621253,1.0,0.625,1,CyberVolk-de0b74917fe24c2b38e2d1172b7352f88bf8b3df64b6d44ca5f317db85aeb324
0.9598065962052069,1.0,1.0,1.0,0.5176630434782609,1.0,0.625,1,CyberVolk-de0b74917fe24c2b38e2d1172b7352f88bf8b3df64b6d44ca5f317db85aeb324
0.9609749140682626,1.0,1.0,1.0,0.5176151761517616,1.0,0.625,1,CyberVolk-de0b74917fe24c2b38e2d1172b7352f88bf8b3df64b6d44ca5f317db85aeb324
0.9602925662391074,1.0,1.0,1.0,0.5175675675675675,1.0,0.625,1,CyberVolk-de0b74917fe24c2b38e2d1172b7352f88bf8b3df64b6d44ca5f317db85aeb324
0.9598412106090555,1.0,1.0,1.0,0.5175202156334231,1.0,0.625,1,CyberVolk-de0b74917fe24c2b38e2d1172b7352f88bf8b3df64b6d44ca5f317db85aeb324
0.9590790043893765,1.0,1.0,1.0,0.5174731182795699,1.0,0.625,1,CyberVolk-de0b74917fe24c2b38e2d1172b7352f88bf8b3df64b6d44ca5f317db85aeb324
0.9602772115069633,1.0,1.0,1.0,0.517426273458445,1.0,0.625,1,CyberVolk-de0b74917fe24c2b38e2d1172b7352f88bf8b3df64b6d44ca5f317db85aeb324
0.9595523244102903,1.0,1.0,1.0,0.517379679144385,1.0,0.625,1,CyberVolk-de0b74917fe24c2b38e2d1172b7352f88bf8b3df64b6d44ca5f317db85aeb324
0.9605281129558159,1.0,1.0,1.0,0.5173333333333333,1.0,0.625,1,CyberVolk-de0b74917fe24c2b38e2d1172b7352f88bf8b3df64b6d44ca5f317db85aeb324
0.9598065962052069,1.0,1.0,1.0,0.5172872340425532,1.0,0.625,1,CyberVolk-de0b74917fe24c2b38e2d1172b7352f88bf8b3df64b6d44ca5f317db85aeb324
0.9609749140682626,1.0,1.0,1.0,0.5172413793103448,1.0,0.625,1,CyberVolk-de0b74917fe24c2b38e2d1172b7352f88bf8b3df64b6d44ca5f317db85aeb324
0.9602925662391073,1.0,1.0,1.0,0.5171957671957672,1.0,0.625,1,CyberVolk-de0b74917fe24c2b38e2d1172b7352f88bf8b3df64b6d44ca5f317db85aeb324
0.9598412106090555,1.0,1.0,1.0,0.5171503957783641,1.0,0.625,1,CyberVolk-de0b74917fe24c2b38e2d1172b7352f88bf8b3df64b6d44ca5f317db85aeb324
0.9590790043893765,1.0,1.0,1.0,0.5171052631578947,1.0,0.625,1,CyberVolk-de0b74917fe24c2b38e2d1172b7352f88bf8b3df64b6d44ca5f317db85aeb324
0.9602772115069633,1.0,1.0,1.0,0.5170603674540682,1.0,0.625,1,CyberVolk-de0b74917fe24c2b38e2d1172b7352f88bf8b3df64b6d44ca5f317db85aeb324
0.9595523244102903,1.0,1.0,1.0,0.5170157068062827,1.0,0.625,1,CyberVolk-de0b74917fe24c2b38e2d1172b7352f88bf8b3df64b6d44ca5f317db85aeb324
0.9605281129558159,1.0,1.0,1.0,0.5169712793733681,1.0,0.625,1,CyberVolk-de0b74917fe24c2b38e2d1172b7352f88bf8b3df64b6d44ca5f317db85aeb324
0.9598065962052069,1.0,1.0,1.0,0.5169270833333333,1.0,0.625,1,CyberVolk-de0b74917fe24c2b38e2d1172b7352f88bf8b3df64b6d44ca5f317db85aeb324
0.9609749140682626,1.0,1.0,1.0,0.5168831168831169,1.0,0.625,1,CyberVolk-de0b74917fe24c2b38e2d1172b7352f88bf8b3df64b6d44ca5f317db85aeb324
0.9602925662391073,1.0,1.0,1.0,0.516839378238342,1.0,0.625,1,CyberVolk-de0b74917fe24c2b38e2d1172b7352f88bf8b3df64b6d44ca5f317db85aeb324
0.9598412106090555,1.0,1.0,1.0,0.5167958656330749,1.0,0.625,1,CyberVolk-de0b74917fe24c2b38e2d1172b7352f88bf8b3df64b6d44ca5f317db85aeb324
0.9590790043893765,1.0,1.0,1.0,0.5167525773195876,1.0,0.625,1,CyberVolk-de0b74917fe24c2b38e2d1172b7352f88bf8b3df64b6d44ca5f317db85aeb324
0.9602772115069633,1.0,1.0,1.0,0.5167095115681234,1.0,0.625,1,CyberVolk-de0b74917fe24c2b38e2d1172b7352f88bf8b3df64b6d44ca5f317db85aeb324
0.9595523244102903,1.0,1.0,1.0,0.5166666666666666,1.0,0.625,1,CyberVolk-de0b74917fe24c2b38e2d1172b7352f88bf8b3df64b6d44ca5f317db85aeb324
0.9605281129558159,1.0,1.0,1.0,0.5166240409207161,1.0,0.625,1,CyberVolk-de0b74917fe24c2b38e2d1172b7352f88bf8b3df64b6d44ca5f317db85aeb324
0.9598065962052069,1.0,1.0,1.0,0.5165816326530612,1.0,0.625,1,CyberVolk-de0b74917fe24c2b38e2d1172b7352f88bf8b3df64b6d44ca5f317db85aeb324
0.9609749140682626,1.0,1.0,1.0,0.5165394402035624,1.0,0.625,1,CyberVolk-de0b74917fe24c2b38e2d1172b7352f88bf8b3df64b6d44ca5f317db85aeb324
0.9602925662391073,1.0,1.0,1.0,0.516497461928934,1.0,0.625,1,CyberVolk-de0b74917fe24c2b38e2d1172b7352f88bf8b3df64b6d44ca5f317db85aeb324
0.9598412106090555,1.0,1.0,1.0,0.5164556962025316,1.0,0.625,1,CyberVolk-de0b74917fe24c2b38e2d1172b7352f88bf8b3df64b6d44ca5f317db85aeb324
0.9590790043893765,1.0,1.0,1.0,0.5164141414141414,1.0,0.625,1,CyberVolk-de0b74917fe24c2b38e2d1172b7352f88bf8b3df64b6d44ca5f317db85aeb324
0.9602772115069633,1.0,1.0,1.0,0.5163727959697733,1.0,0.625,1,CyberVolk-de0b74917fe24c2b38e2d1172b7352f88bf8b3df64b6d44ca5f317db85aeb324
0.9595523244102903,1.0,1.0,1.0,0.5163316582914572,1.0,0.625,1,CyberVolk-de0b74917fe24c2b38e2d1172b7352f88bf8b3df64b6d44ca5f317db85aeb324
0.9605281129558159,1.0,1.0,1.0,0.5162907268170427,1.0,0.625,1,CyberVolk-de0b74917fe24c2b38e2d1172b7352f88bf8b3df64b6d44ca5f317db85aeb324
0.9598065962052069,1.0,1.0,1.0,0.51625,1.0,0.625,1,CyberVolk-de0b74917fe24c2b38e2d1172b7352f88bf8b3df64b6d44ca5f317db85aeb324
0.957952599197201,0.5435275175560625,0.02,0.05,0.8,0.0,0.625,1,CyberVolk-e26db13a9660555448acb7591f382b480b0252d19e3ad6c6678ba5e1f03d6458
0.13646075659328394,1.0,0.04,0.1,0.5,0.04960159612028318,0.625,1,CyberVolk-e26db13a9660555448acb7591f382b480b0252d19e3ad6c6678ba5e1f03d6458
0.09294587706181785,1.0,0.06,0.15,0.5,0.098807962873877,0.625,1,CyberVolk-e26db13a9660555448acb7591f382b480b0252d19e3ad6c6678ba5e1f03d6458
0.11789174607420132,0.7601822499435653,0.08,0.2,0.5,0.14762224947904282,0.625,1,CyberVolk-e26db13a9660555448acb7591f382b480b0252d19e3ad6c6678ba5e1f03d6458
0.9626008292264994,0.6446586491049021,0.1,0.25,0.5,0.19604758006082648,0.625,1,CyberVolk-e26db13a9660555448acb7591f382b480b0252d19e3ad6c6678ba5e1f03d6458
0.9626008292264994,0.5505185941384008,0.1,0.25,0.5833333333333333,0.24408705385100307,0.625,1,CyberVolk-e26db13a9660555448acb7591f382b480b0252d19e3ad6c6678ba5e1f03d6458
0.13646075659328394,0.820925488398632,0.1,0.25,0.6428571428571428,0.2917437453864285,0.625,1,CyberVolk-e26db13a9660555448acb7591f382b480b0252d19e3ad6c6678ba5e1f03d6458
0.11789174607420132,0.7226823687996434,0.12,0.25,0.6875,0.33902070470581025,0.625,1,CyberVolk-e26db13a9660555448acb7591f382b480b0252d19e3ad6c6678ba5e1f03d6458
0.13646075659328394,0.6396505475085045,0.12,0.25,0.7222222222222222,0.38592095754491085,0.625,1,CyberVolk-e26db13a9660555448acb7591f382b480b0252d19e3ad6c6678ba5e1f03d6458
0.4553884431277716,0.5789884323886424,0.14,0.3,0.7,0.4324475055301956,0.625,1,CyberVolk-e26db13a9660555448acb7591f382b480b0252d19e3ad6c6678ba5e1f03d6458
0.13646075659328394,0.7239978259455863,0.14,0.3,0.7272727272727273,0.47860332637093694,0.625,1,CyberVolk-e26db13a9660555448acb7591f382b480b0252d19e3ad6c6678ba5e1f03d6458
0.13646075659328394,0.6746436569732095,0.14,0.3,0.75,0.524391374049789,0.625,1,CyberVolk-e26db13a9660555448acb7591f382b480b0252d19e3ad6c6678ba5e1f03d6458
0.11789174607420132,0.6351491519257061,0.14,0.3,0.7692307692307692,0.5698145790118427,0.625,1,CyberVolk-e26db13a9660555448acb7591f382b480b0252d19e3ad6c6678ba5e1f03d6458
0.13646075659328394,0.6029307433968457,0.14,0.3,0.7857142857142857,0.6148757310739256,0.625,1,CyberVolk-e26db13a9660555448acb7591f382b480b0252d19e3ad6c6678ba5e1f03d6458
0.13646075659328394,0.5775887023973179,0.14,0.3,0.8,0.6595779496581373,0.625,1,CyberVolk-e26db13a9660555448acb7591f382b480b0252d19e3ad6c6678ba5e1f03d6458
0.13646075659328394,0.55709114484118,0.14,0.3,0.8125,0.7039239774960311,0.625,1,CyberVolk-e26db13a9660555448acb7591f382b480b0252d19e3ad6c6678ba5e1f03d6458
0.13646075659328394,0.5401831029838071,0.14,0.3,0.8235294117647058,0.7479166527431119,0.625,1,CyberVolk-e26db13a9660555448acb7591f382b480b0252d19e3ad6c6678ba5e1f03d6458
0.4403896107170242,0.5182199520296286,0.16,0.35,0.8055555555555556,0.7915587909402417,0.625,1,CyberVolk-e26db13a9660555448acb7591f382b480b0252d19e3ad6c6678ba5e1f03d6458
0.13646075659328394,0.611594739991228,0.16,0.35,0.8157894736842105,0.8348531851938338,0.625,1,CyberVolk-e26db13a9660555448acb7591f382b480b0252d19e3ad6c6678ba5e1f03d6458
0.13646075659328394,0.594500245046767,0.16,0.35,0.825,0.8778026063546134,0.625,1,CyberVolk-e26db13a9660555448acb7591f382b480b0252d19e3ad6c6678ba5e1f03d6458
0.4553884431277716,0.5755956062789983,0.16,0.35,0.8333333333333334,0.9204098031949522,0.625,1,CyberVolk-e26db13a9660555448acb7591f382b480b0252d19e3ad6c6678ba5e1f03d6458
0.4403896107170242,0.5566338744171139,0.16,0.35,0.8409090909090909,0.9626775025847902,0.625,1,CyberVolk-e26db13a9660555448acb7591f382b480b0252d19e3ad6c6678ba5e1f03d6458
0.4553884431277716,0.5441600723515523,0.16,0.35,0.8478260869565217,1.0,0.625,1,CyberVolk-e26db13a9660555448acb7591f382b480b0252d19e3ad6c6678ba5e1f03d6458
0.4403896107170242,0.5295961285289081,0.16,0.35,0.8541666666666666,1.0,0.625,1,CyberVolk-e26db13a9660555448acb7591f382b480b0252d19e3ad6c6678ba5e1f03d6458
0.13646075659328394,0.6015041402267187,0.16,0.35,0.86,1.0,0.625,1,CyberVolk-e26db13a9660555448acb7591f382b480b0252d19e3ad6c6678ba5e1f03d6458
0.4553884431277716,0.58663986211612,0.16,0.35,0.8653846153846154,1.0,0.625,1,CyberVolk-e26db13a9660555448acb7591f382b480b0252d19e3ad6c6678ba5e1f03d6458
0.4403896107170242,0.5728288562424176,0.16,0.35,0.8703703703703703,1.0,0.625,1,CyberVolk-e26db13a9660555448acb7591f382b480b0252d19e3ad6c6678ba5e1f03d6458
0.4553884431277716,0.5616157828793287,0.16,0.35,0.875,1.0,0.625,1,CyberVolk-e26db13a9660555448acb7591f382b480b0252d19e3ad6c6678ba5e1f03d6458
0.4403896107170242,0.550259858146419,0.16,0.35,0.8793103448275862,1.0,0.625,1,CyberVolk-e26db13a9660555448acb7591f382b480b0252d19e3ad6c6678ba5e1f03d6458
0.4553884431277716,0.54074441322059,0.16,0.35,0.8833333333333333,1.0,0.625,1,CyberVolk-e26db13a9660555448acb7591f382b480b0252d19e3ad6c6678ba5e1f03d6458
0.4403896107170242,0.5312580052030565,0.16,0.35,0.8870967741935484,1.0,0.625,1,CyberVolk-e26db13a9660555448acb7591f382b480b0252d19e3ad6c6678ba5e1f03d6458
0.4553884431277716,0.5230869131036222,0.16,0.35,0.890625,1.0,0.625,1,CyberVolk-e26db13a9660555448acb7591f382b480b0252d19e3ad6c6678ba5e1f03d6458
0.4403896107170242,0.5150595078074407,0.16,0.35,0.8939393939393939,1.0,0.625,1,CyberVolk-e26db13a9660555448acb7591f382b480b0252d19e3ad6c6678ba5e1f03d6458
0.4553884431277716,0.5079705504538078,0.16,0.35,0.8970588235294118,1.0,0.625,1,CyberVolk-e26db13a9660555448acb7591f382b480b0252d19e3ad6c6678ba5e1f03d6458
0.4403896107170242,0.5011041680295024,0.16,0.35,0.9,1.0,0.625,1,CyberVolk-e26db13a9660555448acb7591f382b480b0252d19e3ad6c6678ba5e1f03d6458
0.4553884431277716,0.49489863516977073,0.16,0.35,0.9027777777777778,1.0,0.625,1,CyberVolk-e26db13a9660555448acb7591f382b480b0252d19e3ad6c6678ba5e1f03d6458
0.4403896107170242,0.48897109630944263,0.16,0.35,0.9054054054054054,1.0,0.625,1,CyberVolk-e26db13a9660555448acb7591f382b480b0252d19e3ad6c6678ba5e1f03d6458
0.4553884431277716,0.48349569778686063,0.16,0.35,0.9078947368421053,1.0,0.625,1,CyberVolk-e26db13a9660555448acb7591f382b480b0252d19e3ad6c6678ba5e1f03d6458
0.4403896107170242,0.47833770872362014,0.16,0.35,0.9102564102564102,1.0,0.625,1,CyberVolk-e26db13a9660555448acb7591f382b480b0252d19e3ad6c6678ba5e1f03d6458
0.4553884431277716,0.4734723426481352,0.16,0.35,0.9125,1.0,0.625,1,CyberVolk-e26db13a9660555448acb7591f382b480b0252d19e3ad6c6678ba5e1f03d6458
0.4403896107170242,0.4689525516900142,0.16,0.35,0.9146341463414634,1.0,0.625,1,CyberVolk-e26db13a9660555448acb7591f382b480b0252d19e3ad6c6678ba5e1f03d6458
0.4553884431277716,0.46460182272682465,0.16,0.35,0.9166666666666666,1.0,0.625,1,CyberVolk-e26db13a9660555448acb7591f382b480b0252d19e3ad6c6678ba5e1f03d6458
0.4403896107170242,0.46061673121879443,0.16,0.35,0.9186046511627907,1.0,0.625,1,CyberVolk-e26db13a9660555448acb7591f382b480b0252d19e3ad6c6678ba5e1f03d6458
0.4553884431277716,0.45670394040372286,0.16,0.35,0.9204545454545454,1.0,0.625,1,CyberVolk-e26db13a9660555448acb7591f382b480b0252d19e3ad6c6678ba5e1f03d6458
0.4403896107170242,0.45317089647861114,0.16,0.35,0.9222222222222223,1.0,0.625,1,CyberVolk-e26db13a9660555448acb7591f382b480b0252d19e3ad6c6678ba5e1f03d6458
0.4553884431277716,0.44963370062207686,0.16,0.35,0.9239130434782609,1.0,0.625,1,CyberVolk-e26db13a9660555448acb7591f382b480b0252d19e3ad6c6678ba5e1f03d6458
0.4403896107170242,0.4464859178315909,0.16,0.35,0.925531914893617,1.0,0.625,1,CyberVolk-e26db13a9660555448acb7591f382b480b0252d19e3ad6c6678ba5e1f03d6458
0.4553884431277716,0.44327314138965973,0.16,0.35,0.9270833333333334,1.0,0.625,1,CyberVolk-e26db13a9660555448acb7591f382b480b0252d19e3ad6c6678ba5e1f03d6458
0.4403896107170242,0.44045608504465206,0.16,0.35,0.9285714285714286,1.0,0.625,1,CyberVolk-e26db13a9660555448acb7591f382b480b0252d19e3ad6c6678ba5e1f03d6458
0.4553884431277716,0.43752534284947436,0.16,0.35,0.9299999999999999,1.0,0.625,1,CyberVolk-e26db13a9660555448acb7591f382b480b0252d19e3ad6c6678ba5e1f03d6458
0.4403896107170242,0.44702510686593155,0.16,0.35,0.9313725490196079,1.0,0.625,1,CyberVolk-e26db13a9660555448acb7591f382b480b0252d19e3ad6c6678ba5e1f03d6458
0.4553884431277716,0.41004110224081447,0.16,0.35,0.9326923076923077,1.0,0.625,1,CyberVolk-e26db13a9660555448acb7591f382b480b0252d19e3ad6c6678ba5e1f03d6458
0.4403896107170242,0.4231846171604454,0.16,0.35,0.9339622641509434,1.0,0.625,1,CyberVolk-e26db13a9660555448acb7591f382b480b0252d19e3ad6c6678ba5e1f03d6458
0.4553884431277716,0.434092184936642,0.16,0.35,0.9351851851851852,1.0,0.625,1,CyberVolk-e26db13a9660555448acb7591f382b480b0252d19e3ad6c6678ba5e1f03d6458
0.4403896107170242,0.4439221571453354,0.16,0.35,0.9363636363636364,1.0,0.625,1,CyberVolk-e26db13a9660555448acb7591f382b480b0252d19e3ad6c6678ba5e1f03d6458
0.4553884431277716,0.4589608878363126,0.16,0.35,0.9375,1.0,0.625,1,CyberVolk-e26db13a9660555448acb7591f382b480b0252d19e3ad6c6678ba5e1f03d6458
0.4403896107170242,0.42666261667049127,0.16,0.35,0.9385964912280702,1.0,0.625,1,CyberVolk-e26db13a9660555448acb7591f382b480b0252d19e3ad6c6678ba5e1f03d6458
0.4553884431277716,0.42637101389818854,0.16,0.35,0.9396551724137931,1.0,0.625,1,CyberVolk-e26db13a9660555448acb7591f382b480b0252d19e3ad6c6678ba5e1f03d6458
0.4403896107170242,0.42666261667049127,0.16,0.35,0.940677966101695,1.0,0.625,1,CyberVolk-e26db13a9660555448acb7591f382b480b0252d19e3ad6c6678ba5e1f03d6458
0.4553884431277716,0.4306928042553859,0.16,0.35,0.9416666666666667,1.0,0.625,1,CyberVolk-e26db13a9660555448acb7591f382b480b0252d19e3ad6c6678ba5e1f03d6458
0.4403896107170242,0.39302910216418685,0.16,0.35,0.9426229508196722,1.0,0.625,1,CyberVolk-e26db13a9660555448acb7591f382b480b0252d19e3ad6c6678ba5e1f03d6458
0.4553884431277716,0.39302910216418685,0.16,0.35,0.9435483870967742,1.0,0.625,1,CyberVolk-e26db13a9660555448acb7591f382b480b0252d19e3ad6c6678ba5e1f03d6458
0.4403896107170242,0.39302910216418685,0.16,0.35,0.9444444444444444,1.0,0.625,1,CyberVolk-e26db13a9660555448acb7591f382b480b0252d19e3ad6c6678ba5e1f03d6458
0.4553884431277716,0.39302910216418685,0.16,0.35,0.9453125,1.0,0.625,1,CyberVolk-e26db13a9660555448acb7591f382b480b0252d19e3ad6c6678ba5e1f03d6458
0.4403896107170242,0.39360248567560635,0.16,0.35,0.9461538461538461,1.0,0.625,1,CyberVolk-e26db13a9660555448acb7591f382b480b0252d19e3ad6c6678ba5e1f03d6458
0.4553884431277716,0.39360248567560635,0.16,0.35,0.946969696969697,1.0,0.625,1,CyberVolk-e26db13a9660555448acb7591f382b480b0252d19e3ad6c6678ba5e1f03d6458
0.4403896107170242,0.3944325593792491,0.16,0.35,0.9477611940298507,1.0,0.625,1,CyberVolk-e26db13a9660555448acb7591f382b480b0252d19e3ad6c6678ba5e1f03d6458
0.4553884431277716,0.3993177043243451,0.16,0.35,0.9485294117647058,1.0,0.625,1,CyberVolk-e26db13a9660555448acb7591f382b480b0252d19e3ad6c6678ba5e1f03d6458
0.4403896107170242,0.36355791636214796,0.16,0.35,0.9492753623188406,1.0,0.625,1,CyberVolk-e26db13a9660555448acb7591f382b480b0252d19e3ad6c6678ba5e1f03d6458
0.4553884431277716,0.36355791636214796,0.16,0.35,0.95,1.0,0.625,1,CyberVolk-e26db13a9660555448acb7591f382b480b0252d19e3ad6c6678ba5e1f03d6458
0.4403896107170242,0.37102865797213674,0.16,0.35,0.9507042253521126,1.0,0.625,1,CyberVolk-e26db13a9660555448acb7591f382b480b0252d19e3ad6c6678ba5e1f03d6458
0.4553884431277716,0.37007832505797084,0.16,0.35,0.9513888888888888,1.0,0.625,1,CyberVolk-e26db13a9660555448acb7591f382b480b0252d19e3ad6c6678ba5e1f03d6458
0.4403896107170242,0.37102865797213674,0.16,0.35,0.952054794520548,1.0,0.625,1,CyberVolk-e26db13a9660555448acb7591f382b480b0252d19e3ad6c6678ba5e1f03d6458
0.13646075659328394,0.4066681867238124,0.16,0.35,0.9527027027027027,1.0,0.625,1,CyberVolk-e26db13a9660555448acb7591f382b480b0252d19e3ad6c6678ba5e1f03d6458
0.4553884431277716,0.36355791636214796,0.16,0.35,0.9533333333333334,1.0,0.625,1,CyberVolk-e26db13a9660555448acb7591f382b480b0252d19e3ad6c6678ba5e1f03d6458
0.4403896107170242,0.37102865797213674,0.16,0.35,0.9539473684210527,1.0,0.625,1,CyberVolk-e26db13a9660555448acb7591f382b480b0252d19e3ad6c6678ba5e1f03d6458
0.4553884431277716,0.37007832505797084,0.16,0.35,0.9545454545454546,1.0,0.625,1,CyberVolk-e26db13a9660555448acb7591f382b480b0252d19e3ad6c6678ba5e1f03d6458
0.4403896107170242,0.37102865797213674,0.16,0.35,0.9551282051282052,1.0,0.625,1,CyberVolk-e26db13a9660555448acb7591f382b480b0252d19e3ad6c6678ba5e1f03d6458
0.4553884431277716,0.37007832505797084,0.16,0.35,0.9556962025316456,1.0,0.625,1,CyberVolk-e26db13a9660555448acb7591f382b480b0252d19e3ad6c6678ba5e1f03d6458
0.4403896107170242,0.37102865797213674,0.16,0.35,0.95625,1.0,0.625,1,CyberVolk-e26db13a9660555448acb7591f382b480b0252d19e3ad6c6678ba5e1f03d6458
0.4553884431277716,0.37007832505797084,0.16,0.35,0.9567901234567902,1.0,0.625,1,CyberVolk-e26db13a9660555448acb7591f382b480b0252d19e3ad6c6678ba5e1f03d6458
0.4403896107170242,0.37102865797213674,0.16,0.35,0.9573170731707317,1.0,0.625,1,CyberVolk-e26db13a9660555448acb7591f382b480b0252d19e3ad6c6678ba5e1f03d6458
0.4553884431277716,0.37007832505797084,0.16,0.35,0.9578313253012049,1.0,0.625,1,CyberVolk-e26db13a9660555448acb7591f382b480b0252d19e3ad6c6678ba5e1f03d6458
0.4403896107170242,0.37102865797213674,0.16,0.35,0.9583333333333334,1.0,0.625,1,CyberVolk-e26db13a9660555448acb7591f382b480b0252d19e3ad6c6678ba5e1f03d6458
0.4553884431277716,0.37007832505797084,0.16,0.35,0.9588235294117647,1.0,0.625,1,CyberVolk-e26db13a9660555448acb7591f382b480b0252d19e3ad6c6678ba5e1f03d6458
0.4403896107170242,0.37102865797213674,0.16,0.35,0.9593023255813954,1.0,0.625,1,CyberVolk-e26db13a9660555448acb7591f382b480b0252d19e3ad6c6678ba5e1f03d6458
0.13646075659328394,0.4066681867238124,0.16,0.35,0.9597701149425287,1.0,0.625,1,CyberVolk-e26db13a9660555448acb7591f382b480b0252d19e3ad6c6678ba5e1f03d6458
0.4553884431277716,0.4002732691296346,0.16,0.35,0.9602272727272727,1.0,0.625,1,CyberVolk-e26db13a9660555448acb7591f382b480b0252d19e3ad6c6678ba5e1f03d6458
0.4403896107170242,0.4002732691296346,0.16,0.35,0.9606741573033708,1.0,0.625,1,CyberVolk-e26db13a9660555448acb7591f382b480b0252d19e3ad6c6678ba5e1f03d6458
0.4553884431277716,0.4002732691296346,0.16,0.35,0.9611111111111111,1.0,0.625,1,CyberVolk-e26db13a9660555448acb7591f382b480b0252d19e3ad6c6678ba5e1f03d6458
0.4403896107170242,0.4002732691296346,0.16,0.35,0.9615384615384616,1.0,0.625,1,CyberVolk-e26db13a9660555448acb7591f382b480b0252d19e3ad6c6678ba5e1f03d6458
0.4553884431277716,0.4002732691296346,0.16,0.35,0.9619565217391304,1.0,0.625,1,CyberVolk-e26db13a9660555448acb7591f382b480b0252d19e3ad6c6678ba5e1f03d6458
0.4403896107170242,0.4002732691296346,0.16,0.35,0.9623655913978495,1.0,0.625,1,CyberVolk-e26db13a9660555448acb7591f382b480b0252d19e3ad6c6678ba5e1f03d6458
0.4553884431277716,0.4002732691296346,0.16,0.35,0.9627659574468085,1.0,0.625,1,CyberVolk-e26db13a9660555448acb7591f382b480b0252d19e3ad6c6678ba5e1f03d6458
0.4403896107170242,0.4002732691296346,0.16,0.35,0.9631578947368421,1.0,0.625,1,CyberVolk-e26db13a9660555448acb7591f382b480b0252d19e3ad6c6678ba5e1f03d6458
0.11789174607420132,0.43862959363677945,0.16,0.35,0.9635416666666666,1.0,0.625,1,CyberVolk-e26db13a9660555448acb7591f382b480b0252d19e3ad6c6678ba5e1f03d6458
0.4553884431277716,0.4327888838863954,0.16,0.35,0.9639175257731959,1.0,0.625,1,CyberVolk-e26db13a9660555448acb7591f382b480b0252d19e3ad6c6678ba5e1f03d6458
0.4403896107170242,0.4340130990699567,0.16,0.35,0.9642857142857143,1.0,0.625,1,CyberVolk-e26db13a9660555448acb7591f382b480b0252d19e3ad6c6678ba5e1f03d6458
0.4553884431277716,0.4327888838863954,0.16,0.35,0.9646464646464646,1.0,0.625,1,CyberVolk-e26db13a9660555448acb7591f382b480b0252d19e3ad6c6678ba5e1f03d6458
0.4403896107170242,0.4340130990699567,0.16,0.35,0.965,1.0,0.625,1,CyberVolk-e26db13a9660555448acb7591f382b480b0252d19e3ad6c6678ba5e1f03d6458
0.4553884431277716,0.4327888838863954,0.16,0.35,0.9653465346534653,1.0,0.625,1,CyberVolk-e26db13a9660555448acb7591f382b480b0252d19e3ad6c6678ba5e1f03d6458
0.4403896107170242,0.4340130990699567,0.16,0.34653465673743766,0.9656862745098039,1.0,0.625,1,CyberVolk-e26db13a9660555448acb7591f382b480b0252d19e3ad6c6678ba5e1f03d6458
0.4553884431277716,0.4327888838863954,0.16,0.3431372613184548,0.9660194174757282,1.0,0.625,1,CyberVolk-e26db13a9660555448acb7591f382b480b0252d19e3ad6c6678ba5e1f03d6458
0.4403896107170242,0.4340130990699567,0.16,0.33980583468147857,0.9663461538461539,1.0,0.625,1,CyberVolk-e26db13a9660555448acb7591f382b480b0252d19e3ad6c6678ba5e1f03d6458
0.4553884431277716,0.4327888838863954,0.16,0.3365384738826192,0.9666666666666667,1.0,0.625,1,CyberVolk-e26db13a9660555448acb7591f382b480b0252d19e3ad6c6678ba5e1f03d6458
0.4403896107170242,0.4340130990699567,0.16,0.3333333484710216,0.9669811320754716,1.0,0.625,1,CyberVolk-e26db13a9660555448acb7591f382b480b0252d19e3ad6c6678ba5e1f03d6458
0.4553884431277716,0.4327888838863954,0.16,0.33018869706938564,0.9672897196261683,1.0,0.625,1,CyberVolk-e26db13a9660555448acb7591f382b480b0252d19e3ad6c6678ba5e1f03d6458
0.4403896107170242,0.4340130990699567,0.16,0.32710282414623304,0.9675925925925926,1.0,0.625,1,CyberVolk-e26db13a9660555448acb7591f382b480b0252d19e3ad6c6678ba5e1f03d6458
0.4553884431277716,0.4327888838863954,0.16,0.32407409696749206,0.9678899082568807,1.0,0.625,1,CyberVolk-e26db13a9660555448acb7591f382b480b0252d19e3ad6c6678ba5e1f03d6458
0.4403896107170242,0.4340130990699567,0.16,0.3211009427158853,0.9681818181818181,1.0,0.625,1,CyberVolk-e26db13a9660555448acb7591f382b480b0252d19e3ad6c6678ba5e1f03d6458
0.4553884431277716,0.4327888838863954,0.16,0.3181818457674413,0.9684684684684685,1.0,0.625,1,CyberVolk-e26db13a9660555448acb7591f382b480b0252d19e3ad6c6678ba5e1f03d6458
0.4403896107170242,0.4340130990699567,0.16,0.3153153451152217,0.96875,1.0,0.625,1,CyberVolk-e26db13a9660555448acb7591f382b480b0252d19e3ad6c6678ba5e1f03d6458
0.4553884431277716,0.4327888838863954,0.16,0.31250003193106296,0.9690265486725663,1.0,0.625,1,CyberVolk-e26db13a9660555448acb7591f382b480b0252d19e3ad6c6678ba5e1f03d6458
0.4403896107170242,0.4340130990699567,0.16,0.30973448190593056,0.9692982456140351,1.0,0.625,1,CyberVolk-e26db13a9660555448acb7591f382b480b0252d19e3ad6c6678ba5e1f03d6458
0.4553884431277716,0.4327888838863954,0.16,0.3070175156075271,0.9695652173913043,1.0,0.625,1,CyberVolk-e26db13a9660555448acb7591f382b480b0252d19e3ad6c6678ba5e1f03d6458
0.13646075659328394,0.4722631081430822,0.16,0.3043478008479408,0.9698275862068966,1.0,0.625,1,CyberVolk-e26db13a9660555448acb7591f382b480b0252d19e3ad6c6678ba5e1f03d6458
0.4403896107170242,0.46752833795619014,0.16,0.3017241156058719,0.9700854700854701,1.0,0.625,1,CyberVolk-e26db13a9660555448acb7591f382b480b0252d19e3ad6c6678ba5e1f03d6458
0.4553884431277716,0.46752833795619014,0.16,0.2991452796384841,0.9703389830508474,1.0,0.625,1,CyberVolk-e26db13a9660555448acb7591f382b480b0252d19e3ad6c6678ba5e1f03d6458
0.4403896107170242,0.46752833795619014,0.16,0.2966101527111323,0.9705882352941176,1.0,0.625,1,CyberVolk-e26db13a9660555448acb7591f382b480b0252d19e3ad6c6678ba5e1f03d6458
0.4553884431277716,0.46752833795619014,0.16,0.29411763291634796,0.9708333333333333,1.0,0.625,1,CyberVolk-e26db13a9660555448acb7591f382b480b0252d19e3ad6c6678ba5e1f03d6458
0.4403896107170242,0.46752833795619014,0.16,0.29166665507687506,0.9710743801652892,1.0,0.625,1,CyberVolk-e26db13a9660555448acb7591f382b480b0252d19e3ad6c6678ba5e1f03d6458
0.4553884431277716,0.46752833795619014,0.16,0.28925618922789426,0.9713114754098361,1.0,0.625,1,CyberVolk-e26db13a9660555448acb7591f382b480b0252d19e3ad6c6678ba5e1f03d6458
0.4403896107170242,0.46752833795619014,0.16,0.28688523917389136,0.9715447154471545,1.0,0.625,1,CyberVolk-e26db13a9660555448acb7591f382b480b0252d19e3ad6c6678ba5e1f03d6458
0.4553884431277716,0.4280541136995032,0.16,0.284552841115923,0.9717741935483871,1.0,0.625,1,CyberVolk-e26db13a9660555448acb7591f382b480b0252d19e3ad6c6678ba5e1f03d6458
0.4403896107170242,0.4327888838863954,0.16,0.2822580623453043,0.972,1.0,0.625,1,CyberVolk-e26db13a9660555448acb7591f382b480b0252d19e3ad6c6678ba5e1f03d6458
0.4553884431277716,0.43182761109217493,0.16,0.27999999999999997,0.9722222222222222,1.0,0.625,1,CyberVolk-e26db13a9660555448acb7591f382b480b0252d19e3ad6c6678ba5e1f03d6458
0.4403896107170242,0.4327888838863954,0.16,0.27777777988023444,0.9724409448818898,1.0,0.625,1,CyberVolk-e26db13a9660555448acb7591f382b480b0252d19e3ad6c6678ba5e1f03d6458
0.4553884431277716,0.43182761109217493,0.16,0.2755905553200572,0.97265625,1.0,0.625,1,CyberVolk-e26db13a9660555448acb7591f382b480b0252d19e3ad6c6678ba5e1f03d6458
0.4403896107170242,0.4327888838863954,0.16,0.2734375061118045,0.9728682170542635,1.0,0.625,1,CyberVolk-e26db13a9660555448acb7591f382b480b0252d19e3ad6c6678ba5e1f03d6458
0.4553884431277716,0.43182761109217493,0.16,0.2713178374805846,0.9730769230769231,1.0,0.625,1,CyberVolk-e26db13a9660555448acb7591f382b480b0252d19e3ad6c6678ba5e1f03d6458
0.4403896107170242,0.4327888838863954,0.16,0.2692307791060954,0.9732824427480916,1.0,0.625,1,CyberVolk-e26db13a9660555448acb7591f382b480b0252d19e3ad6c6678ba5e1f03d6458
0.4553884431277716,0.43182761109217493,0.16,0.2671755841892439,0.9734848484848485,1.0,0.625,1,CyberVolk-e26db13a9660555448acb7591f382b480b0252d19e3ad6c6678ba5e1f03d6458
0.4403896107170242,0.4327888838863954,0.16,0.26515152856119256,0.9736842105263158,1.0,0.625,1,CyberVolk-e26db13a9660555448acb7591f382b480b0252d19e3ad6c6678ba5e1f03d6458
0.4553884431277716,0.43182761109217493,0.16,0.2631579098325979,0.9738805970149254,1.0,0.625,1,CyberVolk-e26db13a9660555448acb7591f382b480b0252d19e3ad6c6678ba5e1f03d6458
0.4403896107170242,0.4327888838863954,0.16,0.2611940465809439,0.9740740740740741,1.0,0.625,1,CyberVolk-e26db13a9660555448acb7591f382b480b0252d19e3ad6c6678ba5e1f03d6458
0.4553884431277716,0.43182761109217493,0.16,0.25925927757399364,0.9742647058823529,1.0,0.625,1,CyberVolk-e26db13a9660555448acb7591f382b480b0252d19e3ad6c6678ba5e1f03d6458
0.4403896107170242,0.3944325593792491,0.16,0.2573529610275,0.9744525547445255,1.0,0.625,1,CyberVolk-e26db13a9660555448acb7591f382b480b0252d19e3ad6c6678ba5e1f03d6458
0.4553884431277716,0.3993177043243451,0.16,0.25547447389542577,0.9746376811594203,1.0,0.625,1,CyberVolk-e26db13a9660555448acb7591f382b480b0252d19e3ad6c6678ba5e1f03d6458
0.4403896107170242,0.3993177043243451,0.16,0.253623167373284,0.9748201438848921,1.0,0.625,1,CyberVolk-e26db13a9660555448acb7591f382b480b0252d19e3ad6c6678ba5e1f03d6458
0.4553884431277716,0.3993177043243451,0.16,0.2517985421476847,0.975,1.0,0.625,1,CyberVolk-e26db13a9660555448acb7591f382b480b0252d19e3ad6c6678ba5e1f03d6458
0.4403896107170242,0.3993177043243451,0.16,0.24999998297010265,0.975177304964539,1.0,0.625,1,CyberVolk-e26db13a9660555448acb7591f382b480b0252d19e3ad6c6678ba5e1f03d6458
0.4553884431277716,0.3993177043243451,0.16,0.2482269352443342,0.9753521126760564,1.0,0.625,1,CyberVolk-e26db13a9660555448acb7591f382b480b0252d19e3ad6c6678ba5e1f03d6458
0.4403896107170242,0.3993177043243451,0.16,0.24647885999658828,0.9755244755244755,1.0,0.625,1,CyberVolk-e26db13a9660555448acb7591f382b480b0252d19e3ad6c6678ba5e1f03d6458
0.4553884431277716,0.3993177043243451,0.16,0.24475523332924856,0.9756944444444444,1.0,0.625,1,CyberVolk-e26db13a9660555448acb7591f382b480b0252d19e3ad6c6678ba5e1f03d6458
0.4403896107170242,0.3993177043243451,0.16,0.2430555458973959,0.9758620689655172,1.0,0.625,1,CyberVolk-e26db13a9660555448acb7591f382b480b0252d19e3ad6c6678ba5e1f03d6458
0.4553884431277716,0.3627278426585051,0.16,0.24137930240699168,0.976027397260274,1.0,0.625,1,CyberVolk-e26db13a9660555448acb7591f382b480b0252d19e3ad6c6678ba5e1f03d6458
0.4403896107170242,0.37007832505797084,0.16,0.23972602113368358,0.9761904761904762,1.0,0.625,1,CyberVolk-e26db13a9660555448acb7591f382b480b0252d19e3ad6c6678ba5e1f03d6458
0.4553884431277716,0.3693685105648513,0.16,0.2380952334612522,0.9763513513513513,1.0,0.625,1,CyberVolk-e26db13a9660555448acb7591f382b480b0252d19e3ad6c6678ba5e1f03d6458
0.4403896107170242,0.37007832505797084,0.16,0.23648648343876913,0.9765100671140939,1.0,0.625,1,CyberVolk-e26db13a9660555448acb7591f382b480b0252d19e3ad6c6678ba5e1f03d6458
0.4553884431277716,0.3693685105648513,0.16,0.23489932735558755,0.9766666666666667,1.0,0.625,1,CyberVolk-e26db13a9660555448acb7591f382b480b0252d19e3ad6c6678ba5e1f03d6458
0.4403896107170242,0.37007832505797084,0.16,0.23333333333333334,0.9768211920529801,1.0,0.625,1,CyberVolk-e26db13a9660555448acb7591f382b480b0252d19e3ad6c6678ba5e1f03d6458
0.4553884431277716,0.3693685105648513,0.16,0.23178808093410824,0.9769736842105263,1.0,0.625,1,CyberVolk-e26db13a9660555448acb7591f382b480b0252d19e3ad6c6678ba5e1f03d6458
0.4403896107170242,0.37007832505797084,0.16,0.2302631607841587,0.9771241830065359,1.0,0.625,1,CyberVolk-e26db13a9660555448acb7591f382b480b0252d19e3ad6c6678ba5e1f03d6458
0.4553884431277716,0.3693685105648513,0.16,0.22875817421230318,0.9772727272727273,1.0,0.625,1,CyberVolk-e26db13a9660555448acb7591f382b480b0252d19e3ad6c6678ba5e1f03d6458
0.4403896107170242,0.37007832505797084,0.16,0.22727273290244593,0.9774193548387097,1.0,0.625,1,CyberVolk-e26db13a9660555448acb7591f382b480b0252d19e3ad6c6678ba5e1f03d6458
0.4553884431277716,0.3693685105648513,0.16,0.2258064585595426,0.9775641025641025,1.0,0.625,1,CyberVolk-e26db13a9660555448acb7591f382b480b0252d19e3ad6c6678ba5e1f03d6458
0.4403896107170242,0.37007832505797084,0.16,0.22435898258841278,0.9777070063694268,1.0,0.625,1,CyberVolk-e26db13a9660555448acb7591f382b480b0252d19e3ad6c6678ba5e1f03d6458
0.4553884431277716,0.3693685105648513,0.16,0.22292994578482767,0.9778481012658228,1.0,0.625,1,CyberVolk-e26db13a9660555448acb7591f382b480b0252d19e3ad6c6678ba5e1f03d6458
0.4403896107170242,0.37007832505797084,0.16,0.22151899803832803,0.9779874213836478,1.0,0.625,1,CyberVolk-e26db13a9660555448acb7591f382b480b0252d19e3ad6c6678ba5e1f03d6458
0.4553884431277716,0.3693685105648513,0.16,0.22012579804625712,0.978125,1.0,0.625,1,CyberVolk-e26db13a9660555448acb7591f382b480b0252d19e3ad6c6678ba5e1f03d6458
0.4403896107170242,0.37007832505797084,0.16,0.21875001303851685,0.9782608695652174,1.0,0.625,1,CyberVolk-e26db13a9660555448acb7591f382b480b0252d19e3ad6c6678ba5e1f03d6458
0.4553884431277716,0.3693685105648513,0.16,0.21739131851258192,0.9783950617283951,1.0,0.625,1,CyberVolk-e26db13a9660555448acb7591f382b480b0252d19e3ad6c6678ba5e1f03d6458
0.4403896107170242,0.37007832505797084,0.16,0.21604939797832806,0.9785276073619632,1.0,0.625,1,CyberVolk-e26db13a9660555448acb7591f382b480b0252d19e3ad6c6678ba5e1f03d6458
0.4553884431277716,0.3693685105648513,0.16,0.21472391130478435,0.9786585365853658,1.0,0.625,1,CyberVolk-e26db13a9660555448acb7591f382b480b0252d19e3ad6c6678ba5e1f03d6458
0.4403896107170242,0.37007832505797084,0.16,0.21341462049507035,0.9787878787878788,1.0,0.625,1,CyberVolk-e26db13a9660555448acb7591f382b480b0252d19e3ad6c6678ba5e1f03d6458
0.4553884431277716,0.3376087115438894,0.16,0.21212119986093697,0.9789156626506024,1.0,0.625,1,CyberVolk-e26db13a9660555448acb7591f382b480b0252d19e3ad6c6678ba5e1f03d6458
0.4403896107170242,0.34907942031056216,0.16,0.2108433625922705,0.9790419161676647,1.0,0.625,1,CyberVolk-e26db13a9660555448acb7591f382b480b0252d19e3ad6c6678ba5e1f03d6458
0.4553884431277716,0.34907942031056216,0.16,0.20958082874865372,0.9791666666666666,1.0,0.625,1,CyberVolk-e26db13a9660555448acb7591f382b480b0252d19e3ad6c6678ba5e1f03d6458
0.4403896107170242,0.34907942031056216,0.16,0.20833332505491078,0.9792899408284024,1.0,0.625,1,CyberVolk-e26db13a9660555448acb7591f382b480b0252d19e3ad6c6678ba5e1f03d6458
0.4553884431277716,0.34907942031056216,0.16,0.20710058470391096,0.9794117647058823,1.0,0.625,1,CyberVolk-e26db13a9660555448acb7591f382b480b0252d19e3ad6c6678ba5e1f03d6458
0.4403896107170242,0.34907942031056216,0.16,0.20588234716633216,0.97953216374269,1.0,0.625,1,CyberVolk-e26db13a9660555448acb7591f382b480b0252d19e3ad6c6678ba5e1f03d6458
0.4553884431277716,0.34907942031056216,0.16,0.20467835800709958,0.9796511627906976,1.0,0.625,1,CyberVolk-e26db13a9660555448acb7591f382b480b0252d19e3ad6c6678ba5e1f03d6458
0.4403896107170242,0.34907942031056216,0.16,0.20348836870822734,0.9797687861271677,1.0,0.625,1,CyberVolk-e26db13a9660555448acb7591f382b480b0252d19e3ad6c6678ba5e1f03d6458
0.4553884431277716,0.34907942031056216,0.16,0.20231213649780475,0.9798850574712644,1.0,0.625,1,CyberVolk-e26db13a9660555448acb7591f382b480b0252d19e3ad6c6678ba5e1f03d6458
0.4403896107170242,0.34907942031056216,0.16,0.20114942418487908,0.98,1.0,0.625,1,CyberVolk-e26db13a9660555448acb7591f382b480b0252d19e3ad6c6678ba5e1f03d6458
0.4553884431277716,0.34907942031056216,0.16,0.2,0.9801136363636364,1.0,0.625,1,CyberVolk-e26db13a9660555448acb7591f382b480b0252d19e3ad6c6678ba5e1f03d6458
0.4403896107170242,0.34907942031056216,0.16,0.19886363744119967,0.980225988700565,1.0,0.625,1,CyberVolk-e26db13a9660555448acb7591f382b480b0252d19e3ad6c6678ba5e1f03d6458
0.4553884431277716,0.34907942031056216,0.16,0.19774011512519402,0.9803370786516854,1.0,0.625,1,CyberVolk-e26db13a9660555448acb7591f382b480b0252d19e3ad6c6678ba5e1f03d6458
0.4403896107170242,0.34907942031056216,0.16,0.19662921664359945,0.9804469273743017,1.0,0.625,1,CyberVolk-e26db13a9660555448acb7591f382b480b0252d19e3ad6c6678ba5e1f03d6458
0.4553884431277716,0.34907942031056216,0.16,0.1955307304239695,0.9805555555555555,1.0,0.625,1,CyberVolk-e26db13a9660555448acb7591f382b480b0252d19e3ad6c6678ba5e1f03d6458
0.4403896107170242,0.34907942031056216,0.16,0.19444444959546328,0.9806629834254144,1.0,0.625,1,CyberVolk-e26db13a9660555448acb7591f382b480b0252d19e3ad6c6678ba5e1f03d6458
0.4553884431277716,0.34907942031056216,0.16,0.19337017185896685,0.9807692307692307,1.0,0.625,1,CyberVolk-e26db13a9660555448acb7591f382b480b0252d19e3ad6c6678ba5e1f03d6458
0.4403896107170242,0.34907942031056216,0.16,0.19230769936149666,0.9808743169398907,1.0,0.625,1,CyberVolk-e26db13a9660555448acb7591f382b480b0252d19e3ad6c6678ba5e1f03d6458
0.4553884431277716,0.34907942031056216,0.16,0.19125683857472064,0.9809782608695652,1.0,0.625,1,CyberVolk-e26db13a9660555448acb7591f382b480b0252d19e3ad6c6678ba5e1f03d6458
0.4403896107170242,0.34907942031056216,0.16,0.19021740017744043,0.981081081081081,1.0,0.625,1,CyberVolk-e26db13a9660555448acb7591f382b480b0252d19e3ad6c6678ba5e1f03d6458
0.4553884431277716,0.34907942031056216,0.16,0.1891891989418854,0.9811827956989247,1.0,0.625,1,CyberVolk-e26db13a9660555448acb7591f382b480b0252d19e3ad6c6678ba5e1f03d6458
0.4403896107170242,0.34907942031056216,0.16,0.1881720536236742,0.9812834224598931,1.0,0.625,1,CyberVolk-e26db13a9660555448acb7591f382b480b0252d19e3ad6c6678ba5e1f03d6458
0.4553884431277716,0.34907942031056216,0.16,0.18716578685530721,0.9813829787234043,1.0,0.625,1,CyberVolk-e26db13a9660555448acb7591f382b480b0252d19e3ad6c6678ba5e1f03d6458
0.4403896107170242,0.34907942031056216,0.16,0.18617020143325066,0.9814814814814815,1.0,0.625,1,CyberVolk-e26db13a9660555448acb7591f382b480b0252d19e3ad6c6678ba5e1f03d6458
0.4553884431277716,0.34907942031056216,0.16,0.18518517490650901,0.9815789473684211,1.0,0.625,1,CyberVolk-e26db13a9660555448acb7591f382b480b0252d19e3ad6c6678ba5e1f03d6458
0.4403896107170242,0.34907942031056216,0.16,0.18421051706964003,0.981675392670157,1.0,0.625,1,CyberVolk-e26db13a9660555448acb7591f382b480b0252d19e3ad6c6678ba5e1f03d6458
0.4553884431277716,0.34907942031056216,0.16,0.1832460650638032,0.9817708333333334,1.0,0.625,1,CyberVolk-e26db13a9660555448acb7591f382b480b0252d19e3ad6c6678ba5e1f03d6458
0.4403896107170242,0.34907942031056216,0.16,0.18229165942304693,0.9818652849740933,1.0,0.625,1,CyberVolk-e26db13a9660555448acb7591f382b480b0252d19e3ad6c6678ba5e1f03d6458
0.4553884431277716,0.34907942031056216,0.16,0.1813471439864104,0.9819587628865979,1.0,0.625,1,CyberVolk-e26db13a9660555448acb7591f382b480b0252d19e3ad6c6678ba5e1f03d6458
0.4403896107170242,0.34907942031056216,0.16,0.18041236581274311,0.982051282051282,1.0,0.625,1,CyberVolk-e26db13a9660555448acb7591f382b480b0252d19e3ad6c6678ba5e1f03d6458
0.4553884431277716,0.34907942031056216,0.16,0.1794871750981459,0.9821428571428571,1.0,0.625,1,CyberVolk-e26db13a9660555448acb7591f382b480b0252d19e3ad6c6678ba5e1f03d6458
0.4403896107170242,0.34907942031056216,0.16,0.17857142509593915,0.9822335025380711,1.0,0.625,1,CyberVolk-e26db13a9660555448acb7591f382b480b0252d19e3ad6c6678ba5e1f03d6458
0.4553884431277716,0.34907942031056216,0.16,0.17766497203906823,0.9823232323232324,1.0,0.625,1,CyberVolk-e26db13a9660555448acb7591f382b480b0252d19e3ad6c6678ba5e1f03d6458
0.4403896107170242,0.34907942031056216,0.16,0.17676767506486069,0.9824120603015075,1.0,0.625,1,CyberVolk-e26db13a9660555448acb7591f382b480b0252d19e3ad6c6678ba5e1f03d6458
0.4553884431277716,0.34907942031056216,0.16,0.17587939614205195,0.9825,1.0,0.625,1,CyberVolk-e26db13a9660555448acb7591f382b480b0252d19e3ad6c6678ba5e1f03d6458
0.4403896107170242,0.34907942031056216,0.16,0.175,0.9825870646766169,1.0,0.625,1,CyberVolk-e26db13a9660555448acb7591f382b480b0252d19e3ad6c6678ba5e1f03d6458
0.4553884431277716,0.34907942031056216,0.16,0.1741293540600134,0.9826732673267327,1.0,0.625,1,CyberVolk-e26db13a9660555448acb7591f382b480b0252d19e3ad6c6678ba5e1f03d6458
0.4403896107170242,0.34907942031056216,0.16,0.17326732836871883,0.9827586206896551,1.0,0.625,1,CyberVolk-e26db13a9660555448acb7591f382b480b0252d19e3ad6c6678ba5e1f03d6458
0.4553884431277716,0.34907942031056216,0.16,0.17241379553339814,0.9828431372549019,1.0,0.625,1,CyberVolk-e26db13a9660555448acb7591f382b480b0252d19e3ad6c6678ba5e1f03d6458
0.4403896107170242,0.34907942031056216,0.16,0.1715686306592274,0.9829268292682927,1.0,0.625,1,CyberVolk-e26db13a9660555448acb7591f382b480b0252d19e3ad6c6678ba5e1f03d6458
0.4553884431277716,0.34907942031056216,0.16,0.17073171128835238,0.9830097087378641,1.0,0.625,1,CyberVolk-e26db13a9660555448acb7591f382b480b0252d19e3ad6c6678ba5e1f03d6458
0.4403896107170242,0.34907942031056216,0.16,0.16990291734073928,0.9830917874396136,1.0,0.625,1,CyberVolk-e26db13a9660555448acb7591f382b480b0252d19e3ad6c6678ba5e1f03d6458
0.4553884431277716,0.34907942031056216,0.16,0.16908213105673914,0.9831730769230769,1.0,0.625,1,CyberVolk-e26db13a9660555448acb7591f382b480b0252d19e3ad6c6678ba5e1f03d6458
0.4403896107170242,0.34907942031056216,0.16,0.1682692369413096,0.9832535885167464,1.0,0.625,1,CyberVolk-e26db13a9660555448acb7591f382b480b0252d19e3ad6c6678ba5e1f03d6458
0.4553884431277716,0.34907942031056216,0.16,0.16746412170983774,0.9833333333333333,1.0,0.625,1,CyberVolk-e26db13a9660555448acb7591f382b480b0252d19e3ad6c6678ba5e1f03d6458
0.4403896107170242,0.34907942031056216,0.16,0.1666666742355108,0.9834123222748815,1.0,0.625,1,CyberVolk-e26db13a9660555448acb7591f382b480b0252d19e3ad6c6678ba5e1f03d6458
0.4553884431277716,0.34907942031056216,0.16,0.16587678549818358,0.9834905660377359,1.0,0.625,1,CyberVolk-e26db13a9660555448acb7591f382b480b0252d19e3ad6c6678ba5e1f03d6458
0.4403896107170242,0.34907942031056216,0.16,0.16509434853469282,0.9835680751173709,1.0,0.625,1,CyberVolk-e26db13a9660555448acb7591f382b480b0252d19e3ad6c6678ba5e1f03d6458
0.4553884431277716,0.34907942031056216,0.16,0.16431923999772552,0.9836448598130841,1.0,0.625,1,CyberVolk-e26db13a9660555448acb7591f382b480b0252d19e3ad6c6678ba5e1f03d6458
0.4403896107170242,0.34907942031056216,0.16,0.16355139385176448,0.9837209302325581,1.0,0.625,1,CyberVolk-e26db13a9660555448acb7591f382b480b0252d19e3ad6c6678ba5e1f03d6458
0.4553884431277716,0.34907942031056216,0.16,0.1627906904535209,0.9837962962962963,1.0,0.625,1,CyberVolk-e26db13a9660555448acb7591f382b480b0252d19e3ad6c6678ba5e1f03d6458
0.4403896107170242,0.34907942031056216,0.16,0.16203703059826394,0.9838709677419355,1.0,0.625,1,CyberVolk-e26db13a9660555448acb7591f382b480b0252d19e3ad6c6678ba5e1f03d6458
0.4553884431277716,0.34907942031056216,0.16,0.16129031690991952,0.9839449541284404,1.0,0.625,1,CyberVolk-e26db13a9660555448acb7591f382b480b0252d19e3ad6c6678ba5e1f03d6458
0.4403896107170242,0.34907942031056216,0.16,0.16055045379912886,0.9840182648401826,1.0,0.625,1,CyberVolk-e26db13a9660555448acb7591f382b480b0252d19e3ad6c6678ba5e1f03d6458
0.4553884431277716,0.34907942031056216,0.16,0.15981734742245574,0.9840909090909091,1.0,0.625,1,CyberVolk-e26db13a9660555448acb7591f382b480b0252d19e3ad6c6678ba5e1f03d6458
0.4403896107170242,0.34907942031056216,0.16,0.1590909056427066,0.9841628959276019,1.0,0.625,1,CyberVolk-e26db13a9660555448acb7591f382b480b0252d19e3ad6c6678ba5e1f03d6458
0.4553884431277716,0.34907942031056216,0.16,0.15837103799032776,0.9842342342342343,1.0,0.625,1,CyberVolk-e26db13a9660555448acb7591f382b480b0252d19e3ad6c6678ba5e1f03d6458
0.4403896107170242,0.34907942031056216,0.16,0.15765765562584608,0.984304932735426,1.0,0.625,1,CyberVolk-e26db13a9660555448acb7591f382b480b0252d19e3ad6c6678ba5e1f03d6458
0.4553884431277716,0.34907942031056216,0.16,0.15695067130331997,0.984375,1.0,0.625,1,CyberVolk-e26db13a9660555448acb7591f382b480b0252d19e3ad6c6678ba5e1f03d6458
0.4403896107170242,0.34907942031056216,0.16,0.1562499993347696,0.9844444444444445,1.0,0.625,1,CyberVolk-e26db13a9660555448acb7591f382b480b0252d19e3ad6c6678ba5e1f03d6458
0.4553884431277716,0.34907942031056216,0.16,0.15555555555555556,0.9845132743362832,1.0,0.625,1,CyberVolk-e26db13a9660555448acb7591f382b480b0252d19e3ad6c6678ba5e1f03d6458
0.4403896107170242,0.34907942031056216,0.16,0.15486725729067666,0.9845814977973568,1.0,0.625,1,CyberVolk-e26db13a9660555448acb7591f382b480b0252d19e3ad6c6678ba5e1f03d6458
0.4553884431277716,0.34907942031056216,0.16,0.15418502332195855,0.9846491228070176,1.0,0.625,1,CyberVolk-e26db13a9660555448acb7591f382b480b0252d19e3ad6c6678ba5e1f03d6458
0.4403896107170242,0.34907942031056216,0.16,0.1535087738561058,0.9847161572052402,1.0,0.625,1,CyberVolk-e26db13a9660555448acb7591f382b480b0252d19e3ad6c6678ba5e1f03d6458
0.4553884431277716,0.34907942031056216,0.16,0.15283843049359103,0.9847826086956522,1.0,0.625,1,CyberVolk-e26db13a9660555448acb7591f382b480b0252d19e3ad6c6678ba5e1f03d6458
0.4403896107170242,0.34907942031056216,0.16,0.15217391619835557,0.9848484848484849,1.0,0.625,1,CyberVolk-e26db13a9660555448acb7591f382b480b0252d19e3ad6c6678ba5e1f03d6458
0.4553884431277716,0.34907942031056216,0.16,0.15151515526829729,0.9849137931034483,1.0,0.625,1,CyberVolk-e26db13a9660555448acb7591f382b480b0252d19e3ad6c6678ba5e1f03d6458
0.4403896107170242,0.34907942031056216,0.16,0.15086207330652152,0.9849785407725322,1.0,0.625,1,CyberVolk-e26db13a9660555448acb7591f382b480b0252d19e3ad6c6678ba5e1f03d6458
0.4553884431277716,0.34907942031056216,0.16,0.1502145971933323,0.9850427350427351,1.0,0.625,1,CyberVolk-e26db13a9660555448acb7591f382b480b0252d19e3ad6c6678ba5e1f03d6458
0.4403896107170242,0.34907942031056216,0.16,0.14957265505894185,0.9851063829787234,1.0,0.625,1,CyberVolk-e26db13a9660555448acb7591f382b480b0252d19e3ad6c6678ba5e1f03d6458
0.4553884431277716,0.34907942031056216,0.16,0.14893617625687686,0.9851694915254238,1.0,0.625,1,CyberVolk-e26db13a9660555448acb7591f382b480b0252d19e3ad6c6678ba5e1f03d6458
0.4403896107170242,0.34907942031056216,0.16,0.1483050913380607,0.9852320675105485,1.0,0.625,1,CyberVolk-e26db13a9660555448acb7591f382b480b0252d19e3ad6c6678ba5e1f03d6458
0.4553884431277716,0.34907942031056216,0.16,0.14767933202555203,0.9852941176470589,1.0,0.625,1,CyberVolk-e26db13a9660555448acb7591f382b480b0252d19e3ad6c6678ba5e1f03d6458
0.4403896107170242,0.34907942031056216,0.16,0.14705881645817398,0.9853556485355649,1.0,0.625,1,CyberVolk-e26db13a9660555448acb7591f382b480b0252d19e3ad6c6678ba5e1f03d6458
0.4553884431277716,0.34907942031056216,0.16,0.1464435082165124,0.9854166666666667,1.0,0.625,1,CyberVolk-e26db13a9660555448acb7591f382b480b0252d19e3ad6c6678ba5e1f03d6458
0.4403896107170242,0.34907942031056216,0.16,0.14583332753843753,0.9854771784232366,1.0,0.625,1,CyberVolk-e26db13a9660555448acb7591f382b480b0252d19e3ad6c6678ba5e1f03d6458
0.4553884431277716,0.34907942031056216,0.16,0.1452282105954202,0.9855371900826446,1.0,0.625,1,CyberVolk-e26db13a9660555448acb7591f382b480b0252d19e3ad6c6678ba5e1f03d6458
0.4403896107170242,0.34907942031056216,0.16,0.14462809461394713,0.98559670781893,1.0,0.625,1,CyberVolk-e26db13a9660555448acb7591f382b480b0252d19e3ad6c6678ba5e1f03d6458
0.4553884431277716,0.34907942031056216,0.16,0.14403291785381292,0.985655737704918,1.0,0.625,1,CyberVolk-e26db13a9660555448acb7591f382b480b0252d19e3ad6c6678ba5e1f03d6458
0.4403896107170242,0.34907942031056216,0.16,0.14344261958694568,0.9857142857142858,1.0,0.625,1,CyberVolk-e26db13a9660555448acb7591f382b480b0252d19e3ad6c6678ba5e1f03d6458
0.4553884431277716,0.34907942031056216,0.16,0.14285714007675132,0.9857723577235772,1.0,0.625,1,CyberVolk-e26db13a9660555448acb7591f382b480b0252d19e3ad6c6678ba5e1f03d6458
0.4403896107170242,0.34907942031056216,0.16,0.1422764205579615,0.9858299595141701,1.0,0.625,1,CyberVolk-e26db13a9660555448acb7591f382b480b0252d19e3ad6c6678ba5e1f03d6458
0.4553884431277716,0.34907942031056216,0.16,0.14170040321697125,0.9858870967741935,1.0,0.625,1,CyberVolk-e26db13a9660555448acb7591f382b480b0252d19e3ad6c6678ba5e1f03d6458
0.4403896107170242,0.34907942031056216,0.16,0.14112903117265216,0.9859437751004017,1.0,0.625,1,CyberVolk-e26db13a9660555448acb7591f382b480b0252d19e3ad6c6678ba5e1f03d6458
0.4553884431277716,0.34907942031056216,0.16,0.14056224845762808,0.986,1.0,0.625,1,CyberVolk-e26db13a9660555448acb7591f382b480b0252d19e3ad6c6678ba5e1f03d6458
0.4403896107170242,0.34907942031056216,0.16,0.13999999999999999,0.9860557768924303,1.0,0.625,1,CyberVolk-e26db13a9660555448acb7591f382b480b0252d19e3ad6c6678ba5e1f03d6458
0.4553884431277716,0.34907942031056216,0.16,0.13944223160550787,0.9861111111111112,1.0,0.625,1,CyberVolk-e26db13a9660555448acb7591f382b480b0252d19e3ad6c6678ba5e1f03d6458
0.4403896107170242,0.34907942031056216,0.16,0.13888888994011722,0.9861660079051383,1.0,0.625,1,CyberVolk-e26db13a9660555448acb7591f382b480b0252d19e3ad6c6678ba5e1f03d6458
0.4553884431277716,0.34907942031056216,0.16,0.13833992251301855,0.9862204724409449,1.0,0.625,1,CyberVolk-e26db13a9660555448acb7591f382b480b0252d19e3ad6c6678ba5e1f03d6458
0.4403896107170242,0.34907942031056216,0.16,0.1377952776600286,0.9862745098039216,1.0,0.625,1,CyberVolk-e26db13a9660555448acb7591f382b480b0252d19e3ad6c6678ba5e1f03d6458
0.4553884431277716,0.34907942031056216,0.16,0.13725490452738193,0.986328125,1.0,0.625,1,CyberVolk-e26db13a9660555448acb7591f382b480b0252d19e3ad6c6678ba5e1f03d6458
0.4403896107170242,0.34907942031056216,0.16,0.13671875305590225,0.9863813229571985,1.0,0.625,1,CyberVolk-e26db13a9660555448acb7591f382b480b0252d19e3ad6c6678ba5e1f03d6458
0.4553884431277716,0.34907942031056216,0.16,0.13618677396554396,0.9864341085271318,1.0,0.625,1,CyberVolk-e26db13a9660555448acb7591f382b480b0252d19e3ad6c6678ba5e1f03d6458
0.4403896107170242,0.34907942031056216,0.16,0.1356589187402923,0.9864864864864865,1.0,0.625,1,CyberVolk-e26db13a9660555448acb7591f382b480b0252d19e3ad6c6678ba5e1f03d6458
0.4553884431277716,0.34907942031056216,0.16,0.13513513961341392,0.9865384615384616,1.0,0.625,1,CyberVolk-e26db13a9660555448acb7591f382b480b0252d19e3ad6c6678ba5e1f03d6458
0.4403896107170242,0.34907942031056216,0.16,0.1346153895530477,0.9865900383141762,1.0,0.625,1,CyberVolk-e26db13a9660555448acb7591f382b480b0252d19e3ad6c6678ba5e1f03d6458
0.4553884431277716,0.34907942031056216,0.16,0.13409962224812652,0.9866412213740458,1.0,0.625,1,CyberVolk-e26db13a9660555448acb7591f382b480b0252d19e3ad6c6678ba5e1f03d6458
0.4403896107170242,0.34907942031056216,0.16,0.13358779209462196,0.9866920152091255,1.0,0.625,1,CyberVolk-e26db13a9660555448acb7591f382b480b0252d19e3ad6c6678ba5e1f03d6458
0.4553884431277716,0.34907942031056216,0.16,0.13307984211795465,0.9867424242424242,1.0,0.625,1,CyberVolk-e26db13a9660555448acb7591f382b480b0252d19e3ad6c6678ba5e1f03d6458
0.4403896107170242,0.34907942031056216,0.16,0.1325757523076705,0.9867924528301887,1.0,0.625,1,CyberVolk-e26db13a9660555448acb7591f382b480b0252d19e3ad6c6678ba5e1f03d6458
0.4553884431277716,0.34907942031056216,0.16,0.1320754669450196,0.9868421052631579,1.0,0.625,1,CyberVolk-e26db13a9660555448acb7591f382b480b0252d19e3ad6c6678ba5e1f03d6458
0.4403896107170242,0.34907942031056216,0.16,0.13157894312274013,0.9868913857677902,1.0,0.625,1,CyberVolk-e26db13a9660555448acb7591f382b480b0252d19e3ad6c6678ba5e1f03d6458
0.4553884431277716,0.34907942031056216,0.16,0.13108613857637502,0.9869402985074627,1.0,0.625,1,CyberVolk-e26db13a9660555448acb7591f382b480b0252d19e3ad6c6678ba5e1f03d6458
0.4403896107170242,0.34907942031056216,0.16,0.13059701167227944,0.9869888475836431,1.0,0.625,1,CyberVolk-e26db13a9660555448acb7591f382b480b0252d19e3ad6c6678ba5e1f03d6458
0.4553884431277716,0.34907942031056216,0.16,0.13011152139589555,0.987037037037037,1.0,0.625,1,CyberVolk-e26db13a9660555448acb7591f382b480b0252d19e3ad6c6678ba5e1f03d6458
0.4403896107170242,0.34907942031056216,0.16,0.12962962734028802,0.9870848708487084,1.0,0.625,1,CyberVolk-e26db13a9660555448acb7591f382b480b0252d19e3ad6c6678ba5e1f03d6458
0.4553884431277716,0.34907942031056216,0.16,0.12915128969493334,0.9871323529411765,1.0,0.625,1,CyberVolk-e26db13a9660555448acb7591f382b480b0252d19e3ad6c6678ba5e1f03d6458
0.4403896107170242,0.34907942031056216,0.16,0.12867646923475612,0.9871794871794872,1.0,0.625,1,CyberVolk-e26db13a9660555448acb7591f382b480b0252d19e3ad6c6678ba5e1f03d6458
0.4553884431277716,0.34907942031056216,0.16,0.12820512730940706,0.9872262773722628,1.0,0.625,1,CyberVolk-e26db13a9660555448acb7591f382b480b0252d19e3ad6c6678ba5e1f03d6458
0.4403896107170242,0.34907942031056216,0.16,0.12773722583277478,0.9872727272727273,1.0,0.625,1,CyberVolk-e26db13a9660555448acb7591f382b480b0252d19e3ad6c6678ba5e1f03d6458
0.4553884431277716,0.34907942031056216,0.16,0.12727272727272726,0.9873188405797102,1.0,0.625,1,CyberVolk-e26db13a9660555448acb7591f382b480b0252d19e3ad6c6678ba5e1f03d6458
0.4403896107170242,0.34907942031056216,0.16,0.12681159464107594,0.9873646209386282,1.0,0.625,1,CyberVolk-e26db13a9660555448acb7591f382b480b0252d19e3ad6c6678ba5e1f03d6458
0.4553884431277716,0.34907942031056216,0.16,0.12635379148375717,0.987410071942446,1.0,0.625,1,CyberVolk-e26db13a9660555448acb7591f382b480b0252d19e3ad6c6678ba5e1f03d6458
0.4403896107170242,0.34907942031056216,0.16,0.12589928187122565,0.9874551971326165,1.0,0.625,1,CyberVolk-e26db13a9660555448acb7591f382b480b0252d19e3ad6c6678ba5e1f03d6458
0.4553884431277716,0.34907942031056216,0.16,0.1254480303890547,0.9875,1.0,0.625,1,CyberVolk-e26db13a9660555448acb7591f382b480b0252d19e3ad6c6678ba5e1f03d6458
0.4403896107170242,0.34907942031056216,0.16,0.12500000212873735,0.9875444839857651,1.0,0.625,1,CyberVolk-e26db13a9660555448acb7591f382b480b0252d19e3ad6c6678ba5e1f03d6458
0.4553884431277716,0.34907942031056216,0.16,0.12455516267868454,0.9875886524822695,1.0,0.625,1,CyberVolk-e26db13a9660555448acb7591f382b480b0252d19e3ad6c6678ba5e1f03d6458
0.4403896107170242,0.34907942031056216,0.16,0.12411347811541437,0.9876325088339223,1.0,0.625,1,CyberVolk-e26db13a9660555448acb7591f382b480b0252d19e3ad6c6678ba5e1f03d6458
0.4553884431277716,0.34907942031056216,0.16,0.12367491499492833,0.9876760563380281,1.0,0.625,1,CyberVolk-e26db13a9660555448acb7591f382b480b0252d19e3ad6c6678ba5e1f03d6458
0.4403896107170242,0.34907942031056216,0.16,0.12323944034426973,0.987719298245614,1.0,0.625,1,CyberVolk-e26db13a9660555448acb7591f382b480b0252d19e3ad6c6678ba5e1f03d6458
0.4553884431277716,0.34907942031056216,0.16,0.12280702165325974,0.9877622377622378,1.0,0.625,1,CyberVolk-e26db13a9660555448acb7591f382b480b0252d19e3ad6c6678ba5e1f03d6458
0.4403896107170242,0.34907942031056216,0.16,0.12237762686640699,0.9878048780487805,1.0,0.625,1,CyberVolk-e26db13a9660555448acb7591f382b480b0252d19e3ad6c6678ba5e1f03d6458
0.4553884431277716,0.34907942031056216,0.16,0.1219512243749861,0.9878472222222222,1.0,0.625,1,CyberVolk-e26db13a9660555448acb7591f382b480b0252d19e3ad6c6678ba5e1f03d6458
0.4403896107170242,0.34907942031056216,0.16,0.12152777294869795,0.9878892733564014,1.0,0.625,1,CyberVolk-e26db13a9660555448acb7591f382b480b0252d19e3ad6c6678ba5e1f03d6458
0.4553884431277716,0.34907942031056216,0.16,0.12110726203991093,0.9879310344827587,1.0,0.625,1,CyberVolk-e26db13a9660555448acb7591f382b480b0252d19e3ad6c6678ba5e1f03d6458
0.4403896107170242,0.34907942031056216,0.16,0.12068965120349584,0.9879725085910653,1.0,0.625,1,CyberVolk-e26db13a9660555448acb7591f382b480b0252d19e3ad6c6678ba5e1f03d6458
0.4553884431277716,0.34907942031056216,0.16,0.12027491054182873,0.988013698630137,1.0,0.625,1,CyberVolk-e26db13a9660555448acb7591f382b480b0252d19e3ad6c6678ba5e1f03d6458
0.4403896107170242,0.34907942031056216,0.16,0.11986301056684179,0.9880546075085325,1.0,0.625,1,CyberVolk-e26db13a9660555448acb7591f382b480b0252d19e3ad6c6678ba5e1f03d6458
0.4553884431277716,0.34907942031056216,0.16,0.11945392219303426,0.9880952380952381,1.0,0.625,1,CyberVolk-e26db13a9660555448acb7591f382b480b0252d19e3ad6c6678ba5e1f03d6458
0.4403896107170242,0.34907942031056216,0.16,0.1190476167306261,0.988135593220339,1.0,0.625,1,CyberVolk-e26db13a9660555448acb7591f382b480b0252d19e3ad6c6678ba5e1f03d6458
0.4553884431277716,0.34907942031056216,0.16,0.11864406587885087,0.9881756756756757,1.0,0.625,1,CyberVolk-e26db13a9660555448acb7591f382b480b0252d19e3ad6c6678ba5e1f03d6458
0.4403896107170242,0.34907942031056216,0.16,0.11824324171938456,0.9882154882154882,1.0,0.625,1,CyberVolk-e26db13a9660555448acb7591f382b480b0252d19e3ad6c6678ba5e1f03d6458
0.4553884431277716,0.34907942031056216,0.16,0.11784511670990712,0.988255033557047,1.0,0.625,1,CyberVolk-e26db13a9660555448acb7591f382b480b0252d19e3ad6c6678ba5e1f03d6458
0.4403896107170242,0.34907942031056216,0.16,0.11744966367779378,0.9882943143812709,1.0,0.625,1,CyberVolk-e26db13a9660555448acb7591f382b480b0252d19e3ad6c6678ba5e1f03d6458
0.4553884431277716,0.34907942031056216,0.16,0.11705685581393273,0.9883333333333333,1.0,0.625,1,CyberVolk-e26db13a9660555448acb7591f382b480b0252d19e3ad6c6678ba5e1f03d6458
0.4403896107170242,0.34907942031056216,0.16,0.11666666666666667,0.9883720930232558,1.0,0.625,1,CyberVolk-e26db13a9660555448acb7591f382b480b0252d19e3ad6c6678ba5e1f03d6458
0.4553884431277716,0.34907942031056216,0.16,0.11627907013585503,0.9884105960264901,1.0,0.625,1,CyberVolk-e26db13a9660555448acb7591f382b480b0252d19e3ad6c6678ba5e1f03d6458
0.4403896107170242,0.34907942031056216,0.16,0.11589404046705412,0.9884488448844885,1.0,0.625,1,CyberVolk-e26db13a9660555448acb7591f382b480b0252d19e3ad6c6678ba5e1f03d6458
0.4553884431277716,0.34907942031056216,0.16,0.11551155224581255,0.9884868421052632,1.0,0.625,1,CyberVolk-e26db13a9660555448acb7591f382b480b0252d19e3ad6c6678ba5e1f03d6458
0.4403896107170242,0.34907942031056216,0.16,0.11513158039207935,0.9885245901639345,1.0,0.625,1,CyberVolk-e26db13a9660555448acb7591f382b480b0252d19e3ad6c6678ba5e1f03d6458
0.4553884431277716,0.34907942031056216,0.16,0.11475410015472194,0.988562091503268,1.0,0.625,1,CyberVolk-e26db13a9660555448acb7591f382b480b0252d19e3ad6c6678ba5e1f03d6458
0.4403896107170242,0.34907942031056216,0.16,0.11437908710615159,0.988599348534202,1.0,0.625,1,CyberVolk-e26db13a9660555448acb7591f382b480b0252d19e3ad6c6678ba5e1f03d6458
0.4553884431277716,0.34907942031056216,0.16,0.11400651713705409,0.9886363636363636,1.0,0.625,1,CyberVolk-e26db13a9660555448acb7591f382b480b0252d19e3ad6c6678ba5e1f03d6458
0.4403896107170242,0.34907942031056216,0.16,0.11363636645122296,0.988673139158576,1.0,0.625,1,CyberVolk-e26db13a9660555448acb7591f382b480b0252d19e3ad6c6678ba5e1f03d6458
0.4553884431277716,0.34907942031056216,0.16,0.11326861156049287,0.9887096774193549,1.0,0.625,1,CyberVolk-e26db13a9660555448acb7591f382b480b0252d19e3ad6c6678ba5e1f03d6458
0.4403896107170242,0.34907942031056216,0.16,0.1129032292797713,0.9887459807073955,1.0,0.625,1,CyberVolk-e26db13a9660555448acb7591f382b480b0252d19e3ad6c6678ba5e1f03d6458
0.4553884431277716,0.34907942031056216,0.16,0.11254019672216606,0.9887820512820513,1.0,0.625,1,CyberVolk-e26db13a9660555448acb7591f382b480b0252d19e3ad6c6678ba5e1f03d6458
0.4403896107170242,0.34907942031056216,0.16,0.11217949129420639,0.9888178913738019,1.0,0.625,1,CyberVolk-e26db13a9660555448acb7591f382b480b0252d19e3ad6c6678ba5e1f03d6458
0.4553884431277716,0.34907942031056216,0.16,0.11182108217351205,0.9888535031847133,1.0,0.625,1,CyberVolk-e26db13a9660555448acb7591f382b480b0252d19e3ad6c6678ba5e1f03d6458
0.4403896107170242,0.34907942031056216,0.16,0.11146496442893628,0.9888888888888889,1.0,0.625,1,CyberVolk-e26db13a9660555448acb7591f382b480b0252d19e3ad6c6678ba5e1f03d6458
0.4553884431277716,0.34907942031056216,0.16,0.11111110774718065,0.9889240506329114,1.0,0.625,1,CyberVolk-e26db13a9660555448acb7591f382b480b0252d19e3ad6c6678ba5e1f03d6458
0.4403896107170242,0.34907942031056216,0.16,0.11075949066247996,0.9889589905362776,1.0,0.625,1,CyberVolk-e26db13a9660555448acb7591f382b480b0252d19e3ad6c6678ba5e1f03d6458
0.4553884431277716,0.34907942031056216,0.16,0.11041009197993013,0.9889937106918238,1.0,0.625,1,CyberVolk-e26db13a9660555448acb7591f382b480b0252d19e3ad6c6678ba5e1f03d6458
0.4403896107170242,0.34907942031056216,0.16,0.11006289077122935,0.9890282131661442,1.0,0.625,1,CyberVolk-e26db13a9660555448acb7591f382b480b0252d19e3ad6c6678ba5e1f03d6458
0.4553884431277716,0.34907942031056216,0.16,0.10971786637049948,0.9890625,1.0,0.625,1,CyberVolk-e26db13a9660555448acb7591f382b480b0252d19e3ad6c6678ba5e1f03d6458
0.4403896107170242,0.34907942031056216,0.16,0.10937499837018552,0.9890965732087228,1.0,0.625,1,CyberVolk-e26db13a9660555448acb7591f382b480b0252d19e3ad6c6678ba5e1f03d6458
0.4553884431277716,0.34907942031056216,0.16,0.10903426661703204,0.9891304347826086,1.0,0.625,1,CyberVolk-e26db13a9660555448acb7591f382b480b0252d19e3ad6c6678ba5e1f03d6458
0.4403896107170242,0.34907942031056216,0.16,0.10869565120813432,0.9891640866873065,1.0,0.625,1,CyberVolk-e26db13a9660555448acb7591f382b480b0252d19e3ad6c6678ba5e1f03d6458
0.4553884431277716,0.34907942031056216,0.16,0.10835913248706301,0.9891975308641975,1.0,0.625,1,CyberVolk-e26db13a9660555448acb7591f382b480b0252d19e3ad6c6678ba5e1f03d6458
0.4403896107170242,0.34907942031056216,0.16,0.10802469104006059,0.9892307692307692,1.0,0.625,1,CyberVolk-e26db13a9660555448acb7591f382b480b0252d19e3ad6c6678ba5e1f03d6458
0.4553884431277716,0.34907942031056216,0.16,0.10769230769230768,0.9892638036809815,1.0,0.625,1,CyberVolk-e26db13a9660555448acb7591f382b480b0252d19e3ad6c6678ba5e1f03d6458
0.4403896107170242,0.34907942031056216,0.16,0.10736196350425872,0.9892966360856269,1.0,0.625,1,CyberVolk-e26db13a9660555448acb7591f382b480b0252d19e3ad6c6678ba5e1f03d6458
0.4553884431277716,0.34907942031056216,0.16,0.10703363976804423,0.989329268292683,1.0,0.625,1,CyberVolk-e26db13a9660555448acb7591f382b480b0252d19e3ad6c6678ba5e1f03d6458
0.4403896107170242,0.34907942031056216,0.16,0.10670731800393929,0.9893617021276596,1.0,0.625,1,CyberVolk-e26db13a9660555448acb7591f382b480b0252d19e3ad6c6678ba5e1f03d6458
0.4553884431277716,0.34907942031056216,0.16,0.10638297995689623,0.9893939393939394,1.0,0.625,1,CyberVolk-e26db13a9660555448acb7591f382b480b0252d19e3ad6c6678ba5e1f03d6458
0.4403896107170242,0.34907942031056216,0.16,0.10606060759314058,0.9894259818731118,1.0,0.625,1,CyberVolk-e26db13a9660555448acb7591f382b480b0252d19e3ad6c6678ba5e1f03d6458
0.4553884431277716,0.34907942031056216,0.16,0.10574018309682834,0.9894578313253012,1.0,0.625,1,CyberVolk-e26db13a9660555448acb7591f382b480b0252d19e3ad6c6678ba5e1f03d6458
0.4403896107170242,0.34907942031056216,0.16,0.10542168886676415,0.9894894894894894,1.0,0.625,1,CyberVolk-e26db13a9660555448acb7591f382b480b0252d19e3ad6c6678ba5e1f03d6458
0.4553884431277716,0.34907942031056216,0.16,0.10510510751317818,0.9895209580838323,1.0,0.625,1,CyberVolk-e26db13a9660555448acb7591f382b480b0252d19e3ad6c6678ba5e1f03d6458
0.4403896107170242,0.34907942031056216,0.16,0.10479042185456108,0.9895522388059701,1.0,0.625,1,CyberVolk-e26db13a9660555448acb7591f382b480b0252d19e3ad6c6678ba5e1f03d6458
0.4553884431277716,0.34907942031056216,0.16,0.10447761491455576,0.9895833333333334,1.0,0.625,1,CyberVolk-e26db13a9660555448acb7591f382b480b0252d19e3ad6c6678ba5e1f03d6458
0.4403896107170242,0.34907942031056216,0.16,0.10416666991890433,0.9896142433234422,1.0,0.625,1,CyberVolk-e26db13a9660555448acb7591f382b480b0252d19e3ad6c6678ba5e1f03d6458
0.4553884431277716,0.34907942031056216,0.16,0.10385757029244976,0.9896449704142012,1.0,0.625,1,CyberVolk-e26db13a9660555448acb7591f382b480b0252d19e3ad6c6678ba5e1f03d6458
0.4403896107170242,0.34907942031056216,0.16,0.10355029235195548,0.9896755162241888,1.0,0.625,1,CyberVolk-e26db13a9660555448acb7591f382b480b0252d19e3ad6c6678ba5e1f03d6458
0.4553884431277716,0.34907942031056216,0.16,0.10324483456318165,0.9897058823529412,1.0,0.625,1,CyberVolk-e26db13a9660555448acb7591f382b480b0252d19e3ad6c6678ba5e1f03d6458
0.4403896107170242,0.34907942031056216,0.16,0.10294117358316608,0.9897360703812317,1.0,0.625,1,CyberVolk-e26db13a9660555448acb7591f382b480b0252d19e3ad6c6678ba5e1f03d6458
0.4553884431277716,0.34907942031056216,0.16,0.1026392936042225,0.9897660818713451,1.0,0.625,1,CyberVolk-e26db13a9660555448acb7591f382b480b0252d19e3ad6c6678ba5e1f03d6458
0.4403896107170242,0.34907942031056216,0.16,0.10233917900354979,0.9897959183673469,1.0,0.625,1,CyberVolk-e26db13a9660555448acb7591f382b480b0252d19e3ad6c6678ba5e1f03d6458
0.4553884431277716,0.34907942031056216,0.16,0.10204081434053665,0.9898255813953488,1.0,0.625,1,CyberVolk-e26db13a9660555448acb7591f382b480b0252d19e3ad6c6678ba5e1f03d6458
0.4403896107170242,0.34907942031056216,0.16,0.10174418435411367,0.9898550724637681,1.0,0.625,1,CyberVolk-e26db13a9660555448acb7591f382b480b0252d19e3ad6c6678ba5e1f03d6458
0.4553884431277716,0.34907942031056216,0.16,0.1014492739601512,0.9898843930635838,1.0,0.625,1,CyberVolk-e26db13a9660555448acb7591f382b480b0252d19e3ad6c6678ba5e1f03d6458
0.4403896107170242,0.34907942031056216,0.16,0.10115606824890237,0.9899135446685879,1.0,0.625,1,CyberVolk-e26db13a9660555448acb7591f382b480b0252d19e3ad6c6678ba5e1f03d6458
0.4553884431277716,0.34907942031056216,0.16,0.10086455248249049,0.9899425287356322,1.0,0.625,1,CyberVolk-e26db13a9660555448acb7591f382b480b0252d19e3ad6c6678ba5e1f03d6458
0.4403896107170242,0.34907942031056216,0.16,0.10057471209243954,0.9899713467048711,1.0,0.625,1,CyberVolk-e26db13a9660555448acb7591f382b480b0252d19e3ad6c6678ba5e1f03d6458
0.4553884431277716,0.34907942031056216,0.16,0.1002865326772473,0.99,1.0,0.625,1,CyberVolk-e26db13a9660555448acb7591f382b480b0252d19e3ad6c6678ba5e1f03d6458
0.4403896107170242,0.34907942031056216,0.16,0.1,0.99002849002849,1.0,0.625,1,CyberVolk-e26db13a9660555448acb7591f382b480b0252d19e3ad6c6678ba5e1f03d6458
0.4553884431277716,0.34907942031056216,0.16,0.09971509998602772,0.9900568181818182,1.0,0.625,1,CyberVolk-e26db13a9660555448acb7591f382b480b0252d19e3ad6c6678ba5e1f03d6458
0.4403896107170242,0.34907942031056216,0.16,0.09943181872059983,0.990084985835694,1.0,0.625,1,CyberVolk-e26db13a9660555448acb7591f382b480b0252d19e3ad6c6678ba5e1f03d6458
0.4553884431277716,0.34907942031056216,0.16,0.09915014244665958,0.9901129943502824,1.0,0.625,1,CyberVolk-e26db13a9660555448acb7591f382b480b0252d19e3ad6c6678ba5e1f03d6458
0.4403896107170242,0.34907942031056216,0.16,0.09887005756259701,0.9901408450704225,1.0,0.625,1,CyberVolk-e26db13a9660555448acb7591f382b480b0252d19e3ad6c6678ba5e1f03d6458
0.4553884431277716,0.34907942031056216,0.16,0.09859155062005957,0.9901685393258427,1.0,0.625,1,CyberVolk-e26db13a9660555448acb7591f382b480b0252d19e3ad6c6678ba5e1f03d6458
0.4403896107170242,0.34907942031056216,0.16,0.09831460832179972,0.9901960784313726,1.0,0.625,1,CyberVolk-e26db13a9660555448acb7591f382b480b0252d19e3ad6c6678ba5e1f03d6458
0.4553884431277716,0.34907942031056216,0.16,0.0980392175195585,0.9902234636871509,1.0,0.625,1,CyberVolk-e26db13a9660555448acb7591f382b480b0252d19e3ad6c6678ba5e1f03d6458
0.4403896107170242,0.34907942031056216,0.16,0.09776536521198476,0.9902506963788301,1.0,0.625,1,CyberVolk-e26db13a9660555448acb7591f382b480b0252d19e3ad6c6678ba5e1f03d6458
0.4553884431277716,0.34907942031056216,0.16,0.09749303854258903,0.9902777777777778,1.0,0.625,1,CyberVolk-e26db13a9660555448acb7591f382b480b0252d19e3ad6c6678ba5e1f03d6458
0.4403896107170242,0.34907942031056216,0.16,0.09722222479773164,0.9903047091412742,1.0,0.625,1,CyberVolk-e26db13a9660555448acb7591f382b480b0252d19e3ad6c6678ba5e1f03d6458
0.4553884431277716,0.34907942031056216,0.16,0.0969529114046441,0.9903314917127072,1.0,0.625,1,CyberVolk-e26db13a9660555448acb7591f382b480b0252d19e3ad6c6678ba5e1f03d6458
0.4403896107170242,0.34907942031056216,0.16,0.09668508592948342,0.990358126721763,1.0,0.625,1,CyberVolk-e26db13a9660555448acb7591f382b480b0252d19e3ad6c6678ba5e1f03d6458
0.4553884431277716,0.34907942031056216,0.16,0.09641872974263142,0.9903846153846154,1.0,0.625,1,CyberVolk-e26db13a9660555448acb7591f382b480b0252d19e3ad6c6678ba5e1f03d6458
0.4403896107170242,0.34907942031056216,0.16,0.09615384338270891,0.9904109589041096,1.0,0.625,1,CyberVolk-e26db13a9660555448acb7591f382b480b0252d19e3ad6c6678ba5e1f03d6458
0.4553884431277716,0.34907942031056216,0.16,0.09589040845347344,0.9904371584699454,1.0,0.625,1,CyberVolk-e26db13a9660555448acb7591f382b480b0252d19e3ad6c6678ba5e1f03d6458
0.4403896107170242,0.34907942031056216,0.16,0.0956284130579638,0.9904632152588556,1.0,0.625,1,CyberVolk-e26db13a9660555448acb7591f382b480b0252d19e3ad6c6678ba5e1f03d6458
0.4553884431277716,0.34907942031056216,0.16,0.09536784542888578,0.9904891304347826,1.0,0.625,1,CyberVolk-e26db13a9660555448acb7591f382b480b0252d19e3ad6c6678ba5e1f03d6458
0.4403896107170242,0.34907942031056216,0.16,0.09510869392685047,0.9905149051490515,1.0,0.625,1,CyberVolk-e26db13a9660555448acb7591f382b480b0252d19e3ad6c6678ba5e1f03d6458
0.4553884431277716,0.34907942031056216,0.16,0.094850947038641,0.9905405405405405,1.0,0.625,1,CyberVolk-e26db13a9660555448acb7591f382b480b0252d19e3ad6c6678ba5e1f03d6458
0.4403896107170242,0.34907942031056216,0.16,0.09459459337550766,0.9905660377358491,1.0,0.625,1,CyberVolk-e26db13a9660555448acb7591f382b480b0252d19e3ad6c6678ba5e1f03d6458
0.4553884431277716,0.34907942031056216,0.16,0.0943396216714903,0.9905913978494624,1.0,0.625,1,CyberVolk-e26db13a9660555448acb7591f382b480b0252d19e3ad6c6678ba5e1f03d6458
0.4403896107170242,0.34907942031056216,0.16,0.09408602078176811,0.9906166219839142,1.0,0.625,1,CyberVolk-e26db13a9660555448acb7591f382b480b0252d19e3ad6c6678ba5e1f03d6458
0.4553884431277716,0.34907942031056216,0.16,0.09383377968103557,0.9906417112299465,1.0,0.625,1,CyberVolk-e26db13a9660555448acb7591f382b480b0252d19e3ad6c6678ba5e1f03d6458
0.4403896107170242,0.34907942031056216,0.16,0.09358288746190482,0.9906666666666667,1.0,0.625,1,CyberVolk-e26db13a9660555448acb7591f382b480b0252d19e3ad6c6678ba5e1f03d6458
0.4553884431277716,0.34907942031056216,0.16,0.09333333333333334,0.9906914893617021,1.0,0.625,1,CyberVolk-e26db13a9660555448acb7591f382b480b0252d19e3ad6c6678ba5e1f03d6458
0.4403896107170242,0.34907942031056216,0.16,0.09308510661907679,0.9907161803713528,1.0,0.625,1,CyberVolk-e26db13a9660555448acb7591f382b480b0252d19e3ad6c6678ba5e1f03d6458
0.4553884431277716,0.34907942031056216,0.16,0.0928381967561666,0.9907407407407407,1.0,0.625,1,CyberVolk-e26db13a9660555448acb7591f382b480b0252d19e3ad6c6678ba5e1f03d6458
0.4403896107170242,0.34907942031056216,0.16,0.09259259329341146,0.9907651715039578,1.0,0.625,1,CyberVolk-e26db13a9660555448acb7591f382b480b0252d19e3ad6c6678ba5e1f03d6458
0.4553884431277716,0.34907942031056216,0.16,0.09234828588992283,0.9907894736842106,1.0,0.625,1,CyberVolk-e26db13a9660555448acb7591f382b480b0252d19e3ad6c6678ba5e1f03d6458
0.4403896107170242,0.34907942031056216,0.16,0.09210526431366348,0.9908136482939632,1.0,0.625,1,CyberVolk-e26db13a9660555448acb7591f382b480b0252d19e3ad6c6678ba5e1f03d6458
0.4553884431277716,0.34907942031056216,0.16,0.09186351844001908,0.9908376963350786,1.0,0.625,1,CyberVolk-e26db13a9660555448acb7591f382b480b0252d19e3ad6c6678ba5e1f03d6458
0.4403896107170242,0.34907942031056216,0.16,0.09162303825039206,0.9908616187989556,1.0,0.625,1,CyberVolk-e26db13a9660555448acb7591f382b480b0252d19e3ad6c6678ba5e1f03d6458
0.4553884431277716,0.34907942031056216,0.16,0.09138381383081767,0.9908854166666666,1.0,0.625,1,CyberVolk-e26db13a9660555448acb7591f382b480b0252d19e3ad6c6678ba5e1f03d6458
0.4403896107170242,0.34907942031056216,0.16,0.09114583537060152,0.990909090909091,1.0,0.625,1,CyberVolk-e26db13a9660555448acb7591f382b480b0252d19e3ad6c6678ba5e1f03d6458
0.4553884431277716,0.34907942031056216,0.16,0.09090909316097837,0.9909326424870466,1.0,0.625,1,CyberVolk-e26db13a9660555448acb7591f382b480b0252d19e3ad6c6678ba5e1f03d6458
0.4403896107170242,0.34907942031056216,0.16,0.09067357759379192,0.9909560723514211,1.0,0.625,1,CyberVolk-e26db13a9660555448acb7591f382b480b0252d19e3ad6c6678ba5e1f03d6458
0.4553884431277716,0.34907942031056216,0.16,0.09043927916019487,0.990979381443299,1.0,0.625,1,CyberVolk-e26db13a9660555448acb7591f382b480b0252d19e3ad6c6678ba5e1f03d6458
0.4403896107170242,0.34907942031056216,0.16,0.09020618290637156,0.9910025706940874,1.0,0.625,1,CyberVolk-e26db13a9660555448acb7591f382b480b0252d19e3ad6c6678ba5e1f03d6458
0.4553884431277716,0.34907942031056216,0.16,0.08997429063273041,0.9910256410256411,1.0,0.625,1,CyberVolk-e26db13a9660555448acb7591f382b480b0252d19e3ad6c6678ba5e1f03d6458
0.4403896107170242,0.34907942031056216,0.16,0.08974358754907295,0.9910485933503836,1.0,0.625,1,CyberVolk-e26db13a9660555448acb7591f382b480b0252d19e3ad6c6678ba5e1f03d6458
0.4553884431277716,0.34907942031056216,0.16,0.08951406453118829,0.9910714285714286,1.0,0.625,1,CyberVolk-e26db13a9660555448acb7591f382b480b0252d19e3ad6c6678ba5e1f03d6458
0.4403896107170242,0.34907942031056216,0.16,0.08928571254796958,0.9910941475826972,1.0,0.625,1,CyberVolk-e26db13a9660555448acb7591f382b480b0252d19e3ad6c6678ba5e1f03d6458
0.13646075659328394,0.38154903361465714,0.16,0.08905852266022957,0.9911167512690355,1.0,0.625,1,CyberVolk-e26db13a9660555448acb7591f382b480b0252d19e3ad6c6678ba5e1f03d6458
0.4553884431277716,0.37007832505797084,0.16,0.08883248601953411,0.9911392405063291,1.0,0.625,1,CyberVolk-e26db13a9660555448acb7591f382b480b0252d19e3ad6c6678ba5e1f03d6458
0.4403896107170242,0.37102865797213674,0.16,0.08860759386705333,0.9911616161616161,1.0,0.625,1,CyberVolk-e26db13a9660555448acb7591f382b480b0252d19e3ad6c6678ba5e1f03d6458
0.4553884431277716,0.37007832505797084,0.16,0.08838383753243034,0.9911838790931989,1.0,0.625,1,CyberVolk-e26db13a9660555448acb7591f382b480b0252d19e3ad6c6678ba5e1f03d6458
0.4403896107170242,0.37102865797213674,0.16,0.08816120843266691,0.9912060301507538,1.0,0.625,1,CyberVolk-e26db13a9660555448acb7591f382b480b0252d19e3ad6c6678ba5e1f03d6458
0.4553884431277716,0.37007832505797084,0.16,0.08793969807102597,0.9912280701754386,1.0,0.625,1,CyberVolk-e26db13a9660555448acb7591f382b480b0252d19e3ad6c6678ba5e1f03d6458
0.4403896107170242,0.37102865797213674,0.16,0.08771929803595077,0.99125,1.0,0.625,1,CyberVolk-e26db13a9660555448acb7591f382b480b0252d19e3ad6c6678ba5e1f03d6458
0.9575628555647712,0.5435275175560625,0.02,0.05,0.8,0.0,0.625,1,LockBit-1ecea8b0bc92378bf2bdd1c14ae1628c573569419b91cc34504d2c3f8bb9f8b2
0.11789174607420132,1.0,0.04,0.1,0.5,0.04960159612028318,0.625,1,LockBit-1ecea8b0bc92378bf2bdd1c14ae1628c573569419b91cc34504d2c3f8bb9f8b2
0.9600331344007278,1.0,0.06,0.15,0.5,0.098807962873877,0.625,1,LockBit-1ecea8b0bc92378bf2bdd1c14ae1628c573569419b91cc34504d2c3f8bb9f8b2
0.9601107078741695,0.8036063203192049,0.08,0.2,0.5,0.14762224947904282,0.625,1,LockBit-1ecea8b0bc92378bf2bdd1c14ae1628c573569419b91cc34504d2c3f8bb9f8b2
0.9585107408187656,0.6446586491049021,0.1,0.25,0.5,0.19604758006082648,0.625,1,LockBit-1ecea8b0bc92378bf2bdd1c14ae1628c573569419b91cc34504d2c3f8bb9f8b2
0.961856956297779,0.5436013423763383,0.12,0.3,0.5,0.24408705385100307,0.625,1,LockBit-1ecea8b0bc92378bf2bdd1c14ae1628c573569419b91cc34504d2c3f8bb9f8b2
0.960861002391014,0.4738955913845283,0.14,0.35,0.5,0.2917437453864285,0.625,1,LockBit-1ecea8b0bc92378bf2bdd1c14ae1628c573569419b91cc34504d2c3f8bb9f8b2
0.9625213288701719,0.4388431852816573,0.16,0.4,0.5,0.33902070470581025,0.625,1,LockBit-1ecea8b0bc92378bf2bdd1c14ae1628c573569419b91cc34504d2c3f8bb9f8b2
0.9608254026293163,0.41418273246305154,0.18,0.45,0.5,0.38592095754491085,0.625,1,LockBit-1ecea8b0bc92378bf2bdd1c14ae1628c573569419b91cc34504d2c3f8bb9f8b2
0.9600487973011205,0.4003969269085698,0.2,0.5,0.5,0.4324475055301956,0.625,1,LockBit-1ecea8b0bc92378bf2bdd1c14ae1628c573569419b91cc34504d2c3f8bb9f8b2
0.9618915389234282,0.3656861455278018,0.22,0.55,0.5,0.47860332637093694,0.625,1,LockBit-1ecea8b0bc92378bf2bdd1c14ae1628c573569419b91cc34504d2c3f8bb9f8b2
0.9621296341615234,0.35233265364339594,0.24,0.6,0.5,0.524391374049789,0.625,1,LockBit-1ecea8b0bc92378bf2bdd1c14ae1628c573569419b91cc34504d2c3f8bb9f8b2
0.9602884345470155,0.32674644116987567,0.26,0.65,0.5,0.5698145790118427,0.625,1,LockBit-1ecea8b0bc92378bf2bdd1c14ae1628c573569419b91cc34504d2c3f8bb9f8b2
0.9607954013969227,0.3218208312255092,0.28,0.7,0.5,0.6148757310739256,0.625,1,LockBit-1ecea8b0bc92378bf2bdd1c14ae1628c573569419b91cc34504d2c3f8bb9f8b2
0.9604394238576008,0.3135853716054292,0.3,0.75,0.5,0.6595779496581373,0.625,1,LockBit-1ecea8b0bc92378bf2bdd1c14ae1628c573569419b91cc34504d2c3f8bb9f8b2
0.96147063338137,0.29466777121135945,0.32,0.8,0.5,0.7039239774960311,0.625,1,LockBit-1ecea8b0bc92378bf2bdd1c14ae1628c573569419b91cc34504d2c3f8bb9f8b2
0.960509216869467,0.2785782303320964,0.34,0.85,0.5,0.7479166527431119,0.625,1,LockBit-1ecea8b0bc92378bf2bdd1c14ae1628c573569419b91cc34504d2c3f8bb9f8b2
0.960661897250385,0.2738454989368866,0.36,0.9,0.5,0.7915587909402417,0.625,1,LockBit-1ecea8b0bc92378bf2bdd1c14ae1628c573569419b91cc34504d2c3f8bb9f8b2
0.9613645499698856,0.273161978699628,0.38,0.95,0.5,0.8348531851938338,0.625,1,LockBit-1ecea8b0bc92378bf2bdd1c14ae1628c573569419b91cc34504d2c3f8bb9f8b2
0.9608618166030963,0.26935577105537534,0.4,1.0,0.5,0.8778026063546134,0.625,1,LockBit-1ecea8b0bc92378bf2bdd1c14ae1628c573569419b91cc34504d2c3f8bb9f8b2
0.11789174607420132,0.3554592264894534,0.42,1.0,0.5238095238095238,0.9204098031949522,0.625,1,LockBit-1ecea8b0bc92378bf2bdd1c14ae1628c573569419b91cc34504d2c3f8bb9f8b2
0.9616884886154843,0.4334227077673658,0.44,1.0,0.5227272727272727,0.9626775025847902,0.625,1,LockBit-1ecea8b0bc92378bf2bdd1c14ae1628c573569419b91cc34504d2c3f8bb9f8b2
0.9615310388264892,0.5043215423738772,0.46,1.0,0.5217391304347826,1.0,0.625,1,LockBit-1ecea8b0bc92378bf2bdd1c14ae1628c573569419b91cc34504d2c3f8bb9f8b2
0.11789174607420132,0.5773840168131191,0.46,1.0,0.5416666666666667,1.0,0.625,1,LockBit-1ecea8b0bc92378bf2bdd1c14ae1628c573569419b91cc34504d2c3f8bb9f8b2
0.9611034635578147,0.6443609748521245,0.48,1.0,0.54,1.0,0.625,1,LockBit-1ecea8b0bc92378bf2bdd1c14ae1628c573569419b91cc34504d2c3f8bb9f8b2
0.9620739592218197,0.6982715591751887,0.5,1.0,0.5384615384615384,1.0,0.625,1,LockBit-1ecea8b0bc92378bf2bdd1c14ae1628c573569419b91cc34504d2c3f8bb9f8b2
0.4454424359556231,0.7479832059874248,0.52,1.0,0.537037037037037,1.0,0.625,1,LockBit-1ecea8b0bc92378bf2bdd1c14ae1628c573569419b91cc34504d2c3f8bb9f8b2
0.9573860779888129,0.7561339806222322,0.54,1.0,0.5357142857142857,1.0,0.625,1,LockBit-1ecea8b0bc92378bf2bdd1c14ae1628c573569419b91cc34504d2c3f8bb9f8b2
0.9616639157140712,0.8000599816323429,0.56,1.0,0.5344827586206897,1.0,0.625,1,LockBit-1ecea8b0bc92378bf2bdd1c14ae1628c573569419b91cc34504d2c3f8bb9f8b2
0.9573860779888129,0.8408917243635783,0.56,1.0,0.55,1.0,0.625,1,LockBit-1ecea8b0bc92378bf2bdd1c14ae1628c573569419b91cc34504d2c3f8bb9f8b2
0.9573860779888129,0.8853855990640571,0.56,1.0,0.564516129032258,1.0,0.625,1,LockBit-1ecea8b0bc92378bf2bdd1c14ae1628c573569419b91cc34504d2c3f8bb9f8b2
0.9616841299347422,0.9293121687180523,0.58,1.0,0.5625,1.0,0.625,1,LockBit-1ecea8b0bc92378bf2bdd1c14ae1628c573569419b91cc34504d2c3f8bb9f8b2
0.9592795763886379,0.9681523464687254,0.6,1.0,0.5606060606060606,1.0,0.625,1,LockBit-1ecea8b0bc92378bf2bdd1c14ae1628c573569419b91cc34504d2c3f8bb9f8b2
0.9602962206336562,0.998696872713108,0.62,1.0,0.5588235294117647,1.0,0.625,1,LockBit-1ecea8b0bc92378bf2bdd1c14ae1628c573569419b91cc34504d2c3f8bb9f8b2
0.9604265391124536,1.0,0.64,1.0,0.5571428571428572,1.0,0.625,1,LockBit-1ecea8b0bc92378bf2bdd1c14ae1628c573569419b91cc34504d2c3f8bb9f8b2
0.9581952034841917,1.0,0.66,1.0,0.5555555555555556,1.0,0.625,1,LockBit-1ecea8b0bc92378bf2bdd1c14ae1628c573569419b91cc34504d2c3f8bb9f8b2
0.9605019738971242,1.0,0.68,1.0,0.5540540540540541,1.0,0.625,1,LockBit-1ecea8b0bc92378bf2bdd1c14ae1628c573569419b91cc34504d2c3f8bb9f8b2
0.9581952034841917,1.0,0.68,1.0,0.5657894736842105,1.0,0.625,1,LockBit-1ecea8b0bc92378bf2bdd1c14ae1628c573569419b91cc34504d2c3f8bb9f8b2
0.9581952034841917,1.0,0.68,1.0,0.5769230769230769,1.0,0.625,1,LockBit-1ecea8b0bc92378bf2bdd1c14ae1628c573569419b91cc34504d2c3f8bb9f8b2
0.9605036437976718,1.0,0.7,1.0,0.575,1.0,0.625,1,LockBit-1ecea8b0bc92378bf2bdd1c14ae1628c573569419b91cc34504d2c3f8bb9f8b2
0.9600058929983196,1.0,0.72,1.0,0.5731707317073171,1.0,0.625,1,LockBit-1ecea8b0bc92378bf2bdd1c14ae1628c573569419b91cc34504d2c3f8bb9f8b2
0.9599086798692738,1.0,0.74,1.0,0.5714285714285714,1.0,0.625,1,LockBit-1ecea8b0bc92378bf2bdd1c14ae1628c573569419b91cc34504d2c3f8bb9f8b2
0.9608107694719312,1.0,0.76,1.0,0.5697674418604651,1.0,0.625,1,LockBit-1ecea8b0bc92378bf2bdd1c14ae1628c573569419b91cc34504d2c3f8bb9f8b2
0.9605778233566993,1.0,0.78,1.0,0.5681818181818181,1.0,0.625,1,LockBit-1ecea8b0bc92378bf2bdd1c14ae1628c573569419b91cc34504d2c3f8bb9f8b2
0.9605448008296917,1.0,0.8,1.0,0.5666666666666667,1.0,0.625,1,LockBit-1ecea8b0bc92378bf2bdd1c14ae1628c573569419b91cc34504d2c3f8bb9f8b2
0.9581952034841917,1.0,0.82,1.0,0.5652173913043479,1.0,0.625,1,LockBit-1ecea8b0bc92378bf2bdd1c14ae1628c573569419b91cc34504d2c3f8bb9f8b2
0.9581952034841917,1.0,0.82,1.0,0.574468085106383,1.0,0.625,1,LockBit-1ecea8b0bc92378bf2bdd1c14ae1628c573569419b91cc34504d2c3f8bb9f8b2
0.9581952034841917,1.0,0.82,1.0,0.5833333333333333,1.0,0.625,1,LockBit-1ecea8b0bc92378bf2bdd1c14ae1628c573569419b91cc34504d2c3f8bb9f8b2
0.9611220644501399,1.0,0.84,1.0,0.5816326530612245,1.0,0.625,1,LockBit-1ecea8b0bc92378bf2bdd1c14ae1628c573569419b91cc34504d2c3f8bb9f8b2
0.9605540538932245,1.0,0.86,1.0,0.5800000000000001,1.0,0.625,1,LockBit-1ecea8b0bc92378bf2bdd1c14ae1628c573569419b91cc34504d2c3f8bb9f8b2
0.9602600227746358,1.0,0.88,1.0,0.5784313725490196,1.0,0.625,1,LockBit-1ecea8b0bc92378bf2bdd1c14ae1628c573569419b91cc34504d2c3f8bb9f8b2
0.9606672350211914,1.0,0.9,1.0,0.5769230769230769,1.0,0.625,1,LockBit-1ecea8b0bc92378bf2bdd1c14ae1628c573569419b91cc34504d2c3f8bb9f8b2
0.9612205649118931,1.0,0.92,1.0,0.5754716981132075,1.0,0.625,1,LockBit-1ecea8b0bc92378bf2bdd1c14ae1628c573569419b91cc34504d2c3f8bb9f8b2
0.9625952362367591,1.0,0.94,1.0,0.5740740740740741,1.0,0.625,1,LockBit-1ecea8b0bc92378bf2bdd1c14ae1628c573569419b91cc34504d2c3f8bb9f8b2
0.956866175409019,1.0,0.96,1.0,0.5727272727272728,1.0,0.625,1,LockBit-1ecea8b0bc92378bf2bdd1c14ae1628c573569419b91cc34504d2c3f8bb9f8b2
0.956866175409019,1.0,0.96,1.0,0.5803571428571428,1.0,0.625,1,LockBit-1ecea8b0bc92378bf2bdd1c14ae1628c573569419b91cc34504d2c3f8bb9f8b2
0.956866175409019,1.0,0.96,1.0,0.5877192982456141,1.0,0.625,1,LockBit-1ecea8b0bc92378bf2bdd1c14ae1628c573569419b91cc34504d2c3f8bb9f8b2
0.9600614248770737,1.0,0.98,1.0,0.5862068965517242,1.0,0.625,1,LockBit-1ecea8b0bc92378bf2bdd1c14ae1628c573569419b91cc34504d2c3f8bb9f8b2
0.9612315976526971,1.0,1.0,1.0,0.5847457627118644,1.0,0.625,1,LockBit-1ecea8b0bc92378bf2bdd1c14ae1628c573569419b91cc34504d2c3f8bb9f8b2
0.9606850537288596,1.0,1.0,1.0,0.5833333333333333,1.0,0.625,1,LockBit-1ecea8b0bc92378bf2bdd1c14ae1628c573569419b91cc34504d2c3f8bb9f8b2
0.9608254026293163,1.0,1.0,1.0,0.5819672131147541,1.0,0.625,1,LockBit-1ecea8b0bc92378bf2bdd1c14ae1628c573569419b91cc34504d2c3f8bb9f8b2
0.9611630113918362,1.0,1.0,1.0,0.5806451612903225,1.0,0.625,1,LockBit-1ecea8b0bc92378bf2bdd1c14ae1628c573569419b91cc34504d2c3f8bb9f8b2
0.9611334066222056,1.0,1.0,1.0,0.5793650793650793,1.0,0.625,1,LockBit-1ecea8b0bc92378bf2bdd1c14ae1628c573569419b91cc34504d2c3f8bb9f8b2
0.9606554489592289,1.0,1.0,1.0,0.578125,1.0,0.625,1,LockBit-1ecea8b0bc92378bf2bdd1c14ae1628c573569419b91cc34504d2c3f8bb9f8b2
0.9605339582574769,1.0,1.0,1.0,0.5769230769230769,1.0,0.625,1,LockBit-1ecea8b0bc92378bf2bdd1c14ae1628c573569419b91cc34504d2c3f8bb9f8b2
0.9575673567775942,1.0,1.0,1.0,0.5757575757575757,1.0,0.625,1,LockBit-1ecea8b0bc92378bf2bdd1c14ae1628c573569419b91cc34504d2c3f8bb9f8b2
0.9611334066222056,1.0,1.0,1.0,0.5746268656716418,1.0,0.625,1,LockBit-1ecea8b0bc92378bf2bdd1c14ae1628c573569419b91cc34504d2c3f8bb9f8b2
0.961795411466644,1.0,1.0,1.0,0.5735294117647058,1.0,0.625,1,LockBit-1ecea8b0bc92378bf2bdd1c14ae1628c573569419b91cc34504d2c3f8bb9f8b2
0.9618487276288592,1.0,1.0,1.0,0.572463768115942,1.0,0.625,1,LockBit-1ecea8b0bc92378bf2bdd1c14ae1628c573569419b91cc34504d2c3f8bb9f8b2
0.9554629112581027,1.0,1.0,1.0,0.5714285714285714,1.0,0.625,1,LockBit-1ecea8b0bc92378bf2bdd1c14ae1628c573569419b91cc34504d2c3f8bb9f8b2
0.9580693889004979,1.0,1.0,1.0,0.5704225352112676,1.0,0.625,1,LockBit-1ecea8b0bc92378bf2bdd1c14ae1628c573569419b91cc34504d2c3f8bb9f8b2
0.9580693889004979,1.0,1.0,1.0,0.5763888888888888,1.0,0.625,1,LockBit-1ecea8b0bc92378bf2bdd1c14ae1628c573569419b91cc34504d2c3f8bb9f8b2
0.9580693889004979,1.0,1.0,1.0,0.5821917808219178,1.0,0.625,1,LockBit-1ecea8b0bc92378bf2bdd1c14ae1628c573569419b91cc34504d2c3f8bb9f8b2
0.9616214549015865,1.0,1.0,1.0,0.5810810810810811,1.0,0.625,1,LockBit-1ecea8b0bc92378bf2bdd1c14ae1628c573569419b91cc34504d2c3f8bb9f8b2
0.9618554112967833,1.0,1.0,1.0,0.5800000000000001,1.0,0.625,1,LockBit-1ecea8b0bc92378bf2bdd1c14ae1628c573569419b91cc34504d2c3f8bb9f8b2
0.9616404936514773,1.0,1.0,1.0,0.5789473684210527,1.0,0.625,1,LockBit-1ecea8b0bc92378bf2bdd1c14ae1628c573569419b91cc34504d2c3f8bb9f8b2
0.9611291793148216,1.0,1.0,1.0,0.577922077922078,1.0,0.625,1,LockBit-1ecea8b0bc92378bf2bdd1c14ae1628c573569419b91cc34504d2c3f8bb9f8b2
0.9617348122882748,1.0,1.0,1.0,0.5769230769230769,1.0,0.625,1,LockBit-1ecea8b0bc92378bf2bdd1c14ae1628c573569419b91cc34504d2c3f8bb9f8b2
0.9613397392687233,1.0,1.0,1.0,0.5759493670886076,1.0,0.625,1,LockBit-1ecea8b0bc92378bf2bdd1c14ae1628c573569419b91cc34504d2c3f8bb9f8b2
0.9608883085829899,1.0,1.0,1.0,0.575,1.0,0.625,1,LockBit-1ecea8b0bc92378bf2bdd1c14ae1628c573569419b91cc34504d2c3f8bb9f8b2
0.9622315917905885,1.0,1.0,1.0,0.5740740740740741,1.0,0.625,1,LockBit-1ecea8b0bc92378bf2bdd1c14ae1628c573569419b91cc34504d2c3f8bb9f8b2
0.961766108327659,1.0,1.0,1.0,0.5731707317073171,1.0,0.625,1,LockBit-1ecea8b0bc92378bf2bdd1c14ae1628c573569419b91cc34504d2c3f8bb9f8b2
0.9615731779520894,1.0,1.0,1.0,0.572289156626506,1.0,0.625,1,LockBit-1ecea8b0bc92378bf2bdd1c14ae1628c573569419b91cc34504d2c3f8bb9f8b2
0.9610733655724931,1.0,1.0,1.0,0.5714285714285714,1.0,0.625,1,LockBit-1ecea8b0bc92378bf2bdd1c14ae1628c573569419b91cc34504d2c3f8bb9f8b2
0.9618857721008153,1.0,1.0,1.0,0.5705882352941176,1.0,0.625,1,LockBit-1ecea8b0bc92378bf2bdd1c14ae1628c573569419b91cc34504d2c3f8bb9f8b2
0.9615430630644475,1.0,1.0,1.0,0.5697674418604651,1.0,0.625,1,LockBit-1ecea8b0bc92378bf2bdd1c14ae1628c573569419b91cc34504d2c3f8bb9f8b2
0.9620427900494798,1.0,1.0,1.0,0.5689655172413793,1.0,0.625,1,LockBit-1ecea8b0bc92378bf2bdd1c14ae1628c573569419b91cc34504d2c3f8bb9f8b2
0.9622883789899792,1.0,1.0,1.0,0.5681818181818181,1.0,0.625,1,LockBit-1ecea8b0bc92378bf2bdd1c14ae1628c573569419b91cc34504d2c3f8bb9f8b2
0.9619797118701441,1.0,1.0,1.0,0.5674157303370786,1.0,0.625,1,LockBit-1ecea8b0bc92378bf2bdd1c14ae1628c573569419b91cc34504d2c3f8bb9f8b2
0.9607175152381412,1.0,1.0,1.0,0.5666666666666667,1.0,0.625,1,LockBit-1ecea8b0bc92378bf2bdd1c14ae1628c573569419b91cc34504d2c3f8bb9f8b2
0.960861002391014,1.0,1.0,1.0,0.5659340659340659,1.0,0.625,1,LockBit-1ecea8b0bc92378bf2bdd1c14ae1628c573569419b91cc34504d2c3f8bb9f8b2
0.9575285368175251,1.0,1.0,1.0,0.5652173913043479,1.0,0.625,1,LockBit-1ecea8b0bc92378bf2bdd1c14ae1628c573569419b91cc34504d2c3f8bb9f8b2
0.9575285368175251,1.0,1.0,1.0,0.5698924731182795,1.0,0.625,1,LockBit-1ecea8b0bc92378bf2bdd1c14ae1628c573569419b91cc34504d2c3f8bb9f8b2
0.9575285368175251,1.0,1.0,1.0,0.574468085106383,1.0,0.625,1,LockBit-1ecea8b0bc92378bf2bdd1c14ae1628c573569419b91cc34504d2c3f8bb9f8b2
0.9607482959524669,1.0,1.0,1.0,0.5736842105263158,1.0,0.625,1,LockBit-1ecea8b0bc92378bf2bdd1c14ae1628c573569419b91cc34504d2c3f8bb9f8b2
0.9595806454867171,1.0,1.0,1.0,0.5729166666666667,1.0,0.625,1,LockBit-1ecea8b0bc92378bf2bdd1c14ae1628c573569419b91cc34504d2c3f8bb9f8b2
0.961303360292293,1.0,1.0,1.0,0.5721649484536082,1.0,0.625,1,LockBit-1ecea8b0bc92378bf2bdd1c14ae1628c573569419b91cc34504d2c3f8bb9f8b2
0.961303360292293,1.0,1.0,1.0,0.5714285714285714,1.0,0.625,1,LockBit-1ecea8b0bc92378bf2bdd1c14ae1628c573569419b91cc34504d2c3f8bb9f8b2
0.9608254026293163,1.0,1.0,1.0,0.5707070707070707,1.0,0.625,1,LockBit-1ecea8b0bc92378bf2bdd1c14ae1628c573569419b91cc34504d2c3f8bb9f8b2
0.9618915389234282,1.0,1.0,1.0,0.5700000000000001,1.0,0.625,1,LockBit-1ecea8b0bc92378bf2bdd1c14ae1628c573569419b91cc34504d2c3f8bb9f8b2
0.9608254026293163,1.0,1.0,1.0,0.5693069306930694,1.0,0.625,1,LockBit-1ecea8b0bc92378bf2bdd1c14ae1628c573569419b91cc34504d2c3f8bb9f8b2
0.9609056749371659,1.0,1.0,1.0,0.5686274509803921,1.0,0.625,1,LockBit-1ecea8b0bc92378bf2bdd1c14ae1628c573569419b91cc34504d2c3f8bb9f8b2
0.9593740163798928,1.0,1.0,1.0,0.5679611650485437,1.0,0.625,1,LockBit-1ecea8b0bc92378bf2bdd1c14ae1628c573569419b91cc34504d2c3f8bb9f8b2
0.961303360292293,1.0,1.0,1.0,0.5673076923076923,1.0,0.625,1,LockBit-1ecea8b0bc92378bf2bdd1c14ae1628c573569419b91cc34504d2c3f8bb9f8b2
0.9575451810625434,1.0,1.0,1.0,0.5666666666666667,1.0,0.625,1,LockBit-1ecea8b0bc92378bf2bdd1c14ae1628c573569419b91cc34504d2c3f8bb9f8b2
0.9575451810625434,1.0,1.0,1.0,0.570754716981132,1.0,0.625,1,LockBit-1ecea8b0bc92378bf2bdd1c14ae1628c573569419b91cc34504d2c3f8bb9f8b2
0.9575451810625434,1.0,1.0,1.0,0.5747663551401869,1.0,0.625,1,LockBit-1ecea8b0bc92378bf2bdd1c14ae1628c573569419b91cc34504d2c3f8bb9f8b2
0.961303360292293,1.0,1.0,1.0,0.5740740740740741,1.0,0.625,1,LockBit-1ecea8b0bc92378bf2bdd1c14ae1628c573569419b91cc34504d2c3f8bb9f8b2
0.960196987709355,1.0,1.0,1.0,0.573394495412844,1.0,0.625,1,LockBit-1ecea8b0bc92378bf2bdd1c14ae1628c573569419b91cc34504d2c3f8bb9f8b2
0.9608254026293163,1.0,1.0,1.0,0.5727272727272728,1.0,0.625,1,LockBit-1ecea8b0bc92378bf2bdd1c14ae1628c573569419b91cc34504d2c3f8bb9f8b2
0.9595548263526346,1.0,1.0,1.0,0.572072072072072,1.0,0.625,1,LockBit-1ecea8b0bc92378bf2bdd1c14ae1628c573569419b91cc34504d2c3f8bb9f8b2
0.9595849893594023,1.0,1.0,1.0,0.5714285714285714,1.0,0.625,1,LockBit-1ecea8b0bc92378bf2bdd1c14ae1628c573569419b91cc34504d2c3f8bb9f8b2
0.9596117838489784,1.0,1.0,1.0,0.5707964601769911,1.0,0.625,1,LockBit-1ecea8b0bc92378bf2bdd1c14ae1628c573569419b91cc34504d2c3f8bb9f8b2
0.9598259728359955,1.0,1.0,1.0,0.5701754385964912,1.0,0.625,1,LockBit-1ecea8b0bc92378bf2bdd1c14ae1628c573569419b91cc34504d2c3f8bb9f8b2
0.9602448369573519,1.0,1.0,1.0,0.5695652173913044,1.0,0.625,1,LockBit-1ecea8b0bc92378bf2bdd1c14ae1628c573569419b91cc34504d2c3f8bb9f8b2
0.9603634480331525,1.0,1.0,1.0,0.5689655172413793,1.0,0.625,1,LockBit-1ecea8b0bc92378bf2bdd1c14ae1628c573569419b91cc34504d2c3f8bb9f8b2
0.9602442752343693,1.0,1.0,1.0,0.5683760683760684,1.0,0.625,1,LockBit-1ecea8b0bc92378bf2bdd1c14ae1628c573569419b91cc34504d2c3f8bb9f8b2
0.9626518398484287,1.0,1.0,1.0,0.5677966101694916,1.0,0.625,1,LockBit-1ecea8b0bc92378bf2bdd1c14ae1628c573569419b91cc34504d2c3f8bb9f8b2
0.9609179133526206,1.0,1.0,1.0,0.5672268907563025,1.0,0.625,1,LockBit-1ecea8b0bc92378bf2bdd1c14ae1628c573569419b91cc34504d2c3f8bb9f8b2
0.9604494457996213,1.0,1.0,1.0,0.5666666666666667,1.0,0.625,1,LockBit-1ecea8b0bc92378bf2bdd1c14ae1628c573569419b91cc34504d2c3f8bb9f8b2
0.9594938326767654,1.0,1.0,1.0,0.5661157024793388,1.0,0.625,1,LockBit-1ecea8b0bc92378bf2bdd1c14ae1628c573569419b91cc34504d2c3f8bb9f8b2
0.9566160633007772,1.0,1.0,1.0,0.5655737704918034,1.0,0.625,1,LockBit-1ecea8b0bc92378bf2bdd1c14ae1628c573569419b91cc34504d2c3f8bb9f8b2
0.9566160633007772,1.0,1.0,1.0,0.5691056910569106,1.0,0.625,1,LockBit-1ecea8b0bc92378bf2bdd1c14ae1628c573569419b91cc34504d2c3f8bb9f8b2
0.9566160633007772,1.0,1.0,1.0,0.5725806451612903,1.0,0.625,1,LockBit-1ecea8b0bc92378bf2bdd1c14ae1628c573569419b91cc34504d2c3f8bb9f8b2
0.9611630113918362,1.0,1.0,1.0,0.5720000000000001,1.0,0.625,1,LockBit-1ecea8b0bc92378bf2bdd1c14ae1628c573569419b91cc34504d2c3f8bb9f8b2
0.9625474645191814,1.0,1.0,1.0,0.5714285714285714,1.0,0.625,1,LockBit-1ecea8b0bc92378bf2bdd1c14ae1628c573569419b91cc34504d2c3f8bb9f8b2
0.9621078219381001,1.0,1.0,1.0,0.5708661417322834,1.0,0.625,1,LockBit-1ecea8b0bc92378bf2bdd1c14ae1628c573569419b91cc34504d2c3f8bb9f8b2
0.9620831627894326,1.0,1.0,1.0,0.5703125,1.0,0.625,1,LockBit-1ecea8b0bc92378bf2bdd1c14ae1628c573569419b91cc34504d2c3f8bb9f8b2
0.9623093692810862,1.0,1.0,1.0,0.5697674418604651,1.0,0.625,1,LockBit-1ecea8b0bc92378bf2bdd1c14ae1628c573569419b91cc34504d2c3f8bb9f8b2
0.9585763530196202,1.0,1.0,1.0,0.5692307692307692,1.0,0.625,1,LockBit-1ecea8b0bc92378bf2bdd1c14ae1628c573569419b91cc34504d2c3f8bb9f8b2
0.9625474645191814,1.0,1.0,1.0,0.5687022900763359,1.0,0.625,1,LockBit-1ecea8b0bc92378bf2bdd1c14ae1628c573569419b91cc34504d2c3f8bb9f8b2
0.9563393919772987,1.0,1.0,1.0,0.5681818181818181,1.0,0.625,1,LockBit-1ecea8b0bc92378bf2bdd1c14ae1628c573569419b91cc34504d2c3f8bb9f8b2
0.9574132347158324,1.0,1.0,1.0,0.5676691729323309,1.0,0.625,1,LockBit-1ecea8b0bc92378bf2bdd1c14ae1628c573569419b91cc34504d2c3f8bb9f8b2
0.9597324730804089,1.0,1.0,1.0,0.5671641791044777,1.0,0.625,1,LockBit-1ecea8b0bc92378bf2bdd1c14ae1628c573569419b91cc34504d2c3f8bb9f8b2
0.9543633052909979,1.0,1.0,1.0,0.5666666666666667,1.0,0.625,1,LockBit-1ecea8b0bc92378bf2bdd1c14ae1628c573569419b91cc34504d2c3f8bb9f8b2
0.9543633052909979,1.0,1.0,1.0,0.5698529411764706,1.0,0.625,1,LockBit-1ecea8b0bc92378bf2bdd1c14ae1628c573569419b91cc34504d2c3f8bb9f8b2
0.9575451810625434,1.0,1.0,1.0,0.5693430656934306,1.0,0.625,1,LockBit-1ecea8b0bc92378bf2bdd1c14ae1628c573569419b91cc34504d2c3f8bb9f8b2
0.9575451810625434,1.0,1.0,1.0,0.572463768115942,1.0,0.625,1,LockBit-1ecea8b0bc92378bf2bdd1c14ae1628c573569419b91cc34504d2c3f8bb9f8b2
0.9575451810625434,1.0,1.0,1.0,0.5755395683453237,1.0,0.625,1,LockBit-1ecea8b0bc92378bf2bdd1c14ae1628c573569419b91cc34504d2c3f8bb9f8b2
0.9606609510364569,1.0,1.0,1.0,0.575,1.0,0.625,1,LockBit-1ecea8b0bc92378bf2bdd1c14ae1628c573569419b91cc34504d2c3f8bb9f8b2
0.9543633052909979,1.0,1.0,1.0,0.5780141843971631,1.0,0.625,1,LockBit-1ecea8b0bc92378bf2bdd1c14ae1628c573569419b91cc34504d2c3f8bb9f8b2
0.9575451810625434,1.0,1.0,1.0,0.5774647887323944,1.0,0.625,1,LockBit-1ecea8b0bc92378bf2bdd1c14ae1628c573569419b91cc34504d2c3f8bb9f8b2
0.9575451810625434,1.0,1.0,1.0,0.5804195804195804,1.0,0.625,1,LockBit-1ecea8b0bc92378bf2bdd1c14ae1628c573569419b91cc34504d2c3f8bb9f8b2
0.9575451810625434,1.0,1.0,1.0,0.5833333333333333,1.0,0.625,1,LockBit-1ecea8b0bc92378bf2bdd1c14ae1628c573569419b91cc34504d2c3f8bb9f8b2
0.9543633052909979,1.0,1.0,1.0,0.5862068965517242,1.0,0.625,1,LockBit-1ecea8b0bc92378bf2bdd1c14ae1628c573569419b91cc34504d2c3f8bb9f8b2
0.9565177148898133,1.0,1.0,1.0,0.5856164383561644,1.0,0.625,1,LockBit-1ecea8b0bc92378bf2bdd1c14ae1628c573569419b91cc34504d2c3f8bb9f8b2
0.9565177148898133,1.0,1.0,1.0,0.5884353741496599,1.0,0.625,1,LockBit-1ecea8b0bc92378bf2bdd1c14ae1628c573569419b91cc34504d2c3f8bb9f8b2
0.9565177148898133,1.0,1.0,1.0,0.5912162162162162,1.0,0.625,1,LockBit-1ecea8b0bc92378bf2bdd1c14ae1628c573569419b91cc34504d2c3f8bb9f8b2
0.9570860331455162,1.0,1.0,1.0,0.5906040268456376,1.0,0.625,1,LockBit-1ecea8b0bc92378bf2bdd1c14ae1628c573569419b91cc34504d2c3f8bb9f8b2
0.9570860331455162,1.0,1.0,1.0,0.5933333333333333,1.0,0.625,1,LockBit-1ecea8b0bc92378bf2bdd1c14ae1628c573569419b91cc34504d2c3f8bb9f8b2
0.9570860331455162,1.0,1.0,1.0,0.5960264900662251,1.0,0.625,1,LockBit-1ecea8b0bc92378bf2bdd1c14ae1628c573569419b91cc34504d2c3f8bb9f8b2
0.958337662312904,1.0,1.0,1.0,0.5953947368421053,1.0,0.625,1,LockBit-1ecea8b0bc92378bf2bdd1c14ae1628c573569419b91cc34504d2c3f8bb9f8b2
0.958337662312904,1.0,1.0,1.0,0.5980392156862745,1.0,0.625,1,LockBit-1ecea8b0bc92378bf2bdd1c14ae1628c573569419b91cc34504d2c3f8bb9f8b2
0.958337662312904,1.0,1.0,1.0,0.6006493506493507,1.0,0.625,1,LockBit-1ecea8b0bc92378bf2bdd1c14ae1628c573569419b91cc34504d2c3f8bb9f8b2
0.964712500657044,1.0,1.0,1.0,0.6,1.0,0.625,1,LockBit-1ecea8b0bc92378bf2bdd1c14ae1628c573569419b91cc34504d2c3f8bb9f8b2
0.9583352316111692,1.0,1.0,1.0,0.5993589743589743,1.0,0.625,1,LockBit-1ecea8b0bc92378bf2bdd1c14ae1628c573569419b91cc34504d2c3f8bb9f8b2
0.9585892914802918,1.0,1.0,1.0,0.5987261146496815,1.0,0.625,1,LockBit-1ecea8b0bc92378bf2bdd1c14ae1628c573569419b91cc34504d2c3f8bb9f8b2
0.9585892914802918,1.0,1.0,1.0,0.6012658227848101,1.0,0.625,1,LockBit-1ecea8b0bc92378bf2bdd1c14ae1628c573569419b91cc34504d2c3f8bb9f8b2
0.9585892914802918,1.0,1.0,1.0,0.6037735849056604,1.0,0.625,1,LockBit-1ecea8b0bc92378bf2bdd1c14ae1628c573569419b91cc34504d2c3f8bb9f8b2
0.7384144687961454,1.0,1.0,1.0,0.603125,1.0,0.625,1,LockBit-1ecea8b0bc92378bf2bdd1c14ae1628c573569419b91cc34504d2c3f8bb9f8b2
0.9587968102299312,1.0,1.0,1.0,0.6024844720496895,1.0,0.625,1,LockBit-1ecea8b0bc92378bf2bdd1c14ae1628c573569419b91cc34504d2c3f8bb9f8b2
0.9587968102299312,1.0,1.0,1.0,0.6049382716049383,1.0,0.625,1,LockBit-1ecea8b0bc92378bf2bdd1c14ae1628c573569419b91cc34504d2c3f8bb9f8b2
0.9587968102299312,1.0,1.0,1.0,0.6073619631901841,1.0,0.625,1,LockBit-1ecea8b0bc92378bf2bdd1c14ae1628c573569419b91cc34504d2c3f8bb9f8b2
0.9585285368175251,1.0,1.0,1.0,0.6067073170731707,1.0,0.625,1,LockBit-1ecea8b0bc92378bf2bdd1c14ae1628c573569419b91cc34504d2c3f8bb9f8b2
0.9585285368175251,1.0,1.0,1.0,0.6090909090909091,1.0,0.625,1,LockBit-1ecea8b0bc92378bf2bdd1c14ae1628c573569419b91cc34504d2c3f8bb9f8b2
0.9585285368175251,1.0,1.0,1.0,0.6114457831325302,1.0,0.625,1,LockBit-1ecea8b0bc92378bf2bdd1c14ae1628c573569419b91cc34504d2c3f8bb9f8b2
0.9578785143958768,1.0,1.0,1.0,0.6107784431137724,1.0,0.625,1,LockBit-1ecea8b0bc92378bf2bdd1c14ae1628c573569419b91cc34504d2c3f8bb9f8b2
0.9578785143958768,1.0,1.0,1.0,0.6130952380952381,1.0,0.625,1,LockBit-1ecea8b0bc92378bf2bdd1c14ae1628c573569419b91cc34504d2c3f8bb9f8b2
0.9578785143958768,1.0,1.0,1.0,0.6153846153846154,1.0,0.625,1,LockBit-1ecea8b0bc92378bf2bdd1c14ae1628c573569419b91cc34504d2c3f8bb9f8b2
0.9633336676534908,1.0,1.0,1.0,0.6147058823529412,1.0,0.625,1,LockBit-1ecea8b0bc92378bf2bdd1c14ae1628c573569419b91cc34504d2c3f8bb9f8b2
0.9575935967384523,1.0,1.0,1.0,0.6140350877192983,1.0,0.625,1,LockBit-1ecea8b0bc92378bf2bdd1c14ae1628c573569419b91cc34504d2c3f8bb9f8b2
0.9575935967384523,1.0,1.0,1.0,0.6162790697674418,1.0,0.625,1,LockBit-1ecea8b0bc92378bf2bdd1c14ae1628c573569419b91cc34504d2c3f8bb9f8b2
0.9575935967384523,1.0,1.0,1.0,0.6184971098265897,1.0,0.625,1,LockBit-1ecea8b0bc92378bf2bdd1c14ae1628c573569419b91cc34504d2c3f8bb9f8b2
0.9581301435632645,1.0,1.0,1.0,0.617816091954023,1.0,0.625,1,LockBit-1ecea8b0bc92378bf2bdd1c14ae1628c573569419b91cc34504d2c3f8bb9f8b2
0.9581301435632645,1.0,1.0,1.0,0.62,1.0,0.625,1,LockBit-1ecea8b0bc92378bf2bdd1c14ae1628c573569419b91cc34504d2c3f8bb9f8b2
0.9581301435632645,1.0,1.0,1.0,0.6221590909090908,1.0,0.625,1,LockBit-1ecea8b0bc92378bf2bdd1c14ae1628c573569419b91cc34504d2c3f8bb9f8b2
0.9578916048239058,1.0,1.0,1.0,0.6214689265536724,1.0,0.625,1,LockBit-1ecea8b0bc92378bf2bdd1c14ae1628c573569419b91cc34504d2c3f8bb9f8b2
0.9578951958153199,1.0,1.0,1.0,0.6207865168539326,1.0,0.625,1,LockBit-1ecea8b0bc92378bf2bdd1c14ae1628c573569419b91cc34504d2c3f8bb9f8b2
0.7384144687961454,1.0,1.0,1.0,0.6229050279329609,1.0,0.625,1,LockBit-1ecea8b0bc92378bf2bdd1c14ae1628c573569419b91cc34504d2c3f8bb9f8b2
0.9578618701508584,1.0,1.0,1.0,0.6222222222222222,1.0,0.625,1,LockBit-1ecea8b0bc92378bf2bdd1c14ae1628c573569419b91cc34504d2c3f8bb9f8b2
0.9578618701508584,1.0,1.0,1.0,0.6243093922651934,1.0,0.625,1,LockBit-1ecea8b0bc92378bf2bdd1c14ae1628c573569419b91cc34504d2c3f8bb9f8b2
0.9578618701508584,1.0,1.0,1.0,0.6263736263736264,1.0,0.625,1,LockBit-1ecea8b0bc92378bf2bdd1c14ae1628c573569419b91cc34504d2c3f8bb9f8b2
0.9584634768965979,1.0,1.0,1.0,0.6256830601092895,1.0,0.625,1,LockBit-1ecea8b0bc92378bf2bdd1c14ae1628c573569419b91cc34504d2c3f8bb9f8b2
0.9584634768965979,1.0,1.0,1.0,0.6277173913043479,1.0,0.625,1,LockBit-1ecea8b0bc92378bf2bdd1c14ae1628c573569419b91cc34504d2c3f8bb9f8b2
0.9584634768965979,1.0,1.0,1.0,0.6297297297297297,1.0,0.625,1,LockBit-1ecea8b0bc92378bf2bdd1c14ae1628c573569419b91cc34504d2c3f8bb9f8b2
0.965925191358444,1.0,1.0,1.0,0.6290322580645161,1.0,0.625,1,LockBit-1ecea8b0bc92378bf2bdd1c14ae1628c573569419b91cc34504d2c3f8bb9f8b2
0.9600716631522612,1.0,1.0,1.0,0.6283422459893049,1.0,0.625,1,LockBit-1ecea8b0bc92378bf2bdd1c14ae1628c573569419b91cc34504d2c3f8bb9f8b2
0.960796371892006,1.0,1.0,1.0,0.6276595744680851,1.0,0.625,1,LockBit-1ecea8b0bc92378bf2bdd1c14ae1628c573569419b91cc34504d2c3f8bb9f8b2
0.9644812541626359,1.0,1.0,1.0,0.626984126984127,1.0,0.625,1,LockBit-1ecea8b0bc92378bf2bdd1c14ae1628c573569419b91cc34504d2c3f8bb9f8b2
0.9605876246674864,1.0,1.0,1.0,0.6263157894736842,1.0,0.625,1,LockBit-1ecea8b0bc92378bf2bdd1c14ae1628c573569419b91cc34504d2c3f8bb9f8b2
0.9602127116740026,1.0,1.0,1.0,0.6256544502617801,1.0,0.625,1,LockBit-1ecea8b0bc92378bf2bdd1c14ae1628c573569419b91cc34504d2c3f8bb9f8b2
0.9605026747645664,1.0,1.0,1.0,0.625,1.0,0.625,1,LockBit-1ecea8b0bc92378bf2bdd1c14ae1628c573569419b91cc34504d2c3f8bb9f8b2
0.9600778490686559,1.0,1.0,1.0,0.6243523316062176,1.0,0.625,1,LockBit-1ecea8b0bc92378bf2bdd1c14ae1628c573569419b91cc34504d2c3f8bb9f8b2
0.9587968102299312,1.0,1.0,1.0,0.6237113402061856,1.0,0.625,1,LockBit-1ecea8b0bc92378bf2bdd1c14ae1628c573569419b91cc34504d2c3f8bb9f8b2
0.9587968102299312,1.0,1.0,1.0,0.6256410256410256,1.0,0.625,1,LockBit-1ecea8b0bc92378bf2bdd1c14ae1628c573569419b91cc34504d2c3f8bb9f8b2
0.9587968102299312,1.0,1.0,1.0,0.6275510204081632,1.0,0.625,1,LockBit-1ecea8b0bc92378bf2bdd1c14ae1628c573569419b91cc34504d2c3f8bb9f8b2
0.9598330470552844,1.0,1.0,1.0,0.6269035532994924,1.0,0.625,1,LockBit-1ecea8b0bc92378bf2bdd1c14ae1628c573569419b91cc34504d2c3f8bb9f8b2
0.9598519174118715,1.0,1.0,1.0,0.6262626262626263,1.0,0.625,1,LockBit-1ecea8b0bc92378bf2bdd1c14ae1628c573569419b91cc34504d2c3f8bb9f8b2
0.9608247359543016,1.0,1.0,1.0,0.6256281407035176,1.0,0.625,1,LockBit-1ecea8b0bc92378bf2bdd1c14ae1628c573569419b91cc34504d2c3f8bb9f8b2
0.11789174607420132,1.0,1.0,1.0,0.6275,1.0,0.625,1,LockBit-1ecea8b0bc92378bf2bdd1c14ae1628c573569419b91cc34504d2c3f8bb9f8b2
0.11789174607420132,1.0,1.0,1.0,0.6293532338308458,1.0,0.625,1,LockBit-1ecea8b0bc92378bf2bdd1c14ae1628c573569419b91cc34504d2c3f8bb9f8b2
0.11789174607420132,1.0,1.0,1.0,0.6311881188118812,1.0,0.625,1,LockBit-1ecea8b0bc92378bf2bdd1c14ae1628c573569419b91cc34504d2c3f8bb9f8b2
0.11789174607420132,1.0,1.0,1.0,0.6330049261083743,1.0,0.625,1,LockBit-1ecea8b0bc92378bf2bdd1c14ae1628c573569419b91cc34504d2c3f8bb9f8b2
0.9567902935603799,1.0,1.0,1.0,0.6323529411764706,1.0,0.625,1,LockBit-1ecea8b0bc92378bf2bdd1c14ae1628c573569419b91cc34504d2c3f8bb9f8b2
0.9567902935603799,1.0,1.0,1.0,0.6341463414634146,1.0,0.625,1,LockBit-1ecea8b0bc92378bf2bdd1c14ae1628c573569419b91cc34504d2c3f8bb9f8b2
0.9567902935603799,1.0,1.0,1.0,0.6359223300970873,1.0,0.625,1,LockBit-1ecea8b0bc92378bf2bdd1c14ae1628c573569419b91cc34504d2c3f8bb9f8b2
0.11789174607420132,1.0,1.0,1.0,0.6376811594202898,1.0,0.625,1,LockBit-1ecea8b0bc92378bf2bdd1c14ae1628c573569419b91cc34504d2c3f8bb9f8b2
0.11789174607420132,1.0,1.0,1.0,0.6394230769230769,1.0,0.625,1,LockBit-1ecea8b0bc92378bf2bdd1c14ae1628c573569419b91cc34504d2c3f8bb9f8b2
0.11789174607420132,1.0,1.0,1.0,0.6411483253588517,1.0,0.625,1,LockBit-1ecea8b0bc92378bf2bdd1c14ae1628c573569419b91cc34504d2c3f8bb9f8b2
0.11789174607420132,1.0,1.0,1.0,0.6428571428571428,1.0,0.625,1,LockBit-1ecea8b0bc92378bf2bdd1c14ae1628c573569419b91cc34504d2c3f8bb9f8b2
0.9591301435632645,1.0,1.0,1.0,0.6421800947867299,1.0,0.625,1,LockBit-1ecea8b0bc92378bf2bdd1c14ae1628c573569419b91cc34504d2c3f8bb9f8b2
0.965925191358444,1.0,1.0,1.0,0.6438679245283019,1.0,0.625,1,LockBit-1ecea8b0bc92378bf2bdd1c14ae1628c573569419b91cc34504d2c3f8bb9f8b2
0.9591301435632645,1.0,1.0,1.0,0.6455399061032864,1.0,0.625,1,LockBit-1ecea8b0bc92378bf2bdd1c14ae1628c573569419b91cc34504d2c3f8bb9f8b2
0.9591301435632645,1.0,1.0,1.0,0.647196261682243,1.0,0.625,1,LockBit-1ecea8b0bc92378bf2bdd1c14ae1628c573569419b91cc34504d2c3f8bb9f8b2
0.9584801211416162,1.0,1.0,1.0,0.6465116279069767,1.0,0.625,1,LockBit-1ecea8b0bc92378bf2bdd1c14ae1628c573569419b91cc34504d2c3f8bb9f8b2
0.9584801211416162,1.0,1.0,1.0,0.6481481481481481,1.0,0.625,1,LockBit-1ecea8b0bc92378bf2bdd1c14ae1628c573569419b91cc34504d2c3f8bb9f8b2
0.9584801211416162,1.0,1.0,1.0,0.6497695852534562,1.0,0.625,1,LockBit-1ecea8b0bc92378bf2bdd1c14ae1628c573569419b91cc34504d2c3f8bb9f8b2
0.9559493966341105,1.0,1.0,1.0,0.6490825688073394,1.0,0.625,1,LockBit-1ecea8b0bc92378bf2bdd1c14ae1628c573569419b91cc34504d2c3f8bb9f8b2
0.9559493966341105,1.0,1.0,1.0,0.6506849315068493,1.0,0.625,1,LockBit-1ecea8b0bc92378bf2bdd1c14ae1628c573569419b91cc34504d2c3f8bb9f8b2
0.9559493966341105,1.0,1.0,1.0,0.6522727272727273,1.0,0.625,1,LockBit-1ecea8b0bc92378bf2bdd1c14ae1628c573569419b91cc34504d2c3f8bb9f8b2
0.9576709956462374,1.0,1.0,1.0,0.6515837104072398,1.0,0.625,1,LockBit-1ecea8b0bc92378bf2bdd1c14ae1628c573569419b91cc34504d2c3f8bb9f8b2
0.9576709956462374,1.0,1.0,1.0,0.6531531531531531,1.0,0.625,1,LockBit-1ecea8b0bc92378bf2bdd1c14ae1628c573569419b91cc34504d2c3f8bb9f8b2
0.9576709956462374,1.0,1.0,1.0,0.6547085201793722,1.0,0.625,1,LockBit-1ecea8b0bc92378bf2bdd1c14ae1628c573569419b91cc34504d2c3f8bb9f8b2
0.9669987448020039,1.0,1.0,1.0,0.6540178571428572,1.0,0.625,1,LockBit-1ecea8b0bc92378bf2bdd1c14ae1628c573569419b91cc34504d2c3f8bb9f8b2
0.6551894851117603,1.0,1.0,1.0,0.6533333333333333,1.0,0.625,1,LockBit-1ecea8b0bc92378bf2bdd1c14ae1628c573569419b91cc34504d2c3f8bb9f8b2
0.9554737961334894,1.0,1.0,1.0,0.6526548672566372,1.0,0.625,1,LockBit-1ecea8b0bc92378bf2bdd1c14ae1628c573569419b91cc34504d2c3f8bb9f8b2
0.9669987448020039,1.0,1.0,1.0,0.6541850220264317,1.0,0.625,1,LockBit-1ecea8b0bc92378bf2bdd1c14ae1628c573569419b91cc34504d2c3f8bb9f8b2
0.9577360555671646,1.0,1.0,1.0,0.6535087719298245,1.0,0.625,1,LockBit-1ecea8b0bc92378bf2bdd1c14ae1628c573569419b91cc34504d2c3f8bb9f8b2
0.9577360555671646,1.0,1.0,1.0,0.6550218340611353,1.0,0.625,1,LockBit-1ecea8b0bc92378bf2bdd1c14ae1628c573569419b91cc34504d2c3f8bb9f8b2
0.9577360555671646,1.0,1.0,1.0,0.6565217391304348,1.0,0.625,1,LockBit-1ecea8b0bc92378bf2bdd1c14ae1628c573569419b91cc34504d2c3f8bb9f8b2
0.9638513183371543,1.0,1.0,1.0,0.6558441558441559,1.0,0.625,1,LockBit-1ecea8b0bc92378bf2bdd1c14ae1628c573569419b91cc34504d2c3f8bb9f8b2
0.7384144687961454,1.0,1.0,1.0,0.6573275862068966,1.0,0.625,1,LockBit-1ecea8b0bc92378bf2bdd1c14ae1628c573569419b91cc34504d2c3f8bb9f8b2
0.9583376623129041,1.0,1.0,1.0,0.6566523605150214,1.0,0.625,1,LockBit-1ecea8b0bc92378bf2bdd1c14ae1628c573569419b91cc34504d2c3f8bb9f8b2
0.9583376623129041,1.0,1.0,1.0,0.6581196581196581,1.0,0.625,1,LockBit-1ecea8b0bc92378bf2bdd1c14ae1628c573569419b91cc34504d2c3f8bb9f8b2
0.9583376623129041,1.0,1.0,1.0,0.6595744680851063,1.0,0.625,1,LockBit-1ecea8b0bc92378bf2bdd1c14ae1628c573569419b91cc34504d2c3f8bb9f8b2
0.9636502234740495,1.0,1.0,1.0,0.6588983050847458,1.0,0.625,1,LockBit-1ecea8b0bc92378bf2bdd1c14ae1628c573569419b91cc34504d2c3f8bb9f8b2
0.9587016474282231,1.0,1.0,1.0,0.6582278481012658,1.0,0.625,1,LockBit-1ecea8b0bc92378bf2bdd1c14ae1628c573569419b91cc34504d2c3f8bb9f8b2
0.9640272184783509,1.0,1.0,1.0,0.657563025210084,1.0,0.625,1,LockBit-1ecea8b0bc92378bf2bdd1c14ae1628c573569419b91cc34504d2c3f8bb9f8b2
0.9635661597632829,1.0,1.0,1.0,0.6569037656903766,1.0,0.625,1,LockBit-1ecea8b0bc92378bf2bdd1c14ae1628c573569419b91cc34504d2c3f8bb9f8b2
0.9637087295528878,1.0,1.0,1.0,0.65625,1.0,0.625,1,LockBit-1ecea8b0bc92378bf2bdd1c14ae1628c573569419b91cc34504d2c3f8bb9f8b2
0.9584634768965979,1.0,1.0,1.0,0.6556016597510373,1.0,0.625,1,LockBit-1ecea8b0bc92378bf2bdd1c14ae1628c573569419b91cc34504d2c3f8bb9f8b2
0.9584634768965979,1.0,1.0,1.0,0.6570247933884297,1.0,0.625,1,LockBit-1ecea8b0bc92378bf2bdd1c14ae1628c573569419b91cc34504d2c3f8bb9f8b2
0.9584634768965979,1.0,1.0,1.0,0.6584362139917695,1.0,0.625,1,LockBit-1ecea8b0bc92378bf2bdd1c14ae1628c573569419b91cc34504d2c3f8bb9f8b2
0.9639578180569202,1.0,1.0,1.0,0.6577868852459017,1.0,0.625,1,LockBit-1ecea8b0bc92378bf2bdd1c14ae1628c573569419b91cc34504d2c3f8bb9f8b2
0.9637107013090611,1.0,1.0,1.0,0.6571428571428571,1.0,0.625,1,LockBit-1ecea8b0bc92378bf2bdd1c14ae1628c573569419b91cc34504d2c3f8bb9f8b2
0.9639247866336533,1.0,1.0,1.0,0.6565040650406504,1.0,0.625,1,LockBit-1ecea8b0bc92378bf2bdd1c14ae1628c573569419b91cc34504d2c3f8bb9f8b2
0.9636959045397305,1.0,1.0,1.0,0.6558704453441295,1.0,0.625,1,LockBit-1ecea8b0bc92378bf2bdd1c14ae1628c573569419b91cc34504d2c3f8bb9f8b2
0.9636173147034882,1.0,1.0,1.0,0.655241935483871,1.0,0.625,1,LockBit-1ecea8b0bc92378bf2bdd1c14ae1628c573569419b91cc34504d2c3f8bb9f8b2
0.9638326350707177,1.0,1.0,1.0,0.6546184738955823,1.0,0.625,1,LockBit-1ecea8b0bc92378bf2bdd1c14ae1628c573569419b91cc34504d2c3f8bb9f8b2
0.9577252336394527,1.0,1.0,1.0,0.654,1.0,0.625,1,LockBit-1ecea8b0bc92378bf2bdd1c14ae1628c573569419b91cc34504d2c3f8bb9f8b2
0.9577252336394527,1.0,1.0,1.0,0.6553784860557769,1.0,0.625,1,LockBit-1ecea8b0bc92378bf2bdd1c14ae1628c573569419b91cc34504d2c3f8bb9f8b2
0.9577252336394527,1.0,1.0,1.0,0.6567460317460317,1.0,0.625,1,LockBit-1ecea8b0bc92378bf2bdd1c14ae1628c573569419b91cc34504d2c3f8bb9f8b2
0.9639610368216521,1.0,1.0,1.0,0.6561264822134387,1.0,0.625,1,LockBit-1ecea8b0bc92378bf2bdd1c14ae1628c573569419b91cc34504d2c3f8bb9f8b2
0.963955582281823,1.0,1.0,1.0,0.655511811023622,1.0,0.625,1,LockBit-1ecea8b0bc92378bf2bdd1c14ae1628c573569419b91cc34504d2c3f8bb9f8b2
0.9635970423474578,1.0,1.0,1.0,0.6549019607843137,1.0,0.625,1,LockBit-1ecea8b0bc92378bf2bdd1c14ae1628c573569419b91cc34504d2c3f8bb9f8b2
0.9637584618002667,1.0,1.0,1.0,0.654296875,1.0,0.625,1,LockBit-1ecea8b0bc92378bf2bdd1c14ae1628c573569419b91cc34504d2c3f8bb9f8b2
0.963749665289808,1.0,1.0,1.0,0.6536964980544747,1.0,0.625,1,LockBit-1ecea8b0bc92378bf2bdd1c14ae1628c573569419b91cc34504d2c3f8bb9f8b2
0.9638077502709044,1.0,1.0,1.0,0.6531007751937985,1.0,0.625,1,LockBit-1ecea8b0bc92378bf2bdd1c14ae1628c573569419b91cc34504d2c3f8bb9f8b2
0.957337662312904,1.0,1.0,1.0,0.6525096525096525,1.0,0.625,1,LockBit-1ecea8b0bc92378bf2bdd1c14ae1628c573569419b91cc34504d2c3f8bb9f8b2
0.957337662312904,1.0,1.0,1.0,0.6538461538461539,1.0,0.625,1,LockBit-1ecea8b0bc92378bf2bdd1c14ae1628c573569419b91cc34504d2c3f8bb9f8b2
0.957337662312904,1.0,1.0,1.0,0.6551724137931034,1.0,0.625,1,LockBit-1ecea8b0bc92378bf2bdd1c14ae1628c573569419b91cc34504d2c3f8bb9f8b2
0.9641056803617317,1.0,1.0,1.0,0.6545801526717557,1.0,0.625,1,LockBit-1ecea8b0bc92378bf2bdd1c14ae1628c573569419b91cc34504d2c3f8bb9f8b2
0.9637826453136057,1.0,1.0,1.0,0.6539923954372624,1.0,0.625,1,LockBit-1ecea8b0bc92378bf2bdd1c14ae1628c573569419b91cc34504d2c3f8bb9f8b2
0.957654351401219,1.0,1.0,1.0,0.6534090909090908,1.0,0.625,1,LockBit-1ecea8b0bc92378bf2bdd1c14ae1628c573569419b91cc34504d2c3f8bb9f8b2
0.957654351401219,1.0,1.0,1.0,0.6547169811320754,1.0,0.625,1,LockBit-1ecea8b0bc92378bf2bdd1c14ae1628c573569419b91cc34504d2c3f8bb9f8b2
0.957654351401219,1.0,1.0,1.0,0.6560150375939849,1.0,0.625,1,LockBit-1ecea8b0bc92378bf2bdd1c14ae1628c573569419b91cc34504d2c3f8bb9f8b2
0.9574565028999369,1.0,1.0,1.0,0.6554307116104869,1.0,0.625,1,LockBit-1ecea8b0bc92378bf2bdd1c14ae1628c573569419b91cc34504d2c3f8bb9f8b2
0.9574565028999369,1.0,1.0,1.0,0.6567164179104478,1.0,0.625,1,LockBit-1ecea8b0bc92378bf2bdd1c14ae1628c573569419b91cc34504d2c3f8bb9f8b2
0.9574565028999369,1.0,1.0,1.0,0.6579925650557621,1.0,0.625,1,LockBit-1ecea8b0bc92378bf2bdd1c14ae1628c573569419b91cc34504d2c3f8bb9f8b2
0.11789174607420132,1.0,1.0,1.0,0.6592592592592592,1.0,0.625,1,LockBit-1ecea8b0bc92378bf2bdd1c14ae1628c573569419b91cc34504d2c3f8bb9f8b2
0.13373670235203394,1.0,1.0,1.0,0.6586715867158672,1.0,0.625,1,LockBit-1ecea8b0bc92378bf2bdd1c14ae1628c573569419b91cc34504d2c3f8bb9f8b2
0.9644678354017189,1.0,1.0,1.0,0.6580882352941176,1.0,0.625,1,LockBit-1ecea8b0bc92378bf2bdd1c14ae1628c573569419b91cc34504d2c3f8bb9f8b2
0.9669078765521713,1.0,1.0,1.0,0.6575091575091575,1.0,0.625,1,LockBit-1ecea8b0bc92378bf2bdd1c14ae1628c573569419b91cc34504d2c3f8bb9f8b2
0.9644678354017189,1.0,1.0,1.0,0.6587591240875912,1.0,0.625,1,LockBit-1ecea8b0bc92378bf2bdd1c14ae1628c573569419b91cc34504d2c3f8bb9f8b2
0.9644678354017189,1.0,1.0,1.0,0.6599999999999999,1.0,0.625,1,LockBit-1ecea8b0bc92378bf2bdd1c14ae1628c573569419b91cc34504d2c3f8bb9f8b2
0.9644678354017189,1.0,1.0,1.0,0.661231884057971,1.0,0.625,1,LockBit-1ecea8b0bc92378bf2bdd1c14ae1628c573569419b91cc34504d2c3f8bb9f8b2
0.9644678354017189,1.0,1.0,1.0,0.6624548736462094,1.0,0.625,1,LockBit-1ecea8b0bc92378bf2bdd1c14ae1628c573569419b91cc34504d2c3f8bb9f8b2
0.9644678354017189,1.0,1.0,1.0,0.6636690647482014,1.0,0.625,1,LockBit-1ecea8b0bc92378bf2bdd1c14ae1628c573569419b91cc34504d2c3f8bb9f8b2
0.9644678354017189,1.0,1.0,1.0,0.6648745519713262,1.0,0.625,1,LockBit-1ecea8b0bc92378bf2bdd1c14ae1628c573569419b91cc34504d2c3f8bb9f8b2
0.9644678354017189,1.0,1.0,1.0,0.6660714285714286,1.0,0.625,1,LockBit-1ecea8b0bc92378bf2bdd1c14ae1628c573569419b91cc34504d2c3f8bb9f8b2
0.9640422655820388,1.0,1.0,1.0,0.6654804270462633,1.0,0.625,1,LockBit-1ecea8b0bc92378bf2bdd1c14ae1628c573569419b91cc34504d2c3f8bb9f8b2
0.9639872014200466,1.0,1.0,1.0,0.6648936170212766,1.0,0.625,1,LockBit-1ecea8b0bc92378bf2bdd1c14ae1628c573569419b91cc34504d2c3f8bb9f8b2
0.9643848522089605,1.0,1.0,1.0,0.6643109540636043,1.0,0.625,1,LockBit-1ecea8b0bc92378bf2bdd1c14ae1628c573569419b91cc34504d2c3f8bb9f8b2
0.9618096310353227,1.0,1.0,1.0,0.6637323943661972,1.0,0.625,1,LockBit-1ecea8b0bc92378bf2bdd1c14ae1628c573569419b91cc34504d2c3f8bb9f8b2
0.9618569889220068,1.0,1.0,1.0,0.6631578947368422,1.0,0.625,1,LockBit-1ecea8b0bc92378bf2bdd1c14ae1628c573569419b91cc34504d2c3f8bb9f8b2
0.9616227405859167,1.0,1.0,1.0,0.6625874125874126,1.0,0.625,1,LockBit-1ecea8b0bc92378bf2bdd1c14ae1628c573569419b91cc34504d2c3f8bb9f8b2
0.9618546858121563,1.0,1.0,1.0,0.662020905923345,1.0,0.625,1,LockBit-1ecea8b0bc92378bf2bdd1c14ae1628c573569419b91cc34504d2c3f8bb9f8b2
0.9619563910137822,1.0,1.0,1.0,0.6614583333333333,1.0,0.625,1,LockBit-1ecea8b0bc92378bf2bdd1c14ae1628c573569419b91cc34504d2c3f8bb9f8b2
0.9615308855033101,1.0,1.0,1.0,0.6608996539792388,1.0,0.625,1,LockBit-1ecea8b0bc92378bf2bdd1c14ae1628c573569419b91cc34504d2c3f8bb9f8b2
0.9619165308531431,1.0,1.0,1.0,0.6603448275862069,1.0,0.625,1,LockBit-1ecea8b0bc92378bf2bdd1c14ae1628c573569419b91cc34504d2c3f8bb9f8b2
0.9613182588912742,1.0,1.0,1.0,0.6597938144329897,1.0,0.625,1,LockBit-1ecea8b0bc92378bf2bdd1c14ae1628c573569419b91cc34504d2c3f8bb9f8b2
0.9618262117377395,1.0,1.0,1.0,0.6592465753424658,1.0,0.625,1,LockBit-1ecea8b0bc92378bf2bdd1c14ae1628c573569419b91cc34504d2c3f8bb9f8b2
0.9620479762193502,1.0,1.0,1.0,0.658703071672355,1.0,0.625,1,LockBit-1ecea8b0bc92378bf2bdd1c14ae1628c573569419b91cc34504d2c3f8bb9f8b2
0.9620682185108732,1.0,1.0,1.0,0.6581632653061225,1.0,0.625,1,LockBit-1ecea8b0bc92378bf2bdd1c14ae1628c573569419b91cc34504d2c3f8bb9f8b2
0.9622957751045631,1.0,1.0,1.0,0.6576271186440679,1.0,0.625,1,LockBit-1ecea8b0bc92378bf2bdd1c14ae1628c573569419b91cc34504d2c3f8bb9f8b2
0.9619468570731063,1.0,1.0,1.0,0.6570945945945945,1.0,0.625,1,LockBit-1ecea8b0bc92378bf2bdd1c14ae1628c573569419b91cc34504d2c3f8bb9f8b2
0.9620589263805465,1.0,1.0,1.0,0.6565656565656566,1.0,0.625,1,LockBit-1ecea8b0bc92378bf2bdd1c14ae1628c573569419b91cc34504d2c3f8bb9f8b2
0.9624394572961851,1.0,1.0,1.0,0.6560402684563759,1.0,0.625,1,LockBit-1ecea8b0bc92378bf2bdd1c14ae1628c573569419b91cc34504d2c3f8bb9f8b2
0.9617243957420354,1.0,1.0,1.0,0.6555183946488294,1.0,0.625,1,LockBit-1ecea8b0bc92378bf2bdd1c14ae1628c573569419b91cc34504d2c3f8bb9f8b2
0.9620765724752403,1.0,1.0,1.0,0.655,1.0,0.625,1,LockBit-1ecea8b0bc92378bf2bdd1c14ae1628c573569419b91cc34504d2c3f8bb9f8b2
0.9614312117065047,1.0,1.0,1.0,0.654485049833887,1.0,0.625,1,LockBit-1ecea8b0bc92378bf2bdd1c14ae1628c573569419b91cc34504d2c3f8bb9f8b2
0.9620730877692839,1.0,1.0,1.0,0.6539735099337749,1.0,0.625,1,LockBit-1ecea8b0bc92378bf2bdd1c14ae1628c573569419b91cc34504d2c3f8bb9f8b2
0.962445250695799,1.0,1.0,1.0,0.6534653465346535,1.0,0.625,1,LockBit-1ecea8b0bc92378bf2bdd1c14ae1628c573569419b91cc34504d2c3f8bb9f8b2
0.11547874722724377,1.0,1.0,1.0,0.6529605263157895,1.0,0.625,1,LockBit-1ecea8b0bc92378bf2bdd1c14ae1628c573569419b91cc34504d2c3f8bb9f8b2
0.9620940331385159,1.0,1.0,1.0,0.6524590163934426,1.0,0.625,1,LockBit-1ecea8b0bc92378bf2bdd1c14ae1628c573569419b91cc34504d2c3f8bb9f8b2
0.9644678354017189,1.0,1.0,1.0,0.6535947712418301,1.0,0.625,1,LockBit-1ecea8b0bc92378bf2bdd1c14ae1628c573569419b91cc34504d2c3f8bb9f8b2
0.9573664246021304,1.0,1.0,1.0,0.6530944625407167,1.0,0.625,1,LockBit-1ecea8b0bc92378bf2bdd1c14ae1628c573569419b91cc34504d2c3f8bb9f8b2
0.9478851380071882,1.0,1.0,1.0,0.6525974025974026,1.0,0.625,1,LockBit-1ecea8b0bc92378bf2bdd1c14ae1628c573569419b91cc34504d2c3f8bb9f8b2
0.9474386073299716,1.0,1.0,1.0,0.6521035598705502,1.0,0.625,1,LockBit-1ecea8b0bc92378bf2bdd1c14ae1628c573569419b91cc34504d2c3f8bb9f8b2
0.9575628555647712,1.0,1.0,1.0,0.6532258064516129,1.0,0.625,1,LockBit-1ecea8b0bc92378bf2bdd1c14ae1628c573569419b91cc34504d2c3f8bb9f8b2
0.6473287262000268,1.0,1.0,1.0,0.652733118971061,1.0,0.625,1,LockBit-1ecea8b0bc92378bf2bdd1c14ae1628c573569419b91cc34504d2c3f8bb9f8b2
0.4553884431277716,1.0,1.0,1.0,0.6522435897435898,1.0,0.625,1,LockBit-1ecea8b0bc92378bf2bdd1c14ae1628c573569419b91cc34504d2c3f8bb9f8b2
0.11789174607420132,1.0,1.0,1.0,0.6533546325878594,1.0,0.625,1,LockBit-1ecea8b0bc92378bf2bdd1c14ae1628c573569419b91cc34504d2c3f8bb9f8b2
0.11789174607420132,1.0,1.0,1.0,0.6544585987261147,1.0,0.625,1,LockBit-1ecea8b0bc92378bf2bdd1c14ae1628c573569419b91cc34504d2c3f8bb9f8b2
0.11789174607420132,1.0,1.0,1.0,0.6555555555555556,1.0,0.625,1,LockBit-1ecea8b0bc92378bf2bdd1c14ae1628c573569419b91cc34504d2c3f8bb9f8b2
0.11789174607420132,1.0,1.0,1.0,0.6566455696202531,1.0,0.625,1,LockBit-1ecea8b0bc92378bf2bdd1c14ae1628c573569419b91cc34504d2c3f8bb9f8b2
0.956240344271542,1.0,1.0,1.0,0.6561514195583595,1.0,0.625,1,LockBit-1ecea8b0bc92378bf2bdd1c14ae1628c573569419b91cc34504d2c3f8bb9f8b2
0.11789174607420132,1.0,1.0,1.0,0.6572327044025157,1.0,0.625,1,LockBit-1ecea8b0bc92378bf2bdd1c14ae1628c573569419b91cc34504d2c3f8bb9f8b2
0.9470283423831437,1.0,1.0,1.0,0.6567398119122256,1.0,0.625,1,LockBit-1ecea8b0bc92378bf2bdd1c14ae1628c573569419b91cc34504d2c3f8bb9f8b2
0.9485255638517108,1.0,1.0,1.0,0.65625,1.0,0.625,1,LockBit-1ecea8b0bc92378bf2bdd1c14ae1628c573569419b91cc34504d2c3f8bb9f8b2
0.9485255638517108,1.0,1.0,1.0,0.6557632398753894,1.0,0.625,1,LockBit-1ecea8b0bc92378bf2bdd1c14ae1628c573569419b91cc34504d2c3f8bb9f8b2
0.9474386073299716,1.0,1.0,1.0,0.65527950310559,1.0,0.625,1,LockBit-1ecea8b0bc92378bf2bdd1c14ae1628c573569419b91cc34504d2c3f8bb9f8b2
0.9470283423831437,1.0,1.0,1.0,0.6547987616099071,1.0,0.625,1,LockBit-1ecea8b0bc92378bf2bdd1c14ae1628c573569419b91cc34504d2c3f8bb9f8b2
0.9463516508082326,1.0,1.0,1.0,0.654320987654321,1.0,0.625,1,LockBit-1ecea8b0bc92378bf2bdd1c14ae1628c573569419b91cc34504d2c3f8bb9f8b2
0.9470283423831437,1.0,1.0,1.0,0.6538461538461539,1.0,0.625,1,LockBit-1ecea8b0bc92378bf2bdd1c14ae1628c573569419b91cc34504d2c3f8bb9f8b2
0.9470283423831437,1.0,1.0,1.0,0.6533742331288344,1.0,0.625,1,LockBit-1ecea8b0bc92378bf2bdd1c14ae1628c573569419b91cc34504d2c3f8bb9f8b2
0.9575628555647712,1.0,1.0,1.0,0.654434250764526,1.0,0.625,1,LockBit-1ecea8b0bc92378bf2bdd1c14ae1628c573569419b91cc34504d2c3f8bb9f8b2
0.13373670235203394,1.0,1.0,1.0,0.6554878048780488,1.0,0.625,1,LockBit-1ecea8b0bc92378bf2bdd1c14ae1628c573569419b91cc34504d2c3f8bb9f8b2
0.13373670235203394,1.0,1.0,1.0,0.6565349544072948,1.0,0.625,1,LockBit-1ecea8b0bc92378bf2bdd1c14ae1628c573569419b91cc34504d2c3f8bb9f8b2
0.9578960391959771,1.0,1.0,1.0,0.656060606060606,1.0,0.625,1,LockBit-1ecea8b0bc92378bf2bdd1c14ae1628c573569419b91cc34504d2c3f8bb9f8b2
0.9578548961541974,1.0,1.0,1.0,0.6555891238670695,1.0,0.625,1,LockBit-1ecea8b0bc92378bf2bdd1c14ae1628c573569419b91cc34504d2c3f8bb9f8b2
0.13373670235203394,1.0,1.0,1.0,0.6566265060240963,1.0,0.625,1,LockBit-1ecea8b0bc92378bf2bdd1c14ae1628c573569419b91cc34504d2c3f8bb9f8b2
0.13646075659328394,1.0,1.0,1.0,0.6561561561561562,1.0,0.625,1,LockBit-1ecea8b0bc92378bf2bdd1c14ae1628c573569419b91cc34504d2c3f8bb9f8b2
0.9548942675831956,1.0,1.0,1.0,0.655688622754491,1.0,0.625,1,LockBit-1ecea8b0bc92378bf2bdd1c14ae1628c573569419b91cc34504d2c3f8bb9f8b2
0.948751874194539,1.0,1.0,1.0,0.655223880597015,1.0,0.625,1,LockBit-1ecea8b0bc92378bf2bdd1c14ae1628c573569419b91cc34504d2c3f8bb9f8b2
0.9621245796190541,1.0,1.0,1.0,0.6547619047619048,1.0,0.625,1,LockBit-1ecea8b0bc92378bf2bdd1c14ae1628c573569419b91cc34504d2c3f8bb9f8b2
0.9567843540805765,1.0,1.0,1.0,0.6543026706231454,1.0,0.625,1,LockBit-1ecea8b0bc92378bf2bdd1c14ae1628c573569419b91cc34504d2c3f8bb9f8b2
0.9621245796190541,1.0,1.0,1.0,0.6553254437869822,1.0,0.625,1,LockBit-1ecea8b0bc92378bf2bdd1c14ae1628c573569419b91cc34504d2c3f8bb9f8b2
0.13373670235203394,1.0,1.0,1.0,0.6563421828908554,1.0,0.625,1,LockBit-1ecea8b0bc92378bf2bdd1c14ae1628c573569419b91cc34504d2c3f8bb9f8b2
0.9627052471757572,1.0,1.0,1.0,0.6558823529411765,1.0,0.625,1,LockBit-1ecea8b0bc92378bf2bdd1c14ae1628c573569419b91cc34504d2c3f8bb9f8b2
0.9510665115378354,1.0,1.0,1.0,0.655425219941349,1.0,0.625,1,LockBit-1ecea8b0bc92378bf2bdd1c14ae1628c573569419b91cc34504d2c3f8bb9f8b2
0.9621245796190541,1.0,1.0,1.0,0.6564327485380117,1.0,0.625,1,LockBit-1ecea8b0bc92378bf2bdd1c14ae1628c573569419b91cc34504d2c3f8bb9f8b2
0.9503750826845588,1.0,1.0,1.0,0.6559766763848396,1.0,0.625,1,LockBit-1ecea8b0bc92378bf2bdd1c14ae1628c573569419b91cc34504d2c3f8bb9f8b2
0.9621245796190541,1.0,1.0,1.0,0.6569767441860466,1.0,0.625,1,LockBit-1ecea8b0bc92378bf2bdd1c14ae1628c573569419b91cc34504d2c3f8bb9f8b2
0.9500900681521908,1.0,1.0,1.0,0.6565217391304348,1.0,0.625,1,LockBit-1ecea8b0bc92378bf2bdd1c14ae1628c573569419b91cc34504d2c3f8bb9f8b2
0.9621245796190541,1.0,1.0,1.0,0.6575144508670521,1.0,0.625,1,LockBit-1ecea8b0bc92378bf2bdd1c14ae1628c573569419b91cc34504d2c3f8bb9f8b2
0.965925191358444,1.0,1.0,1.0,0.6585014409221902,1.0,0.625,1,LockBit-1ecea8b0bc92378bf2bdd1c14ae1628c573569419b91cc34504d2c3f8bb9f8b2
0.9483702579891403,1.0,1.0,1.0,0.6580459770114943,1.0,0.625,1,LockBit-1ecea8b0bc92378bf2bdd1c14ae1628c573569419b91cc34504d2c3f8bb9f8b2
0.9621245796190541,1.0,1.0,1.0,0.6590257879656161,1.0,0.625,1,LockBit-1ecea8b0bc92378bf2bdd1c14ae1628c573569419b91cc34504d2c3f8bb9f8b2
0.9501794728499348,1.0,1.0,1.0,0.6585714285714286,1.0,0.625,1,LockBit-1ecea8b0bc92378bf2bdd1c14ae1628c573569419b91cc34504d2c3f8bb9f8b2
0.9501647002166396,1.0,1.0,1.0,0.6581196581196581,1.0,0.625,1,LockBit-1ecea8b0bc92378bf2bdd1c14ae1628c573569419b91cc34504d2c3f8bb9f8b2
0.9506937665256364,1.0,1.0,1.0,0.6576704545454546,1.0,0.625,1,LockBit-1ecea8b0bc92378bf2bdd1c14ae1628c573569419b91cc34504d2c3f8bb9f8b2
0.9495842347546967,1.0,1.0,1.0,0.6572237960339944,1.0,0.625,1,LockBit-1ecea8b0bc92378bf2bdd1c14ae1628c573569419b91cc34504d2c3f8bb9f8b2
0.9602933148700206,1.0,1.0,1.0,0.6567796610169492,1.0,0.625,1,LockBit-1ecea8b0bc92378bf2bdd1c14ae1628c573569419b91cc34504d2c3f8bb9f8b2
0.9602933148700206,1.0,1.0,1.0,0.6563380281690141,1.0,0.625,1,LockBit-1ecea8b0bc92378bf2bdd1c14ae1628c573569419b91cc34504d2c3f8bb9f8b2
0.9602933148700206,1.0,1.0,1.0,0.6558988764044944,1.0,0.625,1,LockBit-1ecea8b0bc92378bf2bdd1c14ae1628c573569419b91cc34504d2c3f8bb9f8b2
0.9612933148700207,1.0,1.0,1.0,0.6554621848739496,1.0,0.625,1,LockBit-1ecea8b0bc92378bf2bdd1c14ae1628c573569419b91cc34504d2c3f8bb9f8b2
0.9553418541564965,1.0,1.0,1.0,0.6550279329608939,1.0,0.625,1,LockBit-1ecea8b0bc92378bf2bdd1c14ae1628c573569419b91cc34504d2c3f8bb9f8b2
0.9553418541564965,1.0,1.0,1.0,0.6559888579387186,1.0,0.625,1,LockBit-1ecea8b0bc92378bf2bdd1c14ae1628c573569419b91cc34504d2c3f8bb9f8b2
0.9475450427155154,1.0,1.0,1.0,0.6555555555555556,1.0,0.625,1,LockBit-1ecea8b0bc92378bf2bdd1c14ae1628c573569419b91cc34504d2c3f8bb9f8b2
0.9621245796190541,1.0,1.0,1.0,0.6565096952908587,1.0,0.625,1,LockBit-1ecea8b0bc92378bf2bdd1c14ae1628c573569419b91cc34504d2c3f8bb9f8b2
0.9637219206358227,1.0,1.0,1.0,0.6560773480662984,1.0,0.625,1,LockBit-1ecea8b0bc92378bf2bdd1c14ae1628c573569419b91cc34504d2c3f8bb9f8b2
0.9645473662699577,1.0,1.0,1.0,0.6556473829201102,1.0,0.625,1,LockBit-1ecea8b0bc92378bf2bdd1c14ae1628c573569419b91cc34504d2c3f8bb9f8b2
0.9645838260648495,1.0,1.0,1.0,0.6552197802197802,1.0,0.625,1,LockBit-1ecea8b0bc92378bf2bdd1c14ae1628c573569419b91cc34504d2c3f8bb9f8b2
0.963233169101217,1.0,1.0,1.0,0.6547945205479452,1.0,0.625,1,LockBit-1ecea8b0bc92378bf2bdd1c14ae1628c573569419b91cc34504d2c3f8bb9f8b2
0.9634495241314951,1.0,1.0,1.0,0.6543715846994536,1.0,0.625,1,LockBit-1ecea8b0bc92378bf2bdd1c14ae1628c573569419b91cc34504d2c3f8bb9f8b2
0.9631807391717189,1.0,1.0,1.0,0.6539509536784741,1.0,0.625,1,LockBit-1ecea8b0bc92378bf2bdd1c14ae1628c573569419b91cc34504d2c3f8bb9f8b2
0.9640355789665417,1.0,1.0,1.0,0.6535326086956521,1.0,0.625,1,LockBit-1ecea8b0bc92378bf2bdd1c14ae1628c573569419b91cc34504d2c3f8bb9f8b2
0.9639431644530159,1.0,1.0,1.0,0.6531165311653117,1.0,0.625,1,LockBit-1ecea8b0bc92378bf2bdd1c14ae1628c573569419b91cc34504d2c3f8bb9f8b2
0.9638467131376522,1.0,1.0,1.0,0.6527027027027027,1.0,0.625,1,LockBit-1ecea8b0bc92378bf2bdd1c14ae1628c573569419b91cc34504d2c3f8bb9f8b2
0.9639601230407047,1.0,1.0,1.0,0.6522911051212938,1.0,0.625,1,LockBit-1ecea8b0bc92378bf2bdd1c14ae1628c573569419b91cc34504d2c3f8bb9f8b2
0.9638200796333244,1.0,1.0,1.0,0.6518817204301075,1.0,0.625,1,LockBit-1ecea8b0bc92378bf2bdd1c14ae1628c573569419b91cc34504d2c3f8bb9f8b2
0.9638645310163377,1.0,1.0,1.0,0.6514745308310992,1.0,0.625,1,LockBit-1ecea8b0bc92378bf2bdd1c14ae1628c573569419b91cc34504d2c3f8bb9f8b2
0.964266934512094,1.0,1.0,1.0,0.6510695187165776,1.0,0.625,1,LockBit-1ecea8b0bc92378bf2bdd1c14ae1628c573569419b91cc34504d2c3f8bb9f8b2
0.963926334661232,1.0,1.0,1.0,0.6506666666666667,1.0,0.625,1,LockBit-1ecea8b0bc92378bf2bdd1c14ae1628c573569419b91cc34504d2c3f8bb9f8b2
0.9642304319496744,1.0,1.0,1.0,0.6502659574468085,1.0,0.625,1,LockBit-1ecea8b0bc92378bf2bdd1c14ae1628c573569419b91cc34504d2c3f8bb9f8b2
0.9640360113649428,1.0,1.0,1.0,0.649867374005305,1.0,0.625,1,LockBit-1ecea8b0bc92378bf2bdd1c14ae1628c573569419b91cc34504d2c3f8bb9f8b2
0.9640683324373702,1.0,1.0,1.0,0.6494708994708995,1.0,0.625,1,LockBit-1ecea8b0bc92378bf2bdd1c14ae1628c573569419b91cc34504d2c3f8bb9f8b2
0.9648494187967007,1.0,1.0,1.0,0.6490765171503958,1.0,0.625,1,LockBit-1ecea8b0bc92378bf2bdd1c14ae1628c573569419b91cc34504d2c3f8bb9f8b2
0.9638363611227562,1.0,1.0,1.0,0.6486842105263158,1.0,0.625,1,LockBit-1ecea8b0bc92378bf2bdd1c14ae1628c573569419b91cc34504d2c3f8bb9f8b2
0.953076894723003,1.0,1.0,1.0,0.6482939632545932,1.0,0.625,1,LockBit-1ecea8b0bc92378bf2bdd1c14ae1628c573569419b91cc34504d2c3f8bb9f8b2
0.965925191358444,1.0,1.0,1.0,0.6492146596858639,1.0,0.625,1,LockBit-1ecea8b0bc92378bf2bdd1c14ae1628c573569419b91cc34504d2c3f8bb9f8b2
0.9640228528379456,1.0,1.0,1.0,0.6488250652741514,1.0,0.625,1,LockBit-1ecea8b0bc92378bf2bdd1c14ae1628c573569419b91cc34504d2c3f8bb9f8b2
0.964406432849815,1.0,1.0,1.0,0.6484375,1.0,0.625,1,LockBit-1ecea8b0bc92378bf2bdd1c14ae1628c573569419b91cc34504d2c3f8bb9f8b2
0.9637257665898638,1.0,1.0,1.0,0.648051948051948,1.0,0.625,1,LockBit-1ecea8b0bc92378bf2bdd1c14ae1628c573569419b91cc34504d2c3f8bb9f8b2
0.9641623105351633,1.0,1.0,1.0,0.6476683937823835,1.0,0.625,1,LockBit-1ecea8b0bc92378bf2bdd1c14ae1628c573569419b91cc34504d2c3f8bb9f8b2
0.9639203729506597,1.0,1.0,1.0,0.6472868217054264,1.0,0.625,1,LockBit-1ecea8b0bc92378bf2bdd1c14ae1628c573569419b91cc34504d2c3f8bb9f8b2
0.9638148237428383,1.0,1.0,1.0,0.6469072164948453,1.0,0.625,1,LockBit-1ecea8b0bc92378bf2bdd1c14ae1628c573569419b91cc34504d2c3f8bb9f8b2
0.9639858760598051,1.0,1.0,1.0,0.6465295629820051,1.0,0.625,1,LockBit-1ecea8b0bc92378bf2bdd1c14ae1628c573569419b91cc34504d2c3f8bb9f8b2
0.9644465314997492,1.0,1.0,1.0,0.6461538461538461,1.0,0.625,1,LockBit-1ecea8b0bc92378bf2bdd1c14ae1628c573569419b91cc34504d2c3f8bb9f8b2
0.9644481628335645,1.0,1.0,1.0,0.6457800511508951,1.0,0.625,1,LockBit-1ecea8b0bc92378bf2bdd1c14ae1628c573569419b91cc34504d2c3f8bb9f8b2
0.9644332799632352,1.0,1.0,1.0,0.6454081632653061,1.0,0.625,1,LockBit-1ecea8b0bc92378bf2bdd1c14ae1628c573569419b91cc34504d2c3f8bb9f8b2
0.9644496209272926,1.0,1.0,1.0,0.6450381679389313,1.0,0.625,1,LockBit-1ecea8b0bc92378bf2bdd1c14ae1628c573569419b91cc34504d2c3f8bb9f8b2
0.9638399244367933,1.0,1.0,1.0,0.6446700507614214,1.0,0.625,1,LockBit-1ecea8b0bc92378bf2bdd1c14ae1628c573569419b91cc34504d2c3f8bb9f8b2
0.9637817040693915,1.0,1.0,1.0,0.6443037974683544,1.0,0.625,1,LockBit-1ecea8b0bc92378bf2bdd1c14ae1628c573569419b91cc34504d2c3f8bb9f8b2
0.9638569025825093,1.0,1.0,1.0,0.6439393939393939,1.0,0.625,1,LockBit-1ecea8b0bc92378bf2bdd1c14ae1628c573569419b91cc34504d2c3f8bb9f8b2
0.9485255638517108,1.0,1.0,1.0,0.6435768261964736,1.0,0.625,1,LockBit-1ecea8b0bc92378bf2bdd1c14ae1628c573569419b91cc34504d2c3f8bb9f8b2
0.9474386073299716,1.0,1.0,1.0,0.6432160804020101,1.0,0.625,1,LockBit-1ecea8b0bc92378bf2bdd1c14ae1628c573569419b91cc34504d2c3f8bb9f8b2
0.9470283423831437,1.0,1.0,1.0,0.6428571428571428,1.0,0.625,1,LockBit-1ecea8b0bc92378bf2bdd1c14ae1628c573569419b91cc34504d2c3f8bb9f8b2
0.9474386073299716,1.0,1.0,1.0,0.6425000000000001,1.0,0.625,1,LockBit-1ecea8b0bc92378bf2bdd1c14ae1628c573569419b91cc34504d2c3f8bb9f8b2
0.9586941390001698,0.5435275175560625,0.02,0.05,0.8,0.0,0.625,1,LockBit-3c4fb5a1a8cdc44675df9d61c55a83b6f017a84cb01b06053b8f3953f9794d90
0.11789174607420132,1.0,0.04,0.1,0.5,0.04960159612028318,0.625,1,LockBit-3c4fb5a1a8cdc44675df9d61c55a83b6f017a84cb01b06053b8f3953f9794d90
0.11789174607420132,0.9984694479713981,0.06,0.1,0.6666666666666667,0.098807962873877,0.625,1,LockBit-3c4fb5a1a8cdc44675df9d61c55a83b6f017a84cb01b06053b8f3953f9794d90
0.957795606986198,0.8036063203192049,0.08,0.15,0.625,0.14762224947904282,0.625,1,LockBit-3c4fb5a1a8cdc44675df9d61c55a83b6f017a84cb01b06053b8f3953f9794d90
0.957795606986198,0.6646585871386217,0.08,0.15,0.7,0.19604758006082648,0.625,1,LockBit-3c4fb5a1a8cdc44675df9d61c55a83b6f017a84cb01b06053b8f3953f9794d90
0.7384144687961454,0.5602679534539506,0.1,0.2,0.6666666666666667,0.24408705385100307,0.625,1,LockBit-3c4fb5a1a8cdc44675df9d61c55a83b6f017a84cb01b06053b8f3953f9794d90
0.11946592814955426,0.8007107071781141,0.12,0.25,0.6428571428571428,0.2917437453864285,0.625,1,LockBit-3c4fb5a1a8cdc44675df9d61c55a83b6f017a84cb01b06053b8f3953f9794d90
0.48943283463784887,0.7090185299130571,0.14,0.3,0.625,0.33902070470581025,0.625,1,LockBit-3c4fb5a1a8cdc44675df9d61c55a83b6f017a84cb01b06053b8f3953f9794d90
0.11946592814955426,0.875194896305902,0.14,0.3,0.6666666666666667,0.38592095754491085,0.625,1,LockBit-3c4fb5a1a8cdc44675df9d61c55a83b6f017a84cb01b06053b8f3953f9794d90
0.11839419137005573,0.7877590705177584,0.16,0.35,0.65,0.4324475055301956,0.625,1,LockBit-3c4fb5a1a8cdc44675df9d61c55a83b6f017a84cb01b06053b8f3953f9794d90
0.11839419137005573,0.7111338760730506,0.16,0.35,0.6818181818181819,0.47860332637093694,0.625,1,LockBit-3c4fb5a1a8cdc44675df9d61c55a83b6f017a84cb01b06053b8f3953f9794d90
0.9542652344738698,0.6689931015317339,0.18,0.4,0.6666666666666667,0.524391374049789,0.625,1,LockBit-3c4fb5a1a8cdc44675df9d61c55a83b6f017a84cb01b06053b8f3953f9794d90
0.9558179283899949,0.6267406651329955,0.2,0.45,0.6538461538461539,0.5698145790118427,0.625,1,LockBit-3c4fb5a1a8cdc44675df9d61c55a83b6f017a84cb01b06053b8f3953f9794d90
0.9542652344738698,0.5926953682240786,0.2,0.45,0.6785714285714286,0.6148757310739256,0.625,1,LockBit-3c4fb5a1a8cdc44675df9d61c55a83b6f017a84cb01b06053b8f3953f9794d90
0.9558179283899949,0.5647675255552467,0.2,0.45,0.7,0.6595779496581373,0.625,1,LockBit-3c4fb5a1a8cdc44675df9d61c55a83b6f017a84cb01b06053b8f3953f9794d90
0.13373670235203394,0.6618367143514025,0.22,0.5,0.6875,0.7039239774960311,0.625,1,LockBit-3c4fb5a1a8cdc44675df9d61c55a83b6f017a84cb01b06053b8f3953f9794d90
0.6277869284935209,0.6260426941907418,0.24,0.55,0.6764705882352942,0.7479166527431119,0.625,1,LockBit-3c4fb5a1a8cdc44675df9d61c55a83b6f017a84cb01b06053b8f3953f9794d90
0.1261660874599347,0.707949244312164,0.26,0.6,0.6666666666666667,0.7915587909402417,0.625,1,LockBit-3c4fb5a1a8cdc44675df9d61c55a83b6f017a84cb01b06053b8f3953f9794d90
0.13373670235203394,0.6673639265472502,0.26,0.6,0.6842105263157895,0.8348531851938338,0.625,1,LockBit-3c4fb5a1a8cdc44675df9d61c55a83b6f017a84cb01b06053b8f3953f9794d90
0.13373670235203394,0.6404572674757605,0.26,0.6,0.7,0.8778026063546134,0.625,1,LockBit-3c4fb5a1a8cdc44675df9d61c55a83b6f017a84cb01b06053b8f3953f9794d90
0.9579532914154962,0.708889230743796,0.28,0.65,0.6904761904761905,0.9204098031949522,0.625,1,LockBit-3c4fb5a1a8cdc44675df9d61c55a83b6f017a84cb01b06053b8f3953f9794d90
0.9569256895926653,0.674005449726282,0.3,0.7,0.6818181818181819,0.9626775025847902,0.625,1,LockBit-3c4fb5a1a8cdc44675df9d61c55a83b6f017a84cb01b06053b8f3953f9794d90
0.11789174607420132,0.7431398030429632,0.3,0.7,0.6956521739130435,1.0,0.625,1,LockBit-3c4fb5a1a8cdc44675df9d61c55a83b6f017a84cb01b06053b8f3953f9794d90
0.11789174607420132,0.7195838055861764,0.3,0.7,0.7083333333333333,1.0,0.625,1,LockBit-3c4fb5a1a8cdc44675df9d61c55a83b6f017a84cb01b06053b8f3953f9794d90
0.9571592642790687,0.7728727963262874,0.32,0.75,0.7,1.0,0.625,1,LockBit-3c4fb5a1a8cdc44675df9d61c55a83b6f017a84cb01b06053b8f3953f9794d90
0.1261660874599347,0.8218406236262545,0.32,0.75,0.7115384615384616,1.0,0.625,1,LockBit-3c4fb5a1a8cdc44675df9d61c55a83b6f017a84cb01b06053b8f3953f9794d90
0.11789174607420132,0.7896531915680508,0.32,0.75,0.7222222222222222,1.0,0.625,1,LockBit-3c4fb5a1a8cdc44675df9d61c55a83b6f017a84cb01b06053b8f3953f9794d90
0.11789174607420132,0.7588859703088584,0.32,0.75,0.7321428571428572,1.0,0.625,1,LockBit-3c4fb5a1a8cdc44675df9d61c55a83b6f017a84cb01b06053b8f3953f9794d90
0.11789174607420132,0.736959430858372,0.32,0.75,0.7413793103448276,1.0,0.625,1,LockBit-3c4fb5a1a8cdc44675df9d61c55a83b6f017a84cb01b06053b8f3953f9794d90
0.11789174607420132,0.7188450892164694,0.32,0.75,0.75,1.0,0.625,1,LockBit-3c4fb5a1a8cdc44675df9d61c55a83b6f017a84cb01b06053b8f3953f9794d90
0.11789174607420132,0.7033256265093246,0.32,0.75,0.7580645161290323,1.0,0.625,1,LockBit-3c4fb5a1a8cdc44675df9d61c55a83b6f017a84cb01b06053b8f3953f9794d90
0.1261660874599347,0.6897698205661809,0.32,0.75,0.765625,1.0,0.625,1,LockBit-3c4fb5a1a8cdc44675df9d61c55a83b6f017a84cb01b06053b8f3953f9794d90
0.12166030539661564,0.672605018240748,0.34,0.8,0.7575757575757576,1.0,0.625,1,LockBit-3c4fb5a1a8cdc44675df9d61c55a83b6f017a84cb01b06053b8f3953f9794d90
0.9609838368035016,0.7177244490477784,0.36,0.85,0.75,1.0,0.625,1,LockBit-3c4fb5a1a8cdc44675df9d61c55a83b6f017a84cb01b06053b8f3953f9794d90
0.13373670235203394,0.760144374471863,0.36,0.85,0.7571428571428571,1.0,0.625,1,LockBit-3c4fb5a1a8cdc44675df9d61c55a83b6f017a84cb01b06053b8f3953f9794d90
0.11789174607420132,0.7441981739259489,0.36,0.85,0.7638888888888888,1.0,0.625,1,LockBit-3c4fb5a1a8cdc44675df9d61c55a83b6f017a84cb01b06053b8f3953f9794d90
0.11789174607420132,0.7315802022308464,0.36,0.85,0.7702702702702703,1.0,0.625,1,LockBit-3c4fb5a1a8cdc44675df9d61c55a83b6f017a84cb01b06053b8f3953f9794d90
0.9619144853734253,0.7719565206378648,0.38,0.9,0.7631578947368421,1.0,0.625,1,LockBit-3c4fb5a1a8cdc44675df9d61c55a83b6f017a84cb01b06053b8f3953f9794d90
0.11789174607420132,0.8101648996665535,0.38,0.9,0.7692307692307692,1.0,0.625,1,LockBit-3c4fb5a1a8cdc44675df9d61c55a83b6f017a84cb01b06053b8f3953f9794d90
0.1261660874599347,0.7971631376032855,0.38,0.9,0.775,1.0,0.625,1,LockBit-3c4fb5a1a8cdc44675df9d61c55a83b6f017a84cb01b06053b8f3953f9794d90
0.11789174607420132,0.7829906761781109,0.38,0.9,0.7804878048780488,1.0,0.625,1,LockBit-3c4fb5a1a8cdc44675df9d61c55a83b6f017a84cb01b06053b8f3953f9794d90
0.9542652344738698,0.8191166099589001,0.38,0.9,0.7857142857142857,1.0,0.625,1,LockBit-3c4fb5a1a8cdc44675df9d61c55a83b6f017a84cb01b06053b8f3953f9794d90
0.9558179283899949,0.8070490950542941,0.38,0.9,0.7906976744186046,1.0,0.625,1,LockBit-3c4fb5a1a8cdc44675df9d61c55a83b6f017a84cb01b06053b8f3953f9794d90
0.13373670235203394,0.8408318243567404,0.38,0.9,0.7954545454545454,1.0,0.625,1,LockBit-3c4fb5a1a8cdc44675df9d61c55a83b6f017a84cb01b06053b8f3953f9794d90
0.1261660874599347,0.8274568063256069,0.38,0.9,0.8,1.0,0.625,1,LockBit-3c4fb5a1a8cdc44675df9d61c55a83b6f017a84cb01b06053b8f3953f9794d90
0.11789174607420132,0.8152251177028733,0.38,0.9,0.8043478260869565,1.0,0.625,1,LockBit-3c4fb5a1a8cdc44675df9d61c55a83b6f017a84cb01b06053b8f3953f9794d90
0.11789174607420132,0.8043760103736807,0.38,0.9,0.8085106382978724,1.0,0.625,1,LockBit-3c4fb5a1a8cdc44675df9d61c55a83b6f017a84cb01b06053b8f3953f9794d90
0.11789174607420132,0.7942496424889657,0.38,0.9,0.8125,1.0,0.625,1,LockBit-3c4fb5a1a8cdc44675df9d61c55a83b6f017a84cb01b06053b8f3953f9794d90
0.957282510180293,0.8252699436066256,0.4,0.95,0.8061224489795918,1.0,0.625,1,LockBit-3c4fb5a1a8cdc44675df9d61c55a83b6f017a84cb01b06053b8f3953f9794d90
0.11789174607420132,0.8549905431613137,0.4,0.95,0.81,1.0,0.625,1,LockBit-3c4fb5a1a8cdc44675df9d61c55a83b6f017a84cb01b06053b8f3953f9794d90
0.9911979091752522,0.8972707258668555,0.42,1.0,0.803921568627451,1.0,0.625,1,LockBit-3c4fb5a1a8cdc44675df9d61c55a83b6f017a84cb01b06053b8f3953f9794d90
0.12152170025982928,0.8972707258668553,0.44,1.0,0.7980769230769231,1.0,0.625,1,LockBit-3c4fb5a1a8cdc44675df9d61c55a83b6f017a84cb01b06053b8f3953f9794d90
0.12152170025982928,0.941024869704999,0.44,1.0,0.8018867924528301,1.0,0.625,1,LockBit-3c4fb5a1a8cdc44675df9d61c55a83b6f017a84cb01b06053b8f3953f9794d90
0.12152170025982928,0.9873050359976198,0.44,1.0,0.8055555555555556,1.0,0.625,1,LockBit-3c4fb5a1a8cdc44675df9d61c55a83b6f017a84cb01b06053b8f3953f9794d90
0.9633870453948996,1.0,0.46,1.0,0.8,1.0,0.625,1,LockBit-3c4fb5a1a8cdc44675df9d61c55a83b6f017a84cb01b06053b8f3953f9794d90
0.9633870453948996,1.0,0.46,1.0,0.8035714285714286,1.0,0.625,1,LockBit-3c4fb5a1a8cdc44675df9d61c55a83b6f017a84cb01b06053b8f3953f9794d90
0.11789174607420132,1.0,0.46,1.0,0.8070175438596492,1.0,0.625,1,LockBit-3c4fb5a1a8cdc44675df9d61c55a83b6f017a84cb01b06053b8f3953f9794d90
0.9586941390001698,1.0,0.46,1.0,0.8103448275862069,1.0,0.625,1,LockBit-3c4fb5a1a8cdc44675df9d61c55a83b6f017a84cb01b06053b8f3953f9794d90
0.9586941390001698,1.0,0.46,1.0,0.8135593220338984,1.0,0.625,1,LockBit-3c4fb5a1a8cdc44675df9d61c55a83b6f017a84cb01b06053b8f3953f9794d90
0.09294587706181785,1.0,0.48,1.0,0.8083333333333333,1.0,0.625,1,LockBit-3c4fb5a1a8cdc44675df9d61c55a83b6f017a84cb01b06053b8f3953f9794d90
0.9586941390001698,1.0,0.48,1.0,0.8114754098360656,1.0,0.625,1,LockBit-3c4fb5a1a8cdc44675df9d61c55a83b6f017a84cb01b06053b8f3953f9794d90
0.11139162410701621,1.0,0.5,1.0,0.8064516129032258,1.0,0.625,1,LockBit-3c4fb5a1a8cdc44675df9d61c55a83b6f017a84cb01b06053b8f3953f9794d90
0.9586941390001698,1.0,0.5,1.0,0.8095238095238095,1.0,0.625,1,LockBit-3c4fb5a1a8cdc44675df9d61c55a83b6f017a84cb01b06053b8f3953f9794d90
0.9586941390001698,1.0,0.5,1.0,0.8125,1.0,0.625,1,LockBit-3c4fb5a1a8cdc44675df9d61c55a83b6f017a84cb01b06053b8f3953f9794d90
0.11789174607420132,1.0,0.5,1.0,0.8153846153846154,1.0,0.625,1,LockBit-3c4fb5a1a8cdc44675df9d61c55a83b6f017a84cb01b06053b8f3953f9794d90
0.11789174607420132,1.0,0.5,1.0,0.8181818181818181,1.0,0.625,1,LockBit-3c4fb5a1a8cdc44675df9d61c55a83b6f017a84cb01b06053b8f3953f9794d90
0.5068324823692737,1.0,0.52,1.0,0.8134328358208955,1.0,0.625,1,LockBit-3c4fb5a1a8cdc44675df9d61c55a83b6f017a84cb01b06053b8f3953f9794d90
0.5068324823692737,1.0,0.52,1.0,0.8161764705882353,1.0,0.625,1,LockBit-3c4fb5a1a8cdc44675df9d61c55a83b6f017a84cb01b06053b8f3953f9794d90
0.5068324823692737,1.0,0.52,1.0,0.8188405797101449,1.0,0.625,1,LockBit-3c4fb5a1a8cdc44675df9d61c55a83b6f017a84cb01b06053b8f3953f9794d90
0.5068324823692737,1.0,0.52,1.0,0.8214285714285714,1.0,0.625,1,LockBit-3c4fb5a1a8cdc44675df9d61c55a83b6f017a84cb01b06053b8f3953f9794d90
0.5068324823692737,1.0,0.52,1.0,0.823943661971831,1.0,0.625,1,LockBit-3c4fb5a1a8cdc44675df9d61c55a83b6f017a84cb01b06053b8f3953f9794d90
0.5068324823692737,1.0,0.52,1.0,0.8263888888888888,1.0,0.625,1,LockBit-3c4fb5a1a8cdc44675df9d61c55a83b6f017a84cb01b06053b8f3953f9794d90
0.5068324823692737,1.0,0.52,1.0,0.8287671232876712,1.0,0.625,1,LockBit-3c4fb5a1a8cdc44675df9d61c55a83b6f017a84cb01b06053b8f3953f9794d90
0.5068324823692737,1.0,0.52,1.0,0.8310810810810811,1.0,0.625,1,LockBit-3c4fb5a1a8cdc44675df9d61c55a83b6f017a84cb01b06053b8f3953f9794d90
0.5068324823692737,1.0,0.52,1.0,0.8333333333333334,1.0,0.625,1,LockBit-3c4fb5a1a8cdc44675df9d61c55a83b6f017a84cb01b06053b8f3953f9794d90
0.5068324823692737,1.0,0.52,1.0,0.8355263157894737,1.0,0.625,1,LockBit-3c4fb5a1a8cdc44675df9d61c55a83b6f017a84cb01b06053b8f3953f9794d90
0.5068324823692737,1.0,0.52,1.0,0.8376623376623377,1.0,0.625,1,LockBit-3c4fb5a1a8cdc44675df9d61c55a83b6f017a84cb01b06053b8f3953f9794d90
0.5068324823692737,1.0,0.52,1.0,0.8397435897435898,1.0,0.625,1,LockBit-3c4fb5a1a8cdc44675df9d61c55a83b6f017a84cb01b06053b8f3953f9794d90
0.5068324823692737,1.0,0.52,1.0,0.8417721518987342,1.0,0.625,1,LockBit-3c4fb5a1a8cdc44675df9d61c55a83b6f017a84cb01b06053b8f3953f9794d90
0.5068324823692737,1.0,0.52,1.0,0.84375,1.0,0.625,1,LockBit-3c4fb5a1a8cdc44675df9d61c55a83b6f017a84cb01b06053b8f3953f9794d90
0.5068324823692737,1.0,0.52,1.0,0.845679012345679,1.0,0.625,1,LockBit-3c4fb5a1a8cdc44675df9d61c55a83b6f017a84cb01b06053b8f3953f9794d90
0.5068324823692737,1.0,0.52,1.0,0.8475609756097561,1.0,0.625,1,LockBit-3c4fb5a1a8cdc44675df9d61c55a83b6f017a84cb01b06053b8f3953f9794d90
0.5068324823692737,1.0,0.52,1.0,0.8493975903614458,1.0,0.625,1,LockBit-3c4fb5a1a8cdc44675df9d61c55a83b6f017a84cb01b06053b8f3953f9794d90
0.5068324823692737,1.0,0.52,1.0,0.8511904761904762,1.0,0.625,1,LockBit-3c4fb5a1a8cdc44675df9d61c55a83b6f017a84cb01b06053b8f3953f9794d90
0.5068324823692737,1.0,0.52,1.0,0.8529411764705882,1.0,0.625,1,LockBit-3c4fb5a1a8cdc44675df9d61c55a83b6f017a84cb01b06053b8f3953f9794d90
0.5068324823692737,1.0,0.52,1.0,0.8546511627906976,1.0,0.625,1,LockBit-3c4fb5a1a8cdc44675df9d61c55a83b6f017a84cb01b06053b8f3953f9794d90
0.11789174607420132,1.0,0.52,1.0,0.8563218390804598,1.0,0.625,1,LockBit-3c4fb5a1a8cdc44675df9d61c55a83b6f017a84cb01b06053b8f3953f9794d90
0.11789174607420132,1.0,0.52,1.0,0.8579545454545454,1.0,0.625,1,LockBit-3c4fb5a1a8cdc44675df9d61c55a83b6f017a84cb01b06053b8f3953f9794d90
0.11789174607420132,1.0,0.52,1.0,0.8595505617977528,1.0,0.625,1,LockBit-3c4fb5a1a8cdc44675df9d61c55a83b6f017a84cb01b06053b8f3953f9794d90
0.5068324823692737,1.0,0.52,1.0,0.8611111111111112,1.0,0.625,1,LockBit-3c4fb5a1a8cdc44675df9d61c55a83b6f017a84cb01b06053b8f3953f9794d90
0.5068324823692737,1.0,0.52,1.0,0.8626373626373627,1.0,0.625,1,LockBit-3c4fb5a1a8cdc44675df9d61c55a83b6f017a84cb01b06053b8f3953f9794d90
0.5068324823692737,1.0,0.52,1.0,0.8641304347826086,1.0,0.625,1,LockBit-3c4fb5a1a8cdc44675df9d61c55a83b6f017a84cb01b06053b8f3953f9794d90
0.5068324823692737,1.0,0.52,1.0,0.8655913978494624,1.0,0.625,1,LockBit-3c4fb5a1a8cdc44675df9d61c55a83b6f017a84cb01b06053b8f3953f9794d90
0.5068324823692737,1.0,0.52,1.0,0.8670212765957447,1.0,0.625,1,LockBit-3c4fb5a1a8cdc44675df9d61c55a83b6f017a84cb01b06053b8f3953f9794d90
0.5068324823692737,1.0,0.52,1.0,0.868421052631579,1.0,0.625,1,LockBit-3c4fb5a1a8cdc44675df9d61c55a83b6f017a84cb01b06053b8f3953f9794d90
0.5068324823692737,1.0,0.52,1.0,0.8697916666666666,1.0,0.625,1,LockBit-3c4fb5a1a8cdc44675df9d61c55a83b6f017a84cb01b06053b8f3953f9794d90
0.5068324823692737,1.0,0.52,1.0,0.8711340206185567,1.0,0.625,1,LockBit-3c4fb5a1a8cdc44675df9d61c55a83b6f017a84cb01b06053b8f3953f9794d90
0.5068324823692737,1.0,0.52,1.0,0.8724489795918368,1.0,0.625,1,LockBit-3c4fb5a1a8cdc44675df9d61c55a83b6f017a84cb01b06053b8f3953f9794d90
0.5068324823692737,1.0,0.52,1.0,0.8737373737373737,1.0,0.625,1,LockBit-3c4fb5a1a8cdc44675df9d61c55a83b6f017a84cb01b06053b8f3953f9794d90
0.5068324823692737,1.0,0.52,1.0,0.875,1.0,0.625,1,LockBit-3c4fb5a1a8cdc44675df9d61c55a83b6f017a84cb01b06053b8f3953f9794d90
0.5068324823692737,1.0,0.52,1.0,0.8762376237623762,1.0,0.625,1,LockBit-3c4fb5a1a8cdc44675df9d61c55a83b6f017a84cb01b06053b8f3953f9794d90
0.11789174607420132,1.0,0.52,1.0,0.8774509803921569,1.0,0.625,1,LockBit-3c4fb5a1a8cdc44675df9d61c55a83b6f017a84cb01b06053b8f3953f9794d90
0.5068324823692737,1.0,0.52,1.0,0.8786407766990292,1.0,0.625,1,LockBit-3c4fb5a1a8cdc44675df9d61c55a83b6f017a84cb01b06053b8f3953f9794d90
0.11789174607420132,1.0,0.52,1.0,0.8798076923076923,1.0,0.625,1,LockBit-3c4fb5a1a8cdc44675df9d61c55a83b6f017a84cb01b06053b8f3953f9794d90
0.5068324823692737,1.0,0.52,1.0,0.8809523809523809,1.0,0.625,1,LockBit-3c4fb5a1a8cdc44675df9d61c55a83b6f017a84cb01b06053b8f3953f9794d90
0.5068324823692737,1.0,0.52,1.0,0.8820754716981132,1.0,0.625,1,LockBit-3c4fb5a1a8cdc44675df9d61c55a83b6f017a84cb01b06053b8f3953f9794d90
0.5068324823692737,1.0,0.52,1.0,0.883177570093458,1.0,0.625,1,LockBit-3c4fb5a1a8cdc44675df9d61c55a83b6f017a84cb01b06053b8f3953f9794d90
0.5068324823692737,1.0,0.52,1.0,0.8842592592592593,1.0,0.625,1,LockBit-3c4fb5a1a8cdc44675df9d61c55a83b6f017a84cb01b06053b8f3953f9794d90
0.5068324823692737,1.0,0.52,1.0,0.8853211009174312,1.0,0.625,1,LockBit-3c4fb5a1a8cdc44675df9d61c55a83b6f017a84cb01b06053b8f3953f9794d90
0.5068324823692737,1.0,0.52,1.0,0.8863636363636364,1.0,0.625,1,LockBit-3c4fb5a1a8cdc44675df9d61c55a83b6f017a84cb01b06053b8f3953f9794d90
0.5068324823692737,1.0,0.52,1.0,0.8873873873873874,1.0,0.625,1,LockBit-3c4fb5a1a8cdc44675df9d61c55a83b6f017a84cb01b06053b8f3953f9794d90
0.5068324823692737,1.0,0.52,1.0,0.8883928571428571,1.0,0.625,1,LockBit-3c4fb5a1a8cdc44675df9d61c55a83b6f017a84cb01b06053b8f3953f9794d90
0.5068324823692737,1.0,0.52,1.0,0.8893805309734513,1.0,0.625,1,LockBit-3c4fb5a1a8cdc44675df9d61c55a83b6f017a84cb01b06053b8f3953f9794d90
0.5068324823692737,1.0,0.52,1.0,0.8903508771929824,1.0,0.625,1,LockBit-3c4fb5a1a8cdc44675df9d61c55a83b6f017a84cb01b06053b8f3953f9794d90
0.5068324823692737,1.0,0.52,1.0,0.8913043478260869,1.0,0.625,1,LockBit-3c4fb5a1a8cdc44675df9d61c55a83b6f017a84cb01b06053b8f3953f9794d90
0.5068324823692737,1.0,0.52,1.0,0.8922413793103449,1.0,0.625,1,LockBit-3c4fb5a1a8cdc44675df9d61c55a83b6f017a84cb01b06053b8f3953f9794d90
0.5068324823692737,1.0,0.52,1.0,0.8931623931623932,1.0,0.625,1,LockBit-3c4fb5a1a8cdc44675df9d61c55a83b6f017a84cb01b06053b8f3953f9794d90
0.5068324823692737,1.0,0.52,1.0,0.8940677966101696,1.0,0.625,1,LockBit-3c4fb5a1a8cdc44675df9d61c55a83b6f017a84cb01b06053b8f3953f9794d90
0.5068324823692737,1.0,0.52,1.0,0.8949579831932774,1.0,0.625,1,LockBit-3c4fb5a1a8cdc44675df9d61c55a83b6f017a84cb01b06053b8f3953f9794d90
0.5068324823692737,1.0,0.52,1.0,0.8958333333333334,1.0,0.625,1,LockBit-3c4fb5a1a8cdc44675df9d61c55a83b6f017a84cb01b06053b8f3953f9794d90
0.5068324823692737,1.0,0.52,1.0,0.8966942148760331,1.0,0.625,1,LockBit-3c4fb5a1a8cdc44675df9d61c55a83b6f017a84cb01b06053b8f3953f9794d90
0.5068324823692737,1.0,0.52,1.0,0.8975409836065573,1.0,0.625,1,LockBit-3c4fb5a1a8cdc44675df9d61c55a83b6f017a84cb01b06053b8f3953f9794d90
0.5068324823692737,1.0,0.52,1.0,0.8983739837398375,1.0,0.625,1,LockBit-3c4fb5a1a8cdc44675df9d61c55a83b6f017a84cb01b06053b8f3953f9794d90
0.5068324823692737,1.0,0.52,1.0,0.8991935483870968,1.0,0.625,1,LockBit-3c4fb5a1a8cdc44675df9d61c55a83b6f017a84cb01b06053b8f3953f9794d90
0.5068324823692737,1.0,0.52,1.0,0.9,1.0,0.625,1,LockBit-3c4fb5a1a8cdc44675df9d61c55a83b6f017a84cb01b06053b8f3953f9794d90
0.5068324823692737,1.0,0.52,1.0,0.9007936507936508,1.0,0.625,1,LockBit-3c4fb5a1a8cdc44675df9d61c55a83b6f017a84cb01b06053b8f3953f9794d90
0.5068324823692737,1.0,0.52,0.9920634995722658,0.9015748031496063,1.0,0.625,1,LockBit-3c4fb5a1a8cdc44675df9d61c55a83b6f017a84cb01b06053b8f3953f9794d90
0.5068324823692737,1.0,0.52,0.9842519832859187,0.90234375,1.0,0.625,1,LockBit-3c4fb5a1a8cdc44675df9d61c55a83b6f017a84cb01b06053b8f3953f9794d90
0.5068324823692737,1.0,0.52,0.9765625218278734,0.9031007751937985,1.0,0.625,1,LockBit-3c4fb5a1a8cdc44675df9d61c55a83b6f017a84cb01b06053b8f3953f9794d90
0.5068324823692737,1.0,0.52,0.9689922767163737,0.9038461538461539,1.0,0.625,1,LockBit-3c4fb5a1a8cdc44675df9d61c55a83b6f017a84cb01b06053b8f3953f9794d90
0.5068324823692737,1.0,0.52,0.9615384968074834,0.9045801526717557,1.0,0.625,1,LockBit-3c4fb5a1a8cdc44675df9d61c55a83b6f017a84cb01b06053b8f3953f9794d90
0.5068324823692737,1.0,0.52,0.9541985149615855,0.9053030303030303,1.0,0.625,1,LockBit-3c4fb5a1a8cdc44675df9d61c55a83b6f017a84cb01b06053b8f3953f9794d90
0.5068324823692737,1.0,0.52,0.9469697448614021,0.9060150375939849,1.0,0.625,1,LockBit-3c4fb5a1a8cdc44675df9d61c55a83b6f017a84cb01b06053b8f3953f9794d90
0.5068324823692737,1.0,0.52,0.9398496779735639,0.9067164179104478,1.0,0.625,1,LockBit-3c4fb5a1a8cdc44675df9d61c55a83b6f017a84cb01b06053b8f3953f9794d90
0.4454424359556231,1.0,0.54,0.9701493158720774,0.9037037037037037,1.0,0.625,1,LockBit-3c4fb5a1a8cdc44675df9d61c55a83b6f017a84cb01b06053b8f3953f9794d90
0.9616841299347422,1.0,0.56,1.0,0.9007352941176471,1.0,0.625,1,LockBit-3c4fb5a1a8cdc44675df9d61c55a83b6f017a84cb01b06053b8f3953f9794d90
0.5068324823692737,1.0,0.56,0.9926471353917858,0.9014598540145985,1.0,0.625,1,LockBit-3c4fb5a1a8cdc44675df9d61c55a83b6f017a84cb01b06053b8f3953f9794d90
0.5068324823692737,1.0,0.56,0.9854015421680709,0.9021739130434783,1.0,0.625,1,LockBit-3c4fb5a1a8cdc44675df9d61c55a83b6f017a84cb01b06053b8f3953f9794d90
0.9573860779888129,1.0,0.58,1.0,0.8992805755395683,1.0,0.625,1,LockBit-3c4fb5a1a8cdc44675df9d61c55a83b6f017a84cb01b06053b8f3953f9794d90
0.9573860779888129,1.0,0.58,1.0,0.9,1.0,0.625,1,LockBit-3c4fb5a1a8cdc44675df9d61c55a83b6f017a84cb01b06053b8f3953f9794d90
0.9573860779888129,1.0,0.58,0.9999999318804106,0.900709219858156,1.0,0.625,1,LockBit-3c4fb5a1a8cdc44675df9d61c55a83b6f017a84cb01b06053b8f3953f9794d90
0.9581952034841917,1.0,0.6,1.0,0.897887323943662,1.0,0.625,1,LockBit-3c4fb5a1a8cdc44675df9d61c55a83b6f017a84cb01b06053b8f3953f9794d90
0.9581952034841917,1.0,0.6,1.0,0.8986013986013986,1.0,0.625,1,LockBit-3c4fb5a1a8cdc44675df9d61c55a83b6f017a84cb01b06053b8f3953f9794d90
0.9581952034841917,1.0,0.6,1.0,0.8993055555555556,1.0,0.625,1,LockBit-3c4fb5a1a8cdc44675df9d61c55a83b6f017a84cb01b06053b8f3953f9794d90
0.9581952034841917,1.0,0.62,1.0,0.896551724137931,1.0,0.625,1,LockBit-3c4fb5a1a8cdc44675df9d61c55a83b6f017a84cb01b06053b8f3953f9794d90
0.9581952034841917,1.0,0.62,1.0,0.8972602739726028,1.0,0.625,1,LockBit-3c4fb5a1a8cdc44675df9d61c55a83b6f017a84cb01b06053b8f3953f9794d90
0.9581952034841917,1.0,0.62,1.0,0.8979591836734694,1.0,0.625,1,LockBit-3c4fb5a1a8cdc44675df9d61c55a83b6f017a84cb01b06053b8f3953f9794d90
0.9574396940183043,1.0,0.64,1.0,0.8952702702702703,1.0,0.625,1,LockBit-3c4fb5a1a8cdc44675df9d61c55a83b6f017a84cb01b06053b8f3953f9794d90
0.9620438127744275,1.0,0.66,1.0,0.8926174496644296,1.0,0.625,1,LockBit-3c4fb5a1a8cdc44675df9d61c55a83b6f017a84cb01b06053b8f3953f9794d90
0.962191281748005,1.0,0.68,1.0,0.89,1.0,0.625,1,LockBit-3c4fb5a1a8cdc44675df9d61c55a83b6f017a84cb01b06053b8f3953f9794d90
0.9615601746356688,1.0,0.7,1.0,0.8874172185430463,1.0,0.625,1,LockBit-3c4fb5a1a8cdc44675df9d61c55a83b6f017a84cb01b06053b8f3953f9794d90
0.9620841572924924,1.0,0.72,1.0,0.8848684210526316,1.0,0.625,1,LockBit-3c4fb5a1a8cdc44675df9d61c55a83b6f017a84cb01b06053b8f3953f9794d90
0.9617393869315712,1.0,0.74,1.0,0.8823529411764706,1.0,0.625,1,LockBit-3c4fb5a1a8cdc44675df9d61c55a83b6f017a84cb01b06053b8f3953f9794d90
0.962278567045305,1.0,0.76,1.0,0.8798701298701299,1.0,0.625,1,LockBit-3c4fb5a1a8cdc44675df9d61c55a83b6f017a84cb01b06053b8f3953f9794d90
0.9618797520881767,1.0,0.78,1.0,0.8774193548387097,1.0,0.625,1,LockBit-3c4fb5a1a8cdc44675df9d61c55a83b6f017a84cb01b06053b8f3953f9794d90
0.9619188839458463,1.0,0.8,1.0,0.875,1.0,0.625,1,LockBit-3c4fb5a1a8cdc44675df9d61c55a83b6f017a84cb01b06053b8f3953f9794d90
0.956866175409019,1.0,0.82,1.0,0.8726114649681529,1.0,0.625,1,LockBit-3c4fb5a1a8cdc44675df9d61c55a83b6f017a84cb01b06053b8f3953f9794d90
0.9614601484617763,1.0,0.84,1.0,0.870253164556962,1.0,0.625,1,LockBit-3c4fb5a1a8cdc44675df9d61c55a83b6f017a84cb01b06053b8f3953f9794d90
0.956866175409019,1.0,0.84,1.0,0.8710691823899371,1.0,0.625,1,LockBit-3c4fb5a1a8cdc44675df9d61c55a83b6f017a84cb01b06053b8f3953f9794d90
0.956866175409019,1.0,0.84,1.0,0.871875,1.0,0.625,1,LockBit-3c4fb5a1a8cdc44675df9d61c55a83b6f017a84cb01b06053b8f3953f9794d90
0.9620764002579273,1.0,0.86,1.0,0.8695652173913043,1.0,0.625,1,LockBit-3c4fb5a1a8cdc44675df9d61c55a83b6f017a84cb01b06053b8f3953f9794d90
0.9617983457338319,1.0,0.88,1.0,0.8672839506172839,1.0,0.625,1,LockBit-3c4fb5a1a8cdc44675df9d61c55a83b6f017a84cb01b06053b8f3953f9794d90
0.9623126955224756,1.0,0.9,1.0,0.8650306748466258,1.0,0.625,1,LockBit-3c4fb5a1a8cdc44675df9d61c55a83b6f017a84cb01b06053b8f3953f9794d90
0.962552286563575,1.0,0.92,1.0,0.8628048780487805,1.0,0.625,1,LockBit-3c4fb5a1a8cdc44675df9d61c55a83b6f017a84cb01b06053b8f3953f9794d90
0.9623716740010143,1.0,0.94,1.0,0.8606060606060606,1.0,0.625,1,LockBit-3c4fb5a1a8cdc44675df9d61c55a83b6f017a84cb01b06053b8f3953f9794d90
0.9580693889004979,1.0,0.96,1.0,0.858433734939759,1.0,0.625,1,LockBit-3c4fb5a1a8cdc44675df9d61c55a83b6f017a84cb01b06053b8f3953f9794d90
0.9580693889004979,1.0,0.96,1.0,0.8592814371257484,1.0,0.625,1,LockBit-3c4fb5a1a8cdc44675df9d61c55a83b6f017a84cb01b06053b8f3953f9794d90
0.9580693889004979,1.0,0.96,1.0,0.8601190476190477,1.0,0.625,1,LockBit-3c4fb5a1a8cdc44675df9d61c55a83b6f017a84cb01b06053b8f3953f9794d90
0.11789174607420132,1.0,0.96,1.0,0.8609467455621302,1.0,0.625,1,LockBit-3c4fb5a1a8cdc44675df9d61c55a83b6f017a84cb01b06053b8f3953f9794d90
0.9575285368175251,1.0,0.98,1.0,0.8588235294117648,1.0,0.625,1,LockBit-3c4fb5a1a8cdc44675df9d61c55a83b6f017a84cb01b06053b8f3953f9794d90
0.9575285368175251,1.0,0.98,1.0,0.8596491228070176,1.0,0.625,1,LockBit-3c4fb5a1a8cdc44675df9d61c55a83b6f017a84cb01b06053b8f3953f9794d90
0.9575285368175251,1.0,0.98,1.0,0.8604651162790697,1.0,0.625,1,LockBit-3c4fb5a1a8cdc44675df9d61c55a83b6f017a84cb01b06053b8f3953f9794d90
0.9516471187659946,1.0,1.0,1.0,0.8583815028901733,1.0,0.625,1,LockBit-3c4fb5a1a8cdc44675df9d61c55a83b6f017a84cb01b06053b8f3953f9794d90
0.9625288220079155,1.0,1.0,1.0,0.8563218390804598,1.0,0.625,1,LockBit-3c4fb5a1a8cdc44675df9d61c55a83b6f017a84cb01b06053b8f3953f9794d90
0.9622384946328022,1.0,1.0,1.0,0.8542857142857143,1.0,0.625,1,LockBit-3c4fb5a1a8cdc44675df9d61c55a83b6f017a84cb01b06053b8f3953f9794d90
0.9585763530196202,1.0,1.0,1.0,0.8522727272727273,1.0,0.625,1,LockBit-3c4fb5a1a8cdc44675df9d61c55a83b6f017a84cb01b06053b8f3953f9794d90
0.9561342595038846,1.0,1.0,1.0,0.8502824858757062,1.0,0.625,1,LockBit-3c4fb5a1a8cdc44675df9d61c55a83b6f017a84cb01b06053b8f3953f9794d90
0.9572317713739662,1.0,1.0,1.0,0.848314606741573,1.0,0.625,1,LockBit-3c4fb5a1a8cdc44675df9d61c55a83b6f017a84cb01b06053b8f3953f9794d90
0.9575451810625434,1.0,1.0,1.0,0.8463687150837989,1.0,0.625,1,LockBit-3c4fb5a1a8cdc44675df9d61c55a83b6f017a84cb01b06053b8f3953f9794d90
0.9575451810625434,1.0,1.0,1.0,0.8472222222222222,1.0,0.625,1,LockBit-3c4fb5a1a8cdc44675df9d61c55a83b6f017a84cb01b06053b8f3953f9794d90
0.9575451810625434,1.0,1.0,1.0,0.8480662983425414,1.0,0.625,1,LockBit-3c4fb5a1a8cdc44675df9d61c55a83b6f017a84cb01b06053b8f3953f9794d90
0.9566160633007772,1.0,1.0,1.0,0.8461538461538461,1.0,0.625,1,LockBit-3c4fb5a1a8cdc44675df9d61c55a83b6f017a84cb01b06053b8f3953f9794d90
0.9566160633007772,1.0,1.0,1.0,0.8469945355191257,1.0,0.625,1,LockBit-3c4fb5a1a8cdc44675df9d61c55a83b6f017a84cb01b06053b8f3953f9794d90
0.9566160633007772,1.0,1.0,1.0,0.8478260869565217,1.0,0.625,1,LockBit-3c4fb5a1a8cdc44675df9d61c55a83b6f017a84cb01b06053b8f3953f9794d90
0.9575451810625434,1.0,1.0,1.0,0.845945945945946,1.0,0.625,1,LockBit-3c4fb5a1a8cdc44675df9d61c55a83b6f017a84cb01b06053b8f3953f9794d90
0.9575451810625434,1.0,1.0,1.0,0.8467741935483871,1.0,0.625,1,LockBit-3c4fb5a1a8cdc44675df9d61c55a83b6f017a84cb01b06053b8f3953f9794d90
0.9575451810625434,1.0,1.0,1.0,0.8475935828877006,1.0,0.625,1,LockBit-3c4fb5a1a8cdc44675df9d61c55a83b6f017a84cb01b06053b8f3953f9794d90
0.9575451810625434,1.0,1.0,1.0,0.8457446808510638,1.0,0.625,1,LockBit-3c4fb5a1a8cdc44675df9d61c55a83b6f017a84cb01b06053b8f3953f9794d90
0.9575451810625434,1.0,1.0,1.0,0.8465608465608465,1.0,0.625,1,LockBit-3c4fb5a1a8cdc44675df9d61c55a83b6f017a84cb01b06053b8f3953f9794d90
0.9575451810625434,1.0,1.0,1.0,0.8473684210526315,1.0,0.625,1,LockBit-3c4fb5a1a8cdc44675df9d61c55a83b6f017a84cb01b06053b8f3953f9794d90
0.9539387312858734,1.0,1.0,1.0,0.8455497382198953,1.0,0.625,1,LockBit-3c4fb5a1a8cdc44675df9d61c55a83b6f017a84cb01b06053b8f3953f9794d90
0.9612650365518888,1.0,1.0,1.0,0.84375,1.0,0.625,1,LockBit-3c4fb5a1a8cdc44675df9d61c55a83b6f017a84cb01b06053b8f3953f9794d90
0.9586941390001698,1.0,1.0,1.0,0.844559585492228,1.0,0.625,1,LockBit-3c4fb5a1a8cdc44675df9d61c55a83b6f017a84cb01b06053b8f3953f9794d90
0.9565177148898133,1.0,1.0,1.0,0.8427835051546392,1.0,0.625,1,LockBit-3c4fb5a1a8cdc44675df9d61c55a83b6f017a84cb01b06053b8f3953f9794d90
0.9565177148898133,1.0,1.0,1.0,0.8435897435897436,1.0,0.625,1,LockBit-3c4fb5a1a8cdc44675df9d61c55a83b6f017a84cb01b06053b8f3953f9794d90
0.9565177148898133,1.0,1.0,1.0,0.8443877551020408,1.0,0.625,1,LockBit-3c4fb5a1a8cdc44675df9d61c55a83b6f017a84cb01b06053b8f3953f9794d90
0.9570860331455162,1.0,1.0,1.0,0.8426395939086294,1.0,0.625,1,LockBit-3c4fb5a1a8cdc44675df9d61c55a83b6f017a84cb01b06053b8f3953f9794d90
0.9570860331455162,1.0,1.0,1.0,0.8434343434343434,1.0,0.625,1,LockBit-3c4fb5a1a8cdc44675df9d61c55a83b6f017a84cb01b06053b8f3953f9794d90
0.9570860331455162,1.0,1.0,1.0,0.8442211055276382,1.0,0.625,1,LockBit-3c4fb5a1a8cdc44675df9d61c55a83b6f017a84cb01b06053b8f3953f9794d90
0.958337662312904,1.0,1.0,1.0,0.8425,1.0,0.625,1,LockBit-3c4fb5a1a8cdc44675df9d61c55a83b6f017a84cb01b06053b8f3953f9794d90
0.958337662312904,1.0,1.0,1.0,0.8432835820895522,1.0,0.625,1,LockBit-3c4fb5a1a8cdc44675df9d61c55a83b6f017a84cb01b06053b8f3953f9794d90
0.958337662312904,1.0,1.0,1.0,0.844059405940594,1.0,0.625,1,LockBit-3c4fb5a1a8cdc44675df9d61c55a83b6f017a84cb01b06053b8f3953f9794d90
0.13373670235203394,1.0,1.0,1.0,0.8448275862068966,1.0,0.625,1,LockBit-3c4fb5a1a8cdc44675df9d61c55a83b6f017a84cb01b06053b8f3953f9794d90
0.9586941390001698,1.0,1.0,1.0,0.8455882352941176,1.0,0.625,1,LockBit-3c4fb5a1a8cdc44675df9d61c55a83b6f017a84cb01b06053b8f3953f9794d90
0.9585892914802918,1.0,1.0,1.0,0.8439024390243902,1.0,0.625,1,LockBit-3c4fb5a1a8cdc44675df9d61c55a83b6f017a84cb01b06053b8f3953f9794d90
0.9585892914802918,1.0,1.0,1.0,0.8446601941747574,1.0,0.625,1,LockBit-3c4fb5a1a8cdc44675df9d61c55a83b6f017a84cb01b06053b8f3953f9794d90
0.9585892914802918,1.0,1.0,1.0,0.8454106280193237,1.0,0.625,1,LockBit-3c4fb5a1a8cdc44675df9d61c55a83b6f017a84cb01b06053b8f3953f9794d90
0.9587968102299312,1.0,1.0,1.0,0.84375,1.0,0.625,1,LockBit-3c4fb5a1a8cdc44675df9d61c55a83b6f017a84cb01b06053b8f3953f9794d90
0.9587968102299312,1.0,1.0,1.0,0.8444976076555024,1.0,0.625,1,LockBit-3c4fb5a1a8cdc44675df9d61c55a83b6f017a84cb01b06053b8f3953f9794d90
0.9587968102299312,1.0,1.0,1.0,0.8452380952380952,1.0,0.625,1,LockBit-3c4fb5a1a8cdc44675df9d61c55a83b6f017a84cb01b06053b8f3953f9794d90
0.9585285368175251,1.0,1.0,1.0,0.8436018957345972,1.0,0.625,1,LockBit-3c4fb5a1a8cdc44675df9d61c55a83b6f017a84cb01b06053b8f3953f9794d90
0.9585285368175251,1.0,1.0,1.0,0.8443396226415094,1.0,0.625,1,LockBit-3c4fb5a1a8cdc44675df9d61c55a83b6f017a84cb01b06053b8f3953f9794d90
0.9585285368175251,1.0,1.0,1.0,0.8450704225352113,1.0,0.625,1,LockBit-3c4fb5a1a8cdc44675df9d61c55a83b6f017a84cb01b06053b8f3953f9794d90
0.9578785143958768,1.0,1.0,1.0,0.8434579439252337,1.0,0.625,1,LockBit-3c4fb5a1a8cdc44675df9d61c55a83b6f017a84cb01b06053b8f3953f9794d90
0.9578785143958768,1.0,1.0,1.0,0.8441860465116279,1.0,0.625,1,LockBit-3c4fb5a1a8cdc44675df9d61c55a83b6f017a84cb01b06053b8f3953f9794d90
0.9578785143958768,1.0,1.0,1.0,0.8449074074074074,1.0,0.625,1,LockBit-3c4fb5a1a8cdc44675df9d61c55a83b6f017a84cb01b06053b8f3953f9794d90
0.9575935967384523,1.0,1.0,1.0,0.8433179723502304,1.0,0.625,1,LockBit-3c4fb5a1a8cdc44675df9d61c55a83b6f017a84cb01b06053b8f3953f9794d90
0.9575935967384523,1.0,1.0,1.0,0.8440366972477065,1.0,0.625,1,LockBit-3c4fb5a1a8cdc44675df9d61c55a83b6f017a84cb01b06053b8f3953f9794d90
0.9575935967384523,1.0,1.0,1.0,0.8447488584474886,1.0,0.625,1,LockBit-3c4fb5a1a8cdc44675df9d61c55a83b6f017a84cb01b06053b8f3953f9794d90
0.11547874722724377,1.0,1.0,1.0,0.8431818181818181,1.0,0.625,1,LockBit-3c4fb5a1a8cdc44675df9d61c55a83b6f017a84cb01b06053b8f3953f9794d90
0.9581301435632645,1.0,1.0,1.0,0.8416289592760181,1.0,0.625,1,LockBit-3c4fb5a1a8cdc44675df9d61c55a83b6f017a84cb01b06053b8f3953f9794d90
0.9581301435632645,1.0,1.0,1.0,0.8423423423423424,1.0,0.625,1,LockBit-3c4fb5a1a8cdc44675df9d61c55a83b6f017a84cb01b06053b8f3953f9794d90
0.9581301435632645,1.0,1.0,1.0,0.8430493273542601,1.0,0.625,1,LockBit-3c4fb5a1a8cdc44675df9d61c55a83b6f017a84cb01b06053b8f3953f9794d90
0.9578618701508584,1.0,1.0,1.0,0.8415178571428572,1.0,0.625,1,LockBit-3c4fb5a1a8cdc44675df9d61c55a83b6f017a84cb01b06053b8f3953f9794d90
0.9578618701508584,1.0,1.0,1.0,0.8422222222222222,1.0,0.625,1,LockBit-3c4fb5a1a8cdc44675df9d61c55a83b6f017a84cb01b06053b8f3953f9794d90
0.9578618701508584,1.0,1.0,1.0,0.8429203539823009,1.0,0.625,1,LockBit-3c4fb5a1a8cdc44675df9d61c55a83b6f017a84cb01b06053b8f3953f9794d90
0.9584634768965979,1.0,1.0,1.0,0.8414096916299559,1.0,0.625,1,LockBit-3c4fb5a1a8cdc44675df9d61c55a83b6f017a84cb01b06053b8f3953f9794d90
0.9584634768965979,1.0,1.0,1.0,0.8421052631578947,1.0,0.625,1,LockBit-3c4fb5a1a8cdc44675df9d61c55a83b6f017a84cb01b06053b8f3953f9794d90
0.9584634768965979,1.0,1.0,1.0,0.8427947598253275,1.0,0.625,1,LockBit-3c4fb5a1a8cdc44675df9d61c55a83b6f017a84cb01b06053b8f3953f9794d90
0.9587968102299312,1.0,1.0,1.0,0.841304347826087,1.0,0.625,1,LockBit-3c4fb5a1a8cdc44675df9d61c55a83b6f017a84cb01b06053b8f3953f9794d90
0.9587968102299312,1.0,1.0,1.0,0.841991341991342,1.0,0.625,1,LockBit-3c4fb5a1a8cdc44675df9d61c55a83b6f017a84cb01b06053b8f3953f9794d90
0.9587968102299312,1.0,1.0,1.0,0.8426724137931034,1.0,0.625,1,LockBit-3c4fb5a1a8cdc44675df9d61c55a83b6f017a84cb01b06053b8f3953f9794d90
0.9567902935603799,1.0,1.0,1.0,0.8412017167381974,1.0,0.625,1,LockBit-3c4fb5a1a8cdc44675df9d61c55a83b6f017a84cb01b06053b8f3953f9794d90
0.9567902935603799,1.0,1.0,1.0,0.8418803418803419,1.0,0.625,1,LockBit-3c4fb5a1a8cdc44675df9d61c55a83b6f017a84cb01b06053b8f3953f9794d90
0.9567902935603799,1.0,1.0,1.0,0.8425531914893617,1.0,0.625,1,LockBit-3c4fb5a1a8cdc44675df9d61c55a83b6f017a84cb01b06053b8f3953f9794d90
0.9591301435632645,1.0,1.0,1.0,0.8411016949152542,1.0,0.625,1,LockBit-3c4fb5a1a8cdc44675df9d61c55a83b6f017a84cb01b06053b8f3953f9794d90
0.9591301435632645,1.0,1.0,1.0,0.8417721518987342,1.0,0.625,1,LockBit-3c4fb5a1a8cdc44675df9d61c55a83b6f017a84cb01b06053b8f3953f9794d90
0.9591301435632645,1.0,1.0,1.0,0.842436974789916,1.0,0.625,1,LockBit-3c4fb5a1a8cdc44675df9d61c55a83b6f017a84cb01b06053b8f3953f9794d90
0.9584801211416162,1.0,1.0,1.0,0.8410041841004184,1.0,0.625,1,LockBit-3c4fb5a1a8cdc44675df9d61c55a83b6f017a84cb01b06053b8f3953f9794d90
0.9584801211416162,1.0,1.0,1.0,0.8416666666666667,1.0,0.625,1,LockBit-3c4fb5a1a8cdc44675df9d61c55a83b6f017a84cb01b06053b8f3953f9794d90
0.9584801211416162,1.0,1.0,1.0,0.8423236514522822,1.0,0.625,1,LockBit-3c4fb5a1a8cdc44675df9d61c55a83b6f017a84cb01b06053b8f3953f9794d90
0.9559493966341105,1.0,1.0,1.0,0.8409090909090909,1.0,0.625,1,LockBit-3c4fb5a1a8cdc44675df9d61c55a83b6f017a84cb01b06053b8f3953f9794d90
0.9559493966341105,1.0,1.0,1.0,0.8415637860082305,1.0,0.625,1,LockBit-3c4fb5a1a8cdc44675df9d61c55a83b6f017a84cb01b06053b8f3953f9794d90
0.9559493966341105,1.0,1.0,1.0,0.8422131147540983,1.0,0.625,1,LockBit-3c4fb5a1a8cdc44675df9d61c55a83b6f017a84cb01b06053b8f3953f9794d90
0.9576709956462374,1.0,1.0,1.0,0.8408163265306122,1.0,0.625,1,LockBit-3c4fb5a1a8cdc44675df9d61c55a83b6f017a84cb01b06053b8f3953f9794d90
0.9576709956462374,1.0,1.0,1.0,0.8414634146341463,1.0,0.625,1,LockBit-3c4fb5a1a8cdc44675df9d61c55a83b6f017a84cb01b06053b8f3953f9794d90
0.9576709956462374,1.0,1.0,1.0,0.8421052631578947,1.0,0.625,1,LockBit-3c4fb5a1a8cdc44675df9d61c55a83b6f017a84cb01b06053b8f3953f9794d90
0.9577360555671646,1.0,1.0,1.0,0.8407258064516129,1.0,0.625,1,LockBit-3c4fb5a1a8cdc44675df9d61c55a83b6f017a84cb01b06053b8f3953f9794d90
0.9577360555671646,1.0,1.0,1.0,0.8413654618473896,1.0,0.625,1,LockBit-3c4fb5a1a8cdc44675df9d61c55a83b6f017a84cb01b06053b8f3953f9794d90
0.9577360555671646,1.0,1.0,1.0,0.842,1.0,0.625,1,LockBit-3c4fb5a1a8cdc44675df9d61c55a83b6f017a84cb01b06053b8f3953f9794d90
0.9583376623129041,1.0,1.0,1.0,0.8406374501992032,1.0,0.625,1,LockBit-3c4fb5a1a8cdc44675df9d61c55a83b6f017a84cb01b06053b8f3953f9794d90
0.9583376623129041,1.0,1.0,1.0,0.8412698412698413,1.0,0.625,1,LockBit-3c4fb5a1a8cdc44675df9d61c55a83b6f017a84cb01b06053b8f3953f9794d90
0.9583376623129041,1.0,1.0,1.0,0.841897233201581,1.0,0.625,1,LockBit-3c4fb5a1a8cdc44675df9d61c55a83b6f017a84cb01b06053b8f3953f9794d90
0.9584634768965979,1.0,1.0,1.0,0.8405511811023623,1.0,0.625,1,LockBit-3c4fb5a1a8cdc44675df9d61c55a83b6f017a84cb01b06053b8f3953f9794d90
0.9584634768965979,1.0,1.0,1.0,0.8411764705882353,1.0,0.625,1,LockBit-3c4fb5a1a8cdc44675df9d61c55a83b6f017a84cb01b06053b8f3953f9794d90
0.9584634768965979,1.0,1.0,1.0,0.841796875,1.0,0.625,1,LockBit-3c4fb5a1a8cdc44675df9d61c55a83b6f017a84cb01b06053b8f3953f9794d90
0.9577252336394527,1.0,1.0,1.0,0.8404669260700389,1.0,0.625,1,LockBit-3c4fb5a1a8cdc44675df9d61c55a83b6f017a84cb01b06053b8f3953f9794d90
0.9577252336394527,1.0,1.0,1.0,0.8410852713178294,1.0,0.625,1,LockBit-3c4fb5a1a8cdc44675df9d61c55a83b6f017a84cb01b06053b8f3953f9794d90
0.9577252336394527,1.0,1.0,1.0,0.8416988416988417,1.0,0.625,1,LockBit-3c4fb5a1a8cdc44675df9d61c55a83b6f017a84cb01b06053b8f3953f9794d90
0.957337662312904,1.0,1.0,1.0,0.8403846153846154,1.0,0.625,1,LockBit-3c4fb5a1a8cdc44675df9d61c55a83b6f017a84cb01b06053b8f3953f9794d90
0.957337662312904,1.0,1.0,1.0,0.8409961685823755,1.0,0.625,1,LockBit-3c4fb5a1a8cdc44675df9d61c55a83b6f017a84cb01b06053b8f3953f9794d90
0.957337662312904,1.0,1.0,1.0,0.8416030534351145,1.0,0.625,1,LockBit-3c4fb5a1a8cdc44675df9d61c55a83b6f017a84cb01b06053b8f3953f9794d90
0.957654351401219,1.0,1.0,1.0,0.8403041825095057,1.0,0.625,1,LockBit-3c4fb5a1a8cdc44675df9d61c55a83b6f017a84cb01b06053b8f3953f9794d90
0.957654351401219,1.0,1.0,1.0,0.8409090909090909,1.0,0.625,1,LockBit-3c4fb5a1a8cdc44675df9d61c55a83b6f017a84cb01b06053b8f3953f9794d90
0.957654351401219,1.0,1.0,1.0,0.8415094339622642,1.0,0.625,1,LockBit-3c4fb5a1a8cdc44675df9d61c55a83b6f017a84cb01b06053b8f3953f9794d90
0.9574565028999369,1.0,1.0,1.0,0.8402255639097744,1.0,0.625,1,LockBit-3c4fb5a1a8cdc44675df9d61c55a83b6f017a84cb01b06053b8f3953f9794d90
0.9574565028999369,1.0,1.0,1.0,0.8408239700374531,1.0,0.625,1,LockBit-3c4fb5a1a8cdc44675df9d61c55a83b6f017a84cb01b06053b8f3953f9794d90
0.9574565028999369,1.0,1.0,1.0,0.8414179104477612,1.0,0.625,1,LockBit-3c4fb5a1a8cdc44675df9d61c55a83b6f017a84cb01b06053b8f3953f9794d90
0.12123612128545803,1.0,1.0,1.0,0.8401486988847584,1.0,0.625,1,LockBit-3c4fb5a1a8cdc44675df9d61c55a83b6f017a84cb01b06053b8f3953f9794d90
0.12152170025982928,1.0,1.0,1.0,0.8407407407407408,1.0,0.625,1,LockBit-3c4fb5a1a8cdc44675df9d61c55a83b6f017a84cb01b06053b8f3953f9794d90
0.1261660874599347,1.0,1.0,1.0,0.8413284132841329,1.0,0.625,1,LockBit-3c4fb5a1a8cdc44675df9d61c55a83b6f017a84cb01b06053b8f3953f9794d90
0.9551714508547701,1.0,1.0,1.0,0.8400735294117647,1.0,0.625,1,LockBit-3c4fb5a1a8cdc44675df9d61c55a83b6f017a84cb01b06053b8f3953f9794d90
0.9551714508547701,1.0,1.0,1.0,0.8406593406593407,1.0,0.625,1,LockBit-3c4fb5a1a8cdc44675df9d61c55a83b6f017a84cb01b06053b8f3953f9794d90
0.9551714508547701,1.0,1.0,1.0,0.8412408759124088,1.0,0.625,1,LockBit-3c4fb5a1a8cdc44675df9d61c55a83b6f017a84cb01b06053b8f3953f9794d90
0.9522403662084022,1.0,1.0,1.0,0.84,1.0,0.625,1,LockBit-3c4fb5a1a8cdc44675df9d61c55a83b6f017a84cb01b06053b8f3953f9794d90
0.9522403662084022,1.0,1.0,1.0,0.8405797101449275,1.0,0.625,1,LockBit-3c4fb5a1a8cdc44675df9d61c55a83b6f017a84cb01b06053b8f3953f9794d90
0.9522403662084022,1.0,1.0,1.0,0.8411552346570397,1.0,0.625,1,LockBit-3c4fb5a1a8cdc44675df9d61c55a83b6f017a84cb01b06053b8f3953f9794d90
0.9522403662084022,1.0,1.0,1.0,0.841726618705036,1.0,0.625,1,LockBit-3c4fb5a1a8cdc44675df9d61c55a83b6f017a84cb01b06053b8f3953f9794d90
0.9522403662084022,1.0,1.0,1.0,0.8422939068100359,1.0,0.625,1,LockBit-3c4fb5a1a8cdc44675df9d61c55a83b6f017a84cb01b06053b8f3953f9794d90
0.9522403662084022,1.0,1.0,1.0,0.8428571428571429,1.0,0.625,1,LockBit-3c4fb5a1a8cdc44675df9d61c55a83b6f017a84cb01b06053b8f3953f9794d90
0.9522403662084022,1.0,1.0,1.0,0.8434163701067616,1.0,0.625,1,LockBit-3c4fb5a1a8cdc44675df9d61c55a83b6f017a84cb01b06053b8f3953f9794d90
0.12166030539661564,1.0,1.0,1.0,0.8439716312056738,1.0,0.625,1,LockBit-3c4fb5a1a8cdc44675df9d61c55a83b6f017a84cb01b06053b8f3953f9794d90
0.9609838368035016,1.0,1.0,1.0,0.8445229681978799,1.0,0.625,1,LockBit-3c4fb5a1a8cdc44675df9d61c55a83b6f017a84cb01b06053b8f3953f9794d90
0.9573664246021304,1.0,1.0,1.0,0.8433098591549295,1.0,0.625,1,LockBit-3c4fb5a1a8cdc44675df9d61c55a83b6f017a84cb01b06053b8f3953f9794d90
0.9478851380071882,1.0,1.0,1.0,0.8421052631578947,1.0,0.625,1,LockBit-3c4fb5a1a8cdc44675df9d61c55a83b6f017a84cb01b06053b8f3953f9794d90
0.9496125203734499,1.0,1.0,1.0,0.8409090909090909,1.0,0.625,1,LockBit-3c4fb5a1a8cdc44675df9d61c55a83b6f017a84cb01b06053b8f3953f9794d90
0.9586941390001698,1.0,1.0,1.0,0.8414634146341463,1.0,0.625,1,LockBit-3c4fb5a1a8cdc44675df9d61c55a83b6f017a84cb01b06053b8f3953f9794d90
0.957151253450969,1.0,1.0,1.0,0.8402777777777778,1.0,0.625,1,LockBit-3c4fb5a1a8cdc44675df9d61c55a83b6f017a84cb01b06053b8f3953f9794d90
0.13373670235203394,1.0,1.0,1.0,0.8408304498269896,1.0,0.625,1,LockBit-3c4fb5a1a8cdc44675df9d61c55a83b6f017a84cb01b06053b8f3953f9794d90
0.12166030539661564,1.0,1.0,1.0,0.8413793103448276,1.0,0.625,1,LockBit-3c4fb5a1a8cdc44675df9d61c55a83b6f017a84cb01b06053b8f3953f9794d90
0.9609838368035016,1.0,1.0,1.0,0.8419243986254296,1.0,0.625,1,LockBit-3c4fb5a1a8cdc44675df9d61c55a83b6f017a84cb01b06053b8f3953f9794d90
0.12166030539661564,1.0,1.0,1.0,0.8424657534246576,1.0,0.625,1,LockBit-3c4fb5a1a8cdc44675df9d61c55a83b6f017a84cb01b06053b8f3953f9794d90
0.12166030539661564,1.0,1.0,1.0,0.8430034129692833,1.0,0.625,1,LockBit-3c4fb5a1a8cdc44675df9d61c55a83b6f017a84cb01b06053b8f3953f9794d90
0.11946592814955426,1.0,1.0,1.0,0.8435374149659864,1.0,0.625,1,LockBit-3c4fb5a1a8cdc44675df9d61c55a83b6f017a84cb01b06053b8f3953f9794d90
0.9505443076854921,1.0,1.0,1.0,0.8423728813559321,1.0,0.625,1,LockBit-3c4fb5a1a8cdc44675df9d61c55a83b6f017a84cb01b06053b8f3953f9794d90
0.9628488520883413,1.0,1.0,1.0,0.8412162162162162,1.0,0.625,1,LockBit-3c4fb5a1a8cdc44675df9d61c55a83b6f017a84cb01b06053b8f3953f9794d90
0.9621245796190541,1.0,1.0,1.0,0.8400673400673401,1.0,0.625,1,LockBit-3c4fb5a1a8cdc44675df9d61c55a83b6f017a84cb01b06053b8f3953f9794d90
0.9575176220694674,1.0,1.0,1.0,0.8389261744966443,1.0,0.625,1,LockBit-3c4fb5a1a8cdc44675df9d61c55a83b6f017a84cb01b06053b8f3953f9794d90
0.9621245796190541,1.0,1.0,1.0,0.8394648829431438,1.0,0.625,1,LockBit-3c4fb5a1a8cdc44675df9d61c55a83b6f017a84cb01b06053b8f3953f9794d90
0.9621245796190541,1.0,1.0,1.0,0.84,1.0,0.625,1,LockBit-3c4fb5a1a8cdc44675df9d61c55a83b6f017a84cb01b06053b8f3953f9794d90
0.9621245796190541,1.0,1.0,1.0,0.8405315614617941,1.0,0.625,1,LockBit-3c4fb5a1a8cdc44675df9d61c55a83b6f017a84cb01b06053b8f3953f9794d90
0.9621245796190541,1.0,1.0,1.0,0.8410596026490066,1.0,0.625,1,LockBit-3c4fb5a1a8cdc44675df9d61c55a83b6f017a84cb01b06053b8f3953f9794d90
0.9621245796190541,1.0,1.0,1.0,0.8415841584158416,1.0,0.625,1,LockBit-3c4fb5a1a8cdc44675df9d61c55a83b6f017a84cb01b06053b8f3953f9794d90
0.950804432811277,1.0,1.0,1.0,0.8404605263157895,1.0,0.625,1,LockBit-3c4fb5a1a8cdc44675df9d61c55a83b6f017a84cb01b06053b8f3953f9794d90
0.9621245796190541,1.0,1.0,1.0,0.840983606557377,1.0,0.625,1,LockBit-3c4fb5a1a8cdc44675df9d61c55a83b6f017a84cb01b06053b8f3953f9794d90
0.9621245796190541,1.0,1.0,1.0,0.8415032679738562,1.0,0.625,1,LockBit-3c4fb5a1a8cdc44675df9d61c55a83b6f017a84cb01b06053b8f3953f9794d90
0.9507747109451729,1.0,1.0,1.0,0.8403908794788274,1.0,0.625,1,LockBit-3c4fb5a1a8cdc44675df9d61c55a83b6f017a84cb01b06053b8f3953f9794d90
0.9621245796190541,1.0,1.0,1.0,0.8409090909090909,1.0,0.625,1,LockBit-3c4fb5a1a8cdc44675df9d61c55a83b6f017a84cb01b06053b8f3953f9794d90
0.9621245796190541,1.0,1.0,1.0,0.8414239482200647,1.0,0.625,1,LockBit-3c4fb5a1a8cdc44675df9d61c55a83b6f017a84cb01b06053b8f3953f9794d90
0.965925191358444,1.0,1.0,1.0,0.8403225806451613,1.0,0.625,1,LockBit-3c4fb5a1a8cdc44675df9d61c55a83b6f017a84cb01b06053b8f3953f9794d90
0.9490407540607848,1.0,1.0,1.0,0.8392282958199357,1.0,0.625,1,LockBit-3c4fb5a1a8cdc44675df9d61c55a83b6f017a84cb01b06053b8f3953f9794d90
0.9621245796190541,1.0,1.0,1.0,0.8397435897435898,1.0,0.625,1,LockBit-3c4fb5a1a8cdc44675df9d61c55a83b6f017a84cb01b06053b8f3953f9794d90
0.9621245796190541,1.0,1.0,1.0,0.8402555910543131,1.0,0.625,1,LockBit-3c4fb5a1a8cdc44675df9d61c55a83b6f017a84cb01b06053b8f3953f9794d90
0.9454252560490308,1.0,1.0,1.0,0.839171974522293,1.0,0.625,1,LockBit-3c4fb5a1a8cdc44675df9d61c55a83b6f017a84cb01b06053b8f3953f9794d90
0.9621245796190541,1.0,1.0,1.0,0.8396825396825397,1.0,0.625,1,LockBit-3c4fb5a1a8cdc44675df9d61c55a83b6f017a84cb01b06053b8f3953f9794d90
0.9621245796190541,1.0,1.0,1.0,0.8401898734177216,1.0,0.625,1,LockBit-3c4fb5a1a8cdc44675df9d61c55a83b6f017a84cb01b06053b8f3953f9794d90
0.12123612128545803,1.0,1.0,1.0,0.8406940063091483,1.0,0.625,1,LockBit-3c4fb5a1a8cdc44675df9d61c55a83b6f017a84cb01b06053b8f3953f9794d90
0.12152170025982928,1.0,1.0,1.0,0.8411949685534591,1.0,0.625,1,LockBit-3c4fb5a1a8cdc44675df9d61c55a83b6f017a84cb01b06053b8f3953f9794d90
0.1261660874599347,1.0,1.0,1.0,0.841692789968652,1.0,0.625,1,LockBit-3c4fb5a1a8cdc44675df9d61c55a83b6f017a84cb01b06053b8f3953f9794d90
0.9535215959858717,1.0,1.0,1.0,0.840625,1.0,0.625,1,LockBit-3c4fb5a1a8cdc44675df9d61c55a83b6f017a84cb01b06053b8f3953f9794d90
0.7073795726578866,1.0,1.0,1.0,0.839563862928349,1.0,0.625,1,LockBit-3c4fb5a1a8cdc44675df9d61c55a83b6f017a84cb01b06053b8f3953f9794d90
0.957151253450969,1.0,1.0,1.0,0.8385093167701864,1.0,0.625,1,LockBit-3c4fb5a1a8cdc44675df9d61c55a83b6f017a84cb01b06053b8f3953f9794d90
0.9468701230050646,1.0,1.0,1.0,0.8374613003095975,1.0,0.625,1,LockBit-3c4fb5a1a8cdc44675df9d61c55a83b6f017a84cb01b06053b8f3953f9794d90
0.9485606713705512,1.0,1.0,1.0,0.8364197530864197,1.0,0.625,1,LockBit-3c4fb5a1a8cdc44675df9d61c55a83b6f017a84cb01b06053b8f3953f9794d90
0.9508909075423546,1.0,1.0,1.0,0.8353846153846154,1.0,0.625,1,LockBit-3c4fb5a1a8cdc44675df9d61c55a83b6f017a84cb01b06053b8f3953f9794d90
0.957151253450969,1.0,1.0,1.0,0.834355828220859,1.0,0.625,1,LockBit-3c4fb5a1a8cdc44675df9d61c55a83b6f017a84cb01b06053b8f3953f9794d90
0.9621245796190541,1.0,1.0,1.0,0.8348623853211009,1.0,0.625,1,LockBit-3c4fb5a1a8cdc44675df9d61c55a83b6f017a84cb01b06053b8f3953f9794d90
0.9569256895926652,1.0,1.0,1.0,0.8338414634146342,1.0,0.625,1,LockBit-3c4fb5a1a8cdc44675df9d61c55a83b6f017a84cb01b06053b8f3953f9794d90
0.1261660874599347,1.0,1.0,1.0,0.8343465045592705,1.0,0.625,1,LockBit-3c4fb5a1a8cdc44675df9d61c55a83b6f017a84cb01b06053b8f3953f9794d90
0.11789174607420132,1.0,1.0,1.0,0.8348484848484848,1.0,0.625,1,LockBit-3c4fb5a1a8cdc44675df9d61c55a83b6f017a84cb01b06053b8f3953f9794d90
0.11789174607420132,1.0,1.0,1.0,0.8353474320241692,1.0,0.625,1,LockBit-3c4fb5a1a8cdc44675df9d61c55a83b6f017a84cb01b06053b8f3953f9794d90
0.11789174607420132,1.0,1.0,1.0,0.8358433734939759,1.0,0.625,1,LockBit-3c4fb5a1a8cdc44675df9d61c55a83b6f017a84cb01b06053b8f3953f9794d90
0.11789174607420132,1.0,1.0,1.0,0.8363363363363363,1.0,0.625,1,LockBit-3c4fb5a1a8cdc44675df9d61c55a83b6f017a84cb01b06053b8f3953f9794d90
0.11789174607420132,1.0,1.0,1.0,0.8368263473053892,1.0,0.625,1,LockBit-3c4fb5a1a8cdc44675df9d61c55a83b6f017a84cb01b06053b8f3953f9794d90
0.11789174607420132,1.0,1.0,1.0,0.8373134328358209,1.0,0.625,1,LockBit-3c4fb5a1a8cdc44675df9d61c55a83b6f017a84cb01b06053b8f3953f9794d90
0.11789174607420132,1.0,1.0,1.0,0.8377976190476191,1.0,0.625,1,LockBit-3c4fb5a1a8cdc44675df9d61c55a83b6f017a84cb01b06053b8f3953f9794d90
0.11789174607420132,1.0,1.0,1.0,0.8382789317507419,1.0,0.625,1,LockBit-3c4fb5a1a8cdc44675df9d61c55a83b6f017a84cb01b06053b8f3953f9794d90
0.11789174607420132,1.0,1.0,1.0,0.8387573964497042,1.0,0.625,1,LockBit-3c4fb5a1a8cdc44675df9d61c55a83b6f017a84cb01b06053b8f3953f9794d90
0.11789174607420132,1.0,1.0,1.0,0.8392330383480826,1.0,0.625,1,LockBit-3c4fb5a1a8cdc44675df9d61c55a83b6f017a84cb01b06053b8f3953f9794d90
0.11789174607420132,1.0,1.0,1.0,0.8397058823529412,1.0,0.625,1,LockBit-3c4fb5a1a8cdc44675df9d61c55a83b6f017a84cb01b06053b8f3953f9794d90
0.9579124062168659,1.0,1.0,1.0,0.8387096774193549,1.0,0.625,1,LockBit-3c4fb5a1a8cdc44675df9d61c55a83b6f017a84cb01b06053b8f3953f9794d90
0.12152170025982928,1.0,1.0,1.0,0.8391812865497076,1.0,0.625,1,LockBit-3c4fb5a1a8cdc44675df9d61c55a83b6f017a84cb01b06053b8f3953f9794d90
0.12152170025982928,1.0,1.0,1.0,0.8396501457725948,1.0,0.625,1,LockBit-3c4fb5a1a8cdc44675df9d61c55a83b6f017a84cb01b06053b8f3953f9794d90
0.9622858128197436,1.0,1.0,1.0,0.8386627906976745,1.0,0.625,1,LockBit-3c4fb5a1a8cdc44675df9d61c55a83b6f017a84cb01b06053b8f3953f9794d90
0.9590237461133853,1.0,1.0,1.0,0.8376811594202899,1.0,0.625,1,LockBit-3c4fb5a1a8cdc44675df9d61c55a83b6f017a84cb01b06053b8f3953f9794d90
0.9623406736068826,1.0,1.0,1.0,0.8367052023121387,1.0,0.625,1,LockBit-3c4fb5a1a8cdc44675df9d61c55a83b6f017a84cb01b06053b8f3953f9794d90
0.9623751776451734,1.0,1.0,1.0,0.8357348703170029,1.0,0.625,1,LockBit-3c4fb5a1a8cdc44675df9d61c55a83b6f017a84cb01b06053b8f3953f9794d90
0.9624508863547343,1.0,1.0,1.0,0.8347701149425287,1.0,0.625,1,LockBit-3c4fb5a1a8cdc44675df9d61c55a83b6f017a84cb01b06053b8f3953f9794d90
0.9621581439983424,1.0,1.0,1.0,0.833810888252149,1.0,0.625,1,LockBit-3c4fb5a1a8cdc44675df9d61c55a83b6f017a84cb01b06053b8f3953f9794d90
0.11916433407288944,1.0,1.0,1.0,0.8328571428571429,1.0,0.625,1,LockBit-3c4fb5a1a8cdc44675df9d61c55a83b6f017a84cb01b06053b8f3953f9794d90
0.12267611811853227,1.0,1.0,1.0,0.8319088319088319,1.0,0.625,1,LockBit-3c4fb5a1a8cdc44675df9d61c55a83b6f017a84cb01b06053b8f3953f9794d90
0.9585498816013287,1.0,1.0,1.0,0.8309659090909091,1.0,0.625,1,LockBit-3c4fb5a1a8cdc44675df9d61c55a83b6f017a84cb01b06053b8f3953f9794d90
0.9616707586211023,1.0,1.0,1.0,0.830028328611898,1.0,0.625,1,LockBit-3c4fb5a1a8cdc44675df9d61c55a83b6f017a84cb01b06053b8f3953f9794d90
0.9628594804966432,1.0,1.0,1.0,0.82909604519774,1.0,0.625,1,LockBit-3c4fb5a1a8cdc44675df9d61c55a83b6f017a84cb01b06053b8f3953f9794d90
0.9607933148700206,1.0,1.0,1.0,0.828169014084507,1.0,0.625,1,LockBit-3c4fb5a1a8cdc44675df9d61c55a83b6f017a84cb01b06053b8f3953f9794d90
0.9522403662084022,1.0,1.0,1.0,0.8286516853932584,1.0,0.625,1,LockBit-3c4fb5a1a8cdc44675df9d61c55a83b6f017a84cb01b06053b8f3953f9794d90
0.9614820367455614,1.0,1.0,1.0,0.8277310924369747,1.0,0.625,1,LockBit-3c4fb5a1a8cdc44675df9d61c55a83b6f017a84cb01b06053b8f3953f9794d90
0.9596707586211023,1.0,1.0,1.0,0.8268156424581006,1.0,0.625,1,LockBit-3c4fb5a1a8cdc44675df9d61c55a83b6f017a84cb01b06053b8f3953f9794d90
0.9592021828758706,1.0,1.0,1.0,0.8259052924791086,1.0,0.625,1,LockBit-3c4fb5a1a8cdc44675df9d61c55a83b6f017a84cb01b06053b8f3953f9794d90
0.9575135722915487,1.0,1.0,1.0,0.825,1.0,0.625,1,LockBit-3c4fb5a1a8cdc44675df9d61c55a83b6f017a84cb01b06053b8f3953f9794d90
0.9522403662084022,1.0,1.0,1.0,0.8254847645429363,1.0,0.625,1,LockBit-3c4fb5a1a8cdc44675df9d61c55a83b6f017a84cb01b06053b8f3953f9794d90
0.9609820367455615,1.0,1.0,1.0,0.824585635359116,1.0,0.625,1,LockBit-3c4fb5a1a8cdc44675df9d61c55a83b6f017a84cb01b06053b8f3953f9794d90
0.9588909047514114,1.0,1.0,1.0,0.8236914600550964,1.0,0.625,1,LockBit-3c4fb5a1a8cdc44675df9d61c55a83b6f017a84cb01b06053b8f3953f9794d90
0.9609820367455615,1.0,1.0,1.0,0.8228021978021978,1.0,0.625,1,LockBit-3c4fb5a1a8cdc44675df9d61c55a83b6f017a84cb01b06053b8f3953f9794d90
0.959457070378034,1.0,1.0,1.0,0.821917808219178,1.0,0.625,1,LockBit-3c4fb5a1a8cdc44675df9d61c55a83b6f017a84cb01b06053b8f3953f9794d90
0.9591045929944797,1.0,1.0,1.0,0.8210382513661202,1.0,0.625,1,LockBit-3c4fb5a1a8cdc44675df9d61c55a83b6f017a84cb01b06053b8f3953f9794d90
0.9592094980492325,1.0,1.0,1.0,0.8201634877384196,1.0,0.625,1,LockBit-3c4fb5a1a8cdc44675df9d61c55a83b6f017a84cb01b06053b8f3953f9794d90
0.9609820367455615,1.0,1.0,1.0,0.8192934782608696,1.0,0.625,1,LockBit-3c4fb5a1a8cdc44675df9d61c55a83b6f017a84cb01b06053b8f3953f9794d90
0.9621707586211024,1.0,1.0,1.0,0.8184281842818428,1.0,0.625,1,LockBit-3c4fb5a1a8cdc44675df9d61c55a83b6f017a84cb01b06053b8f3953f9794d90
0.9633276453843685,1.0,1.0,1.0,0.8175675675675675,1.0,0.625,1,LockBit-3c4fb5a1a8cdc44675df9d61c55a83b6f017a84cb01b06053b8f3953f9794d90
0.9600796266269522,1.0,1.0,1.0,0.816711590296496,1.0,0.625,1,LockBit-3c4fb5a1a8cdc44675df9d61c55a83b6f017a84cb01b06053b8f3953f9794d90
0.9604158711189389,1.0,1.0,1.0,0.8158602150537635,1.0,0.625,1,LockBit-3c4fb5a1a8cdc44675df9d61c55a83b6f017a84cb01b06053b8f3953f9794d90
0.9616707586211024,1.0,1.0,1.0,0.8150134048257373,1.0,0.625,1,LockBit-3c4fb5a1a8cdc44675df9d61c55a83b6f017a84cb01b06053b8f3953f9794d90
0.957151253450969,1.0,1.0,1.0,0.8141711229946524,1.0,0.625,1,LockBit-3c4fb5a1a8cdc44675df9d61c55a83b6f017a84cb01b06053b8f3953f9794d90
0.9627382114668758,1.0,1.0,1.0,0.8133333333333334,1.0,0.625,1,LockBit-3c4fb5a1a8cdc44675df9d61c55a83b6f017a84cb01b06053b8f3953f9794d90
0.962611105334233,1.0,1.0,1.0,0.8125,1.0,0.625,1,LockBit-3c4fb5a1a8cdc44675df9d61c55a83b6f017a84cb01b06053b8f3953f9794d90
0.961998402910513,1.0,1.0,1.0,0.8116710875331565,1.0,0.625,1,LockBit-3c4fb5a1a8cdc44675df9d61c55a83b6f017a84cb01b06053b8f3953f9794d90
0.9614863787341331,1.0,1.0,1.0,0.8108465608465608,1.0,0.625,1,LockBit-3c4fb5a1a8cdc44675df9d61c55a83b6f017a84cb01b06053b8f3953f9794d90
0.9623447390741031,1.0,1.0,1.0,0.8100263852242744,1.0,0.625,1,LockBit-3c4fb5a1a8cdc44675df9d61c55a83b6f017a84cb01b06053b8f3953f9794d90
0.9622376021518455,1.0,1.0,1.0,0.8092105263157895,1.0,0.625,1,LockBit-3c4fb5a1a8cdc44675df9d61c55a83b6f017a84cb01b06053b8f3953f9794d90
0.9624041654624257,1.0,1.0,1.0,0.8083989501312336,1.0,0.625,1,LockBit-3c4fb5a1a8cdc44675df9d61c55a83b6f017a84cb01b06053b8f3953f9794d90
0.9620635531625791,1.0,1.0,1.0,0.8075916230366492,1.0,0.625,1,LockBit-3c4fb5a1a8cdc44675df9d61c55a83b6f017a84cb01b06053b8f3953f9794d90
0.9623545599266009,1.0,1.0,1.0,0.8067885117493473,1.0,0.625,1,LockBit-3c4fb5a1a8cdc44675df9d61c55a83b6f017a84cb01b06053b8f3953f9794d90
0.9623567406375421,1.0,1.0,1.0,0.8059895833333334,1.0,0.625,1,LockBit-3c4fb5a1a8cdc44675df9d61c55a83b6f017a84cb01b06053b8f3953f9794d90
0.9644095028270836,1.0,1.0,1.0,0.8051948051948052,1.0,0.625,1,LockBit-3c4fb5a1a8cdc44675df9d61c55a83b6f017a84cb01b06053b8f3953f9794d90
0.9650627525038766,1.0,1.0,1.0,0.8044041450777202,1.0,0.625,1,LockBit-3c4fb5a1a8cdc44675df9d61c55a83b6f017a84cb01b06053b8f3953f9794d90
0.9647567788581373,1.0,1.0,1.0,0.8036175710594315,1.0,0.625,1,LockBit-3c4fb5a1a8cdc44675df9d61c55a83b6f017a84cb01b06053b8f3953f9794d90
0.9633276453843685,1.0,1.0,1.0,0.8041237113402062,1.0,0.625,1,LockBit-3c4fb5a1a8cdc44675df9d61c55a83b6f017a84cb01b06053b8f3953f9794d90
0.9575135722915487,1.0,1.0,1.0,0.8033419023136247,1.0,0.625,1,LockBit-3c4fb5a1a8cdc44675df9d61c55a83b6f017a84cb01b06053b8f3953f9794d90
0.9553418541564965,1.0,1.0,1.0,0.8025641025641026,1.0,0.625,1,LockBit-3c4fb5a1a8cdc44675df9d61c55a83b6f017a84cb01b06053b8f3953f9794d90
0.9588190547693247,1.0,1.0,1.0,0.8017902813299232,1.0,0.625,1,LockBit-3c4fb5a1a8cdc44675df9d61c55a83b6f017a84cb01b06053b8f3953f9794d90
0.96264128335905,1.0,1.0,1.0,0.8010204081632653,1.0,0.625,1,LockBit-3c4fb5a1a8cdc44675df9d61c55a83b6f017a84cb01b06053b8f3953f9794d90
0.11789174607420132,1.0,1.0,1.0,0.8015267175572519,1.0,0.625,1,LockBit-3c4fb5a1a8cdc44675df9d61c55a83b6f017a84cb01b06053b8f3953f9794d90
0.11789174607420132,1.0,1.0,1.0,0.8020304568527918,1.0,0.625,1,LockBit-3c4fb5a1a8cdc44675df9d61c55a83b6f017a84cb01b06053b8f3953f9794d90
0.11789174607420132,1.0,1.0,1.0,0.8025316455696203,1.0,0.625,1,LockBit-3c4fb5a1a8cdc44675df9d61c55a83b6f017a84cb01b06053b8f3953f9794d90
0.11789174607420132,1.0,1.0,1.0,0.803030303030303,1.0,0.625,1,LockBit-3c4fb5a1a8cdc44675df9d61c55a83b6f017a84cb01b06053b8f3953f9794d90
0.11789174607420132,1.0,1.0,1.0,0.8035264483627205,1.0,0.625,1,LockBit-3c4fb5a1a8cdc44675df9d61c55a83b6f017a84cb01b06053b8f3953f9794d90
0.11789174607420132,1.0,1.0,1.0,0.8040201005025126,1.0,0.625,1,LockBit-3c4fb5a1a8cdc44675df9d61c55a83b6f017a84cb01b06053b8f3953f9794d90
0.11789174607420132,1.0,1.0,1.0,0.8045112781954887,1.0,0.625,1,LockBit-3c4fb5a1a8cdc44675df9d61c55a83b6f017a84cb01b06053b8f3953f9794d90
0.11789174607420132,1.0,1.0,1.0,0.8049999999999999,1.0,0.625,1,LockBit-3c4fb5a1a8cdc44675df9d61c55a83b6f017a84cb01b06053b8f3953f9794d90
0.9598165105317009,0.5435275175560625,0.02,0.05,0.8,0.0,0.625,1,LockBit-5f227a96e12db3cb3d4f39028e7ee99526e7704301e25bb77fedf478a99f2739
0.11789174607420132,1.0,0.04,0.1,0.5,0.04960159612028318,0.625,1,LockBit-5f227a96e12db3cb3d4f39028e7ee99526e7704301e25bb77fedf478a99f2739
0.11789174607420132,0.9984694479713981,0.06,0.1,0.6666666666666667,0.098807962873877,0.625,1,LockBit-5f227a96e12db3cb3d4f39028e7ee99526e7704301e25bb77fedf478a99f2739
0.11789174607420132,0.7851821787720625,0.06,0.1,0.75,0.14762224947904282,0.625,1,LockBit-5f227a96e12db3cb3d4f39028e7ee99526e7704301e25bb77fedf478a99f2739
0.4454424359556231,0.6416185623641625,0.08,0.15,0.7,0.19604758006082648,0.625,1,LockBit-5f227a96e12db3cb3d4f39028e7ee99526e7704301e25bb77fedf478a99f2739
0.9618123858863388,0.5602679534539508,0.1,0.2,0.6666666666666667,0.24408705385100307,0.625,1,LockBit-5f227a96e12db3cb3d4f39028e7ee99526e7704301e25bb77fedf478a99f2739
0.9573860779888129,0.48818125461157413,0.12,0.25,0.6428571428571428,0.2917437453864285,0.625,1,LockBit-5f227a96e12db3cb3d4f39028e7ee99526e7704301e25bb77fedf478a99f2739
0.9573860779888129,0.42634320382166646,0.12,0.25,0.6875,0.33902070470581025,0.625,1,LockBit-5f227a96e12db3cb3d4f39028e7ee99526e7704301e25bb77fedf478a99f2739
0.9573860779888129,0.39846011705281464,0.12,0.25,0.7222222222222222,0.38592095754491085,0.625,1,LockBit-5f227a96e12db3cb3d4f39028e7ee99526e7704301e25bb77fedf478a99f2739
0.9581571126386594,0.3820962043381359,0.14,0.3,0.7,0.4324475055301956,0.625,1,LockBit-5f227a96e12db3cb3d4f39028e7ee99526e7704301e25bb77fedf478a99f2739
0.9618710634721492,0.37185039890328536,0.16,0.35,0.6818181818181819,0.47860332637093694,0.625,1,LockBit-5f227a96e12db3cb3d4f39028e7ee99526e7704301e25bb77fedf478a99f2739
0.9554629112581027,0.3553004870816676,0.18,0.4,0.6666666666666667,0.524391374049789,0.625,1,LockBit-5f227a96e12db3cb3d4f39028e7ee99526e7704301e25bb77fedf478a99f2739
0.9617303282681986,0.349560078679055,0.2,0.45,0.6538461538461539,0.5698145790118427,0.625,1,LockBit-5f227a96e12db3cb3d4f39028e7ee99526e7704301e25bb77fedf478a99f2739
0.9611376339458464,0.32520602205278604,0.22,0.5,0.6428571428571428,0.6148757310739256,0.625,1,LockBit-5f227a96e12db3cb3d4f39028e7ee99526e7704301e25bb77fedf478a99f2739
0.9615578415030188,0.30165803424740323,0.24,0.55,0.6333333333333333,0.6595779496581373,0.625,1,LockBit-5f227a96e12db3cb3d4f39028e7ee99526e7704301e25bb77fedf478a99f2739
0.9611922798915333,0.2945958975330744,0.26,0.6,0.625,0.7039239774960311,0.625,1,LockBit-5f227a96e12db3cb3d4f39028e7ee99526e7704301e25bb77fedf478a99f2739
0.962265697783693,0.28628659391576616,0.28,0.65,0.6176470588235294,0.7479166527431119,0.625,1,LockBit-5f227a96e12db3cb3d4f39028e7ee99526e7704301e25bb77fedf478a99f2739
0.9618060528030701,0.2840839188987505,0.3,0.7,0.6111111111111112,0.7915587909402417,0.625,1,LockBit-5f227a96e12db3cb3d4f39028e7ee99526e7704301e25bb77fedf478a99f2739
0.9615093465724445,0.2693760907213107,0.32,0.75,0.6052631578947368,0.8348531851938338,0.625,1,LockBit-5f227a96e12db3cb3d4f39028e7ee99526e7704301e25bb77fedf478a99f2739
0.9610542045336274,0.26575917622258705,0.34,0.8,0.6,0.8778026063546134,0.625,1,LockBit-5f227a96e12db3cb3d4f39028e7ee99526e7704301e25bb77fedf478a99f2739
0.9617223842683527,0.25170196185306537,0.36,0.85,0.5952380952380952,0.9204098031949522,0.625,1,LockBit-5f227a96e12db3cb3d4f39028e7ee99526e7704301e25bb77fedf478a99f2739
0.9614030759173138,0.25200811927000855,0.38,0.9,0.5909090909090908,0.9626775025847902,0.625,1,LockBit-5f227a96e12db3cb3d4f39028e7ee99526e7704301e25bb77fedf478a99f2739
0.9621536876419693,0.24788273813693298,0.4,0.95,0.5869565217391304,1.0,0.625,1,LockBit-5f227a96e12db3cb3d4f39028e7ee99526e7704301e25bb77fedf478a99f2739
0.9623968121915245,0.3232968434847067,0.42,1.0,0.5833333333333333,1.0,0.625,1,LockBit-5f227a96e12db3cb3d4f39028e7ee99526e7704301e25bb77fedf478a99f2739
0.9624185922132213,0.40043728651659,0.44,1.0,0.5800000000000001,1.0,0.625,1,LockBit-5f227a96e12db3cb3d4f39028e7ee99526e7704301e25bb77fedf478a99f2739
0.9581952034841917,0.46372954710748787,0.46,1.0,0.5769230769230769,1.0,0.625,1,LockBit-5f227a96e12db3cb3d4f39028e7ee99526e7704301e25bb77fedf478a99f2739
0.9581952034841917,0.5323311965911427,0.46,1.0,0.5925925925925926,1.0,0.625,1,LockBit-5f227a96e12db3cb3d4f39028e7ee99526e7704301e25bb77fedf478a99f2739
0.9581952034841917,0.5975926531872294,0.46,1.0,0.6071428571428572,1.0,0.625,1,LockBit-5f227a96e12db3cb3d4f39028e7ee99526e7704301e25bb77fedf478a99f2739
0.9581952034841917,0.6594326015167412,0.48,1.0,0.603448275862069,1.0,0.625,1,LockBit-5f227a96e12db3cb3d4f39028e7ee99526e7704301e25bb77fedf478a99f2739
0.9581952034841917,0.7179523390679605,0.48,1.0,0.6166666666666667,1.0,0.625,1,LockBit-5f227a96e12db3cb3d4f39028e7ee99526e7704301e25bb77fedf478a99f2739
0.9581952034841917,0.77332072545973,0.48,1.0,0.6290322580645161,1.0,0.625,1,LockBit-5f227a96e12db3cb3d4f39028e7ee99526e7704301e25bb77fedf478a99f2739
0.1261660874599347,0.8121403162735445,0.5,1.0,0.625,1.0,0.625,1,LockBit-5f227a96e12db3cb3d4f39028e7ee99526e7704301e25bb77fedf478a99f2739
0.956866175409019,0.8163815781393042,0.52,1.0,0.6212121212121212,1.0,0.625,1,LockBit-5f227a96e12db3cb3d4f39028e7ee99526e7704301e25bb77fedf478a99f2739
0.956866175409019,0.8513899464902421,0.52,1.0,0.6323529411764706,1.0,0.625,1,LockBit-5f227a96e12db3cb3d4f39028e7ee99526e7704301e25bb77fedf478a99f2739
0.956866175409019,0.8899908528899578,0.52,1.0,0.6428571428571428,1.0,0.625,1,LockBit-5f227a96e12db3cb3d4f39028e7ee99526e7704301e25bb77fedf478a99f2739
0.9627994232282904,0.9284296561735903,0.54,1.0,0.6388888888888888,1.0,0.625,1,LockBit-5f227a96e12db3cb3d4f39028e7ee99526e7704301e25bb77fedf478a99f2739
0.9580693889004979,0.957236741930141,0.56,1.0,0.6351351351351351,1.0,0.625,1,LockBit-5f227a96e12db3cb3d4f39028e7ee99526e7704301e25bb77fedf478a99f2739
0.9580693889004979,0.9929647903972656,0.56,1.0,0.6447368421052632,1.0,0.625,1,LockBit-5f227a96e12db3cb3d4f39028e7ee99526e7704301e25bb77fedf478a99f2739
0.9580693889004979,1.0,0.56,1.0,0.6538461538461539,1.0,0.625,1,LockBit-5f227a96e12db3cb3d4f39028e7ee99526e7704301e25bb77fedf478a99f2739
0.9622054118194909,1.0,0.58,1.0,0.65,1.0,0.625,1,LockBit-5f227a96e12db3cb3d4f39028e7ee99526e7704301e25bb77fedf478a99f2739
0.958747918361021,1.0,0.6,1.0,0.6463414634146342,1.0,0.625,1,LockBit-5f227a96e12db3cb3d4f39028e7ee99526e7704301e25bb77fedf478a99f2739
0.958103040073949,1.0,0.62,1.0,0.6428571428571428,1.0,0.625,1,LockBit-5f227a96e12db3cb3d4f39028e7ee99526e7704301e25bb77fedf478a99f2739
0.9585802426418597,1.0,0.64,1.0,0.6395348837209303,1.0,0.625,1,LockBit-5f227a96e12db3cb3d4f39028e7ee99526e7704301e25bb77fedf478a99f2739
0.9575285368175251,1.0,0.66,1.0,0.6363636363636364,1.0,0.625,1,LockBit-5f227a96e12db3cb3d4f39028e7ee99526e7704301e25bb77fedf478a99f2739
0.9575285368175251,1.0,0.66,1.0,0.6444444444444444,1.0,0.625,1,LockBit-5f227a96e12db3cb3d4f39028e7ee99526e7704301e25bb77fedf478a99f2739
0.9575285368175251,1.0,0.66,1.0,0.6521739130434783,1.0,0.625,1,LockBit-5f227a96e12db3cb3d4f39028e7ee99526e7704301e25bb77fedf478a99f2739
0.9575451810625434,1.0,0.68,1.0,0.648936170212766,1.0,0.625,1,LockBit-5f227a96e12db3cb3d4f39028e7ee99526e7704301e25bb77fedf478a99f2739
0.9575451810625434,1.0,0.68,1.0,0.65625,1.0,0.625,1,LockBit-5f227a96e12db3cb3d4f39028e7ee99526e7704301e25bb77fedf478a99f2739
0.9575451810625434,1.0,0.68,1.0,0.6632653061224489,1.0,0.625,1,LockBit-5f227a96e12db3cb3d4f39028e7ee99526e7704301e25bb77fedf478a99f2739
0.9566160633007772,1.0,0.7,1.0,0.6599999999999999,1.0,0.625,1,LockBit-5f227a96e12db3cb3d4f39028e7ee99526e7704301e25bb77fedf478a99f2739
0.9566160633007772,1.0,0.7,1.0,0.6666666666666667,1.0,0.625,1,LockBit-5f227a96e12db3cb3d4f39028e7ee99526e7704301e25bb77fedf478a99f2739
0.9566160633007772,1.0,0.7,1.0,0.6730769230769231,1.0,0.625,1,LockBit-5f227a96e12db3cb3d4f39028e7ee99526e7704301e25bb77fedf478a99f2739
0.9575451810625434,1.0,0.72,1.0,0.6698113207547169,1.0,0.625,1,LockBit-5f227a96e12db3cb3d4f39028e7ee99526e7704301e25bb77fedf478a99f2739
0.9575451810625434,1.0,0.72,1.0,0.6759259259259259,1.0,0.625,1,LockBit-5f227a96e12db3cb3d4f39028e7ee99526e7704301e25bb77fedf478a99f2739
0.9575451810625434,1.0,0.72,1.0,0.6818181818181819,1.0,0.625,1,LockBit-5f227a96e12db3cb3d4f39028e7ee99526e7704301e25bb77fedf478a99f2739
0.9575451810625434,1.0,0.74,1.0,0.6785714285714286,1.0,0.625,1,LockBit-5f227a96e12db3cb3d4f39028e7ee99526e7704301e25bb77fedf478a99f2739
0.9575451810625434,1.0,0.74,1.0,0.6842105263157895,1.0,0.625,1,LockBit-5f227a96e12db3cb3d4f39028e7ee99526e7704301e25bb77fedf478a99f2739
0.9575451810625434,1.0,0.74,1.0,0.6896551724137931,1.0,0.625,1,LockBit-5f227a96e12db3cb3d4f39028e7ee99526e7704301e25bb77fedf478a99f2739
0.9565177148898133,1.0,0.76,1.0,0.6864406779661016,1.0,0.625,1,LockBit-5f227a96e12db3cb3d4f39028e7ee99526e7704301e25bb77fedf478a99f2739
0.9565177148898133,1.0,0.76,1.0,0.6916666666666667,1.0,0.625,1,LockBit-5f227a96e12db3cb3d4f39028e7ee99526e7704301e25bb77fedf478a99f2739
0.9565177148898133,1.0,0.76,1.0,0.6967213114754098,1.0,0.625,1,LockBit-5f227a96e12db3cb3d4f39028e7ee99526e7704301e25bb77fedf478a99f2739
0.9570860331455162,1.0,0.78,1.0,0.6935483870967742,1.0,0.625,1,LockBit-5f227a96e12db3cb3d4f39028e7ee99526e7704301e25bb77fedf478a99f2739
0.9570860331455162,1.0,0.78,1.0,0.6984126984126984,1.0,0.625,1,LockBit-5f227a96e12db3cb3d4f39028e7ee99526e7704301e25bb77fedf478a99f2739
0.9570860331455162,1.0,0.78,1.0,0.703125,1.0,0.625,1,LockBit-5f227a96e12db3cb3d4f39028e7ee99526e7704301e25bb77fedf478a99f2739
0.958337662312904,1.0,0.8,1.0,0.7,1.0,0.625,1,LockBit-5f227a96e12db3cb3d4f39028e7ee99526e7704301e25bb77fedf478a99f2739
0.958337662312904,1.0,0.8,1.0,0.7045454545454546,1.0,0.625,1,LockBit-5f227a96e12db3cb3d4f39028e7ee99526e7704301e25bb77fedf478a99f2739
0.958337662312904,1.0,0.8,1.0,0.708955223880597,1.0,0.625,1,LockBit-5f227a96e12db3cb3d4f39028e7ee99526e7704301e25bb77fedf478a99f2739
0.9585892914802918,1.0,0.82,1.0,0.7058823529411764,1.0,0.625,1,LockBit-5f227a96e12db3cb3d4f39028e7ee99526e7704301e25bb77fedf478a99f2739
0.9585892914802918,1.0,0.82,1.0,0.7101449275362319,1.0,0.625,1,LockBit-5f227a96e12db3cb3d4f39028e7ee99526e7704301e25bb77fedf478a99f2739
0.9585892914802918,1.0,0.82,1.0,0.7142857142857143,1.0,0.625,1,LockBit-5f227a96e12db3cb3d4f39028e7ee99526e7704301e25bb77fedf478a99f2739
0.9587968102299312,1.0,0.84,1.0,0.7112676056338028,1.0,0.625,1,LockBit-5f227a96e12db3cb3d4f39028e7ee99526e7704301e25bb77fedf478a99f2739
0.9587968102299312,1.0,0.84,1.0,0.7152777777777778,1.0,0.625,1,LockBit-5f227a96e12db3cb3d4f39028e7ee99526e7704301e25bb77fedf478a99f2739
0.9587968102299312,1.0,0.84,1.0,0.7191780821917808,1.0,0.625,1,LockBit-5f227a96e12db3cb3d4f39028e7ee99526e7704301e25bb77fedf478a99f2739
0.9585285368175251,1.0,0.86,1.0,0.7162162162162162,1.0,0.625,1,LockBit-5f227a96e12db3cb3d4f39028e7ee99526e7704301e25bb77fedf478a99f2739
0.9585285368175251,1.0,0.86,1.0,0.72,1.0,0.625,1,LockBit-5f227a96e12db3cb3d4f39028e7ee99526e7704301e25bb77fedf478a99f2739
0.9585285368175251,1.0,0.86,1.0,0.7236842105263157,1.0,0.625,1,LockBit-5f227a96e12db3cb3d4f39028e7ee99526e7704301e25bb77fedf478a99f2739
0.9627071806393707,1.0,0.88,1.0,0.7207792207792207,1.0,0.625,1,LockBit-5f227a96e12db3cb3d4f39028e7ee99526e7704301e25bb77fedf478a99f2739
0.9578785143958768,1.0,0.9,1.0,0.717948717948718,1.0,0.625,1,LockBit-5f227a96e12db3cb3d4f39028e7ee99526e7704301e25bb77fedf478a99f2739
0.9578785143958768,1.0,0.9,1.0,0.7215189873417722,1.0,0.625,1,LockBit-5f227a96e12db3cb3d4f39028e7ee99526e7704301e25bb77fedf478a99f2739
0.9578785143958768,1.0,0.9,1.0,0.725,1.0,0.625,1,LockBit-5f227a96e12db3cb3d4f39028e7ee99526e7704301e25bb77fedf478a99f2739
0.9575935967384523,1.0,0.92,1.0,0.7222222222222222,1.0,0.625,1,LockBit-5f227a96e12db3cb3d4f39028e7ee99526e7704301e25bb77fedf478a99f2739
0.9575935967384523,1.0,0.92,1.0,0.725609756097561,1.0,0.625,1,LockBit-5f227a96e12db3cb3d4f39028e7ee99526e7704301e25bb77fedf478a99f2739
0.9575935967384523,1.0,0.92,1.0,0.7289156626506024,1.0,0.625,1,LockBit-5f227a96e12db3cb3d4f39028e7ee99526e7704301e25bb77fedf478a99f2739
0.9581301435632645,1.0,0.94,1.0,0.7261904761904762,1.0,0.625,1,LockBit-5f227a96e12db3cb3d4f39028e7ee99526e7704301e25bb77fedf478a99f2739
0.9581301435632645,1.0,0.94,1.0,0.7294117647058824,1.0,0.625,1,LockBit-5f227a96e12db3cb3d4f39028e7ee99526e7704301e25bb77fedf478a99f2739
0.9581301435632645,1.0,0.94,1.0,0.7325581395348837,1.0,0.625,1,LockBit-5f227a96e12db3cb3d4f39028e7ee99526e7704301e25bb77fedf478a99f2739
0.9485855273516377,1.0,0.96,1.0,0.7298850574712643,1.0,0.625,1,LockBit-5f227a96e12db3cb3d4f39028e7ee99526e7704301e25bb77fedf478a99f2739
0.9496271940183043,1.0,0.98,1.0,0.7272727272727273,1.0,0.625,1,LockBit-5f227a96e12db3cb3d4f39028e7ee99526e7704301e25bb77fedf478a99f2739
0.9485855273516377,1.0,1.0,1.0,0.7247191011235955,1.0,0.625,1,LockBit-5f227a96e12db3cb3d4f39028e7ee99526e7704301e25bb77fedf478a99f2739
0.9485855273516377,1.0,1.0,1.0,0.7222222222222222,1.0,0.625,1,LockBit-5f227a96e12db3cb3d4f39028e7ee99526e7704301e25bb77fedf478a99f2739
0.947543860684971,1.0,1.0,1.0,0.7197802197802198,1.0,0.625,1,LockBit-5f227a96e12db3cb3d4f39028e7ee99526e7704301e25bb77fedf478a99f2739
0.9485855273516377,1.0,1.0,1.0,0.7173913043478262,1.0,0.625,1,LockBit-5f227a96e12db3cb3d4f39028e7ee99526e7704301e25bb77fedf478a99f2739
0.9578618701508584,1.0,1.0,1.0,0.7150537634408602,1.0,0.625,1,LockBit-5f227a96e12db3cb3d4f39028e7ee99526e7704301e25bb77fedf478a99f2739
0.9578618701508584,1.0,1.0,1.0,0.7180851063829787,1.0,0.625,1,LockBit-5f227a96e12db3cb3d4f39028e7ee99526e7704301e25bb77fedf478a99f2739
0.9578618701508584,1.0,1.0,1.0,0.7210526315789474,1.0,0.625,1,LockBit-5f227a96e12db3cb3d4f39028e7ee99526e7704301e25bb77fedf478a99f2739
0.9485855273516377,1.0,1.0,1.0,0.71875,1.0,0.625,1,LockBit-5f227a96e12db3cb3d4f39028e7ee99526e7704301e25bb77fedf478a99f2739
0.6551894851117603,1.0,1.0,1.0,0.7164948453608248,1.0,0.625,1,LockBit-5f227a96e12db3cb3d4f39028e7ee99526e7704301e25bb77fedf478a99f2739
0.9471506901109276,1.0,1.0,1.0,0.7142857142857143,1.0,0.625,1,LockBit-5f227a96e12db3cb3d4f39028e7ee99526e7704301e25bb77fedf478a99f2739
0.9584634768965979,1.0,1.0,1.0,0.7121212121212122,1.0,0.625,1,LockBit-5f227a96e12db3cb3d4f39028e7ee99526e7704301e25bb77fedf478a99f2739
0.9584634768965979,1.0,1.0,1.0,0.7150000000000001,1.0,0.625,1,LockBit-5f227a96e12db3cb3d4f39028e7ee99526e7704301e25bb77fedf478a99f2739
0.9584634768965979,1.0,1.0,1.0,0.7178217821782178,1.0,0.625,1,LockBit-5f227a96e12db3cb3d4f39028e7ee99526e7704301e25bb77fedf478a99f2739
0.9587968102299312,1.0,1.0,1.0,0.7156862745098039,1.0,0.625,1,LockBit-5f227a96e12db3cb3d4f39028e7ee99526e7704301e25bb77fedf478a99f2739
0.9587968102299312,1.0,1.0,1.0,0.7184466019417476,1.0,0.625,1,LockBit-5f227a96e12db3cb3d4f39028e7ee99526e7704301e25bb77fedf478a99f2739
0.9592133409821246,1.0,1.0,1.0,0.7163461538461539,1.0,0.625,1,LockBit-5f227a96e12db3cb3d4f39028e7ee99526e7704301e25bb77fedf478a99f2739
0.9587968102299312,1.0,1.0,1.0,0.719047619047619,1.0,0.625,1,LockBit-5f227a96e12db3cb3d4f39028e7ee99526e7704301e25bb77fedf478a99f2739
0.9567902935603799,1.0,1.0,1.0,0.7169811320754718,1.0,0.625,1,LockBit-5f227a96e12db3cb3d4f39028e7ee99526e7704301e25bb77fedf478a99f2739
0.9567902935603799,1.0,1.0,1.0,0.719626168224299,1.0,0.625,1,LockBit-5f227a96e12db3cb3d4f39028e7ee99526e7704301e25bb77fedf478a99f2739
0.9567902935603799,1.0,1.0,1.0,0.7222222222222222,1.0,0.625,1,LockBit-5f227a96e12db3cb3d4f39028e7ee99526e7704301e25bb77fedf478a99f2739
0.9591301435632645,1.0,1.0,1.0,0.7201834862385321,1.0,0.625,1,LockBit-5f227a96e12db3cb3d4f39028e7ee99526e7704301e25bb77fedf478a99f2739
0.9591301435632645,1.0,1.0,1.0,0.7227272727272727,1.0,0.625,1,LockBit-5f227a96e12db3cb3d4f39028e7ee99526e7704301e25bb77fedf478a99f2739
0.9591301435632645,1.0,1.0,1.0,0.7252252252252251,1.0,0.625,1,LockBit-5f227a96e12db3cb3d4f39028e7ee99526e7704301e25bb77fedf478a99f2739
0.11789174607420132,1.0,1.0,1.0,0.7276785714285714,1.0,0.625,1,LockBit-5f227a96e12db3cb3d4f39028e7ee99526e7704301e25bb77fedf478a99f2739
0.9584801211416162,1.0,1.0,1.0,0.7256637168141593,1.0,0.625,1,LockBit-5f227a96e12db3cb3d4f39028e7ee99526e7704301e25bb77fedf478a99f2739
0.9584801211416162,1.0,1.0,1.0,0.7280701754385965,1.0,0.625,1,LockBit-5f227a96e12db3cb3d4f39028e7ee99526e7704301e25bb77fedf478a99f2739
0.9584801211416162,1.0,1.0,1.0,0.7304347826086957,1.0,0.625,1,LockBit-5f227a96e12db3cb3d4f39028e7ee99526e7704301e25bb77fedf478a99f2739
0.9559493966341105,1.0,1.0,1.0,0.728448275862069,1.0,0.625,1,LockBit-5f227a96e12db3cb3d4f39028e7ee99526e7704301e25bb77fedf478a99f2739
0.9559493966341105,1.0,1.0,1.0,0.7307692307692308,1.0,0.625,1,LockBit-5f227a96e12db3cb3d4f39028e7ee99526e7704301e25bb77fedf478a99f2739
0.9559493966341105,1.0,1.0,1.0,0.7330508474576272,1.0,0.625,1,LockBit-5f227a96e12db3cb3d4f39028e7ee99526e7704301e25bb77fedf478a99f2739
0.13373670235203394,1.0,1.0,1.0,0.73109243697479,1.0,0.625,1,LockBit-5f227a96e12db3cb3d4f39028e7ee99526e7704301e25bb77fedf478a99f2739
0.9576709956462374,1.0,1.0,1.0,0.7291666666666667,1.0,0.625,1,LockBit-5f227a96e12db3cb3d4f39028e7ee99526e7704301e25bb77fedf478a99f2739
0.9576709956462374,1.0,1.0,1.0,0.731404958677686,1.0,0.625,1,LockBit-5f227a96e12db3cb3d4f39028e7ee99526e7704301e25bb77fedf478a99f2739
0.9576709956462374,1.0,1.0,1.0,0.7336065573770492,1.0,0.625,1,LockBit-5f227a96e12db3cb3d4f39028e7ee99526e7704301e25bb77fedf478a99f2739
0.9577360555671646,1.0,1.0,1.0,0.7317073170731707,1.0,0.625,1,LockBit-5f227a96e12db3cb3d4f39028e7ee99526e7704301e25bb77fedf478a99f2739
0.9577360555671646,1.0,1.0,1.0,0.7338709677419355,1.0,0.625,1,LockBit-5f227a96e12db3cb3d4f39028e7ee99526e7704301e25bb77fedf478a99f2739
0.9577360555671646,1.0,1.0,1.0,0.736,1.0,0.625,1,LockBit-5f227a96e12db3cb3d4f39028e7ee99526e7704301e25bb77fedf478a99f2739
0.9583376623129041,1.0,1.0,1.0,0.7341269841269842,1.0,0.625,1,LockBit-5f227a96e12db3cb3d4f39028e7ee99526e7704301e25bb77fedf478a99f2739
0.9583376623129041,1.0,1.0,1.0,0.7362204724409449,1.0,0.625,1,LockBit-5f227a96e12db3cb3d4f39028e7ee99526e7704301e25bb77fedf478a99f2739
0.9583376623129041,1.0,1.0,1.0,0.73828125,1.0,0.625,1,LockBit-5f227a96e12db3cb3d4f39028e7ee99526e7704301e25bb77fedf478a99f2739
0.9584634768965979,1.0,1.0,1.0,0.7364341085271318,1.0,0.625,1,LockBit-5f227a96e12db3cb3d4f39028e7ee99526e7704301e25bb77fedf478a99f2739
0.9584634768965979,1.0,1.0,1.0,0.7384615384615385,1.0,0.625,1,LockBit-5f227a96e12db3cb3d4f39028e7ee99526e7704301e25bb77fedf478a99f2739
0.9584634768965979,1.0,1.0,1.0,0.7404580152671756,1.0,0.625,1,LockBit-5f227a96e12db3cb3d4f39028e7ee99526e7704301e25bb77fedf478a99f2739
0.9577252336394527,1.0,1.0,1.0,0.7386363636363636,1.0,0.625,1,LockBit-5f227a96e12db3cb3d4f39028e7ee99526e7704301e25bb77fedf478a99f2739
0.9577252336394527,1.0,1.0,1.0,0.7406015037593985,1.0,0.625,1,LockBit-5f227a96e12db3cb3d4f39028e7ee99526e7704301e25bb77fedf478a99f2739
0.9577252336394527,1.0,1.0,1.0,0.7425373134328358,1.0,0.625,1,LockBit-5f227a96e12db3cb3d4f39028e7ee99526e7704301e25bb77fedf478a99f2739
0.957337662312904,1.0,1.0,1.0,0.7407407407407407,1.0,0.625,1,LockBit-5f227a96e12db3cb3d4f39028e7ee99526e7704301e25bb77fedf478a99f2739
0.957337662312904,1.0,1.0,1.0,0.7426470588235294,1.0,0.625,1,LockBit-5f227a96e12db3cb3d4f39028e7ee99526e7704301e25bb77fedf478a99f2739
0.957337662312904,1.0,1.0,1.0,0.7445255474452555,1.0,0.625,1,LockBit-5f227a96e12db3cb3d4f39028e7ee99526e7704301e25bb77fedf478a99f2739
0.957654351401219,1.0,1.0,1.0,0.7427536231884058,1.0,0.625,1,LockBit-5f227a96e12db3cb3d4f39028e7ee99526e7704301e25bb77fedf478a99f2739
0.957654351401219,1.0,1.0,1.0,0.7446043165467626,1.0,0.625,1,LockBit-5f227a96e12db3cb3d4f39028e7ee99526e7704301e25bb77fedf478a99f2739
0.957654351401219,1.0,1.0,1.0,0.7464285714285714,1.0,0.625,1,LockBit-5f227a96e12db3cb3d4f39028e7ee99526e7704301e25bb77fedf478a99f2739
0.9574565028999369,1.0,1.0,1.0,0.7446808510638299,1.0,0.625,1,LockBit-5f227a96e12db3cb3d4f39028e7ee99526e7704301e25bb77fedf478a99f2739
0.9574565028999369,1.0,1.0,1.0,0.7464788732394366,1.0,0.625,1,LockBit-5f227a96e12db3cb3d4f39028e7ee99526e7704301e25bb77fedf478a99f2739
0.9574565028999369,1.0,1.0,1.0,0.7482517482517482,1.0,0.625,1,LockBit-5f227a96e12db3cb3d4f39028e7ee99526e7704301e25bb77fedf478a99f2739
0.9598165105317009,1.0,1.0,1.0,0.75,1.0,0.625,1,LockBit-5f227a96e12db3cb3d4f39028e7ee99526e7704301e25bb77fedf478a99f2739
0.9681880117350052,1.0,1.0,1.0,0.7482758620689656,1.0,0.625,1,LockBit-5f227a96e12db3cb3d4f39028e7ee99526e7704301e25bb77fedf478a99f2739
0.9668183476445916,1.0,1.0,1.0,0.7465753424657534,1.0,0.625,1,LockBit-5f227a96e12db3cb3d4f39028e7ee99526e7704301e25bb77fedf478a99f2739
0.9644678354017189,1.0,1.0,1.0,0.7448979591836735,1.0,0.625,1,LockBit-5f227a96e12db3cb3d4f39028e7ee99526e7704301e25bb77fedf478a99f2739
0.9649561114888532,1.0,1.0,1.0,0.7432432432432432,1.0,0.625,1,LockBit-5f227a96e12db3cb3d4f39028e7ee99526e7704301e25bb77fedf478a99f2739
0.96482255750238,1.0,1.0,1.0,0.7416107382550335,1.0,0.625,1,LockBit-5f227a96e12db3cb3d4f39028e7ee99526e7704301e25bb77fedf478a99f2739
0.9649948548657206,1.0,1.0,1.0,0.74,1.0,0.625,1,LockBit-5f227a96e12db3cb3d4f39028e7ee99526e7704301e25bb77fedf478a99f2739
0.9624160582835618,1.0,1.0,1.0,0.7384105960264901,1.0,0.625,1,LockBit-5f227a96e12db3cb3d4f39028e7ee99526e7704301e25bb77fedf478a99f2739
0.9623994671328211,1.0,1.0,1.0,0.736842105263158,1.0,0.625,1,LockBit-5f227a96e12db3cb3d4f39028e7ee99526e7704301e25bb77fedf478a99f2739
0.9621320829688451,1.0,1.0,1.0,0.7352941176470589,1.0,0.625,1,LockBit-5f227a96e12db3cb3d4f39028e7ee99526e7704301e25bb77fedf478a99f2739
0.962468226505447,1.0,1.0,1.0,0.7337662337662338,1.0,0.625,1,LockBit-5f227a96e12db3cb3d4f39028e7ee99526e7704301e25bb77fedf478a99f2739
0.9624700135848024,1.0,1.0,1.0,0.732258064516129,1.0,0.625,1,LockBit-5f227a96e12db3cb3d4f39028e7ee99526e7704301e25bb77fedf478a99f2739
0.9621339383215021,1.0,1.0,1.0,0.7307692307692308,1.0,0.625,1,LockBit-5f227a96e12db3cb3d4f39028e7ee99526e7704301e25bb77fedf478a99f2739
0.9624024546229953,1.0,1.0,1.0,0.7292993630573248,1.0,0.625,1,LockBit-5f227a96e12db3cb3d4f39028e7ee99526e7704301e25bb77fedf478a99f2739
0.9619019554408852,1.0,1.0,1.0,0.7278481012658228,1.0,0.625,1,LockBit-5f227a96e12db3cb3d4f39028e7ee99526e7704301e25bb77fedf478a99f2739
0.9623293786600909,1.0,1.0,1.0,0.7264150943396226,1.0,0.625,1,LockBit-5f227a96e12db3cb3d4f39028e7ee99526e7704301e25bb77fedf478a99f2739
0.9624639147044,1.0,1.0,1.0,0.725,1.0,0.625,1,LockBit-5f227a96e12db3cb3d4f39028e7ee99526e7704301e25bb77fedf478a99f2739
0.9627825042251589,1.0,1.0,1.0,0.7236024844720497,1.0,0.625,1,LockBit-5f227a96e12db3cb3d4f39028e7ee99526e7704301e25bb77fedf478a99f2739
0.9628098029255632,1.0,1.0,1.0,0.7222222222222222,1.0,0.625,1,LockBit-5f227a96e12db3cb3d4f39028e7ee99526e7704301e25bb77fedf478a99f2739
0.9624267336519182,1.0,1.0,1.0,0.7208588957055215,1.0,0.625,1,LockBit-5f227a96e12db3cb3d4f39028e7ee99526e7704301e25bb77fedf478a99f2739
0.9627501284116647,1.0,1.0,1.0,0.7195121951219512,1.0,0.625,1,LockBit-5f227a96e12db3cb3d4f39028e7ee99526e7704301e25bb77fedf478a99f2739
0.9628953643431977,1.0,1.0,1.0,0.7181818181818183,1.0,0.625,1,LockBit-5f227a96e12db3cb3d4f39028e7ee99526e7704301e25bb77fedf478a99f2739
0.9624742647674505,1.0,1.0,1.0,0.7168674698795181,1.0,0.625,1,LockBit-5f227a96e12db3cb3d4f39028e7ee99526e7704301e25bb77fedf478a99f2739
0.9627033269462298,1.0,1.0,1.0,0.715568862275449,1.0,0.625,1,LockBit-5f227a96e12db3cb3d4f39028e7ee99526e7704301e25bb77fedf478a99f2739
0.9621178053011419,1.0,1.0,1.0,0.7142857142857143,1.0,0.625,1,LockBit-5f227a96e12db3cb3d4f39028e7ee99526e7704301e25bb77fedf478a99f2739
0.962680160975052,1.0,1.0,1.0,0.7130177514792899,1.0,0.625,1,LockBit-5f227a96e12db3cb3d4f39028e7ee99526e7704301e25bb77fedf478a99f2739
0.9628242243645181,1.0,1.0,1.0,0.711764705882353,1.0,0.625,1,LockBit-5f227a96e12db3cb3d4f39028e7ee99526e7704301e25bb77fedf478a99f2739
0.9644678354017189,1.0,1.0,1.0,0.7134502923976609,1.0,0.625,1,LockBit-5f227a96e12db3cb3d4f39028e7ee99526e7704301e25bb77fedf478a99f2739
0.9471506901109276,1.0,1.0,1.0,0.7122093023255813,1.0,0.625,1,LockBit-5f227a96e12db3cb3d4f39028e7ee99526e7704301e25bb77fedf478a99f2739
0.9485855273516377,1.0,1.0,1.0,0.7109826589595376,1.0,0.625,1,LockBit-5f227a96e12db3cb3d4f39028e7ee99526e7704301e25bb77fedf478a99f2739
0.9485855273516377,1.0,1.0,1.0,0.7097701149425287,1.0,0.625,1,LockBit-5f227a96e12db3cb3d4f39028e7ee99526e7704301e25bb77fedf478a99f2739
0.9496271940183043,1.0,1.0,1.0,0.7085714285714286,1.0,0.625,1,LockBit-5f227a96e12db3cb3d4f39028e7ee99526e7704301e25bb77fedf478a99f2739
0.9481923567775942,1.0,1.0,1.0,0.7073863636363636,1.0,0.625,1,LockBit-5f227a96e12db3cb3d4f39028e7ee99526e7704301e25bb77fedf478a99f2739
0.9496271940183043,1.0,1.0,1.0,0.7062146892655368,1.0,0.625,1,LockBit-5f227a96e12db3cb3d4f39028e7ee99526e7704301e25bb77fedf478a99f2739
0.9496271940183043,1.0,1.0,1.0,0.7050561797752809,1.0,0.625,1,LockBit-5f227a96e12db3cb3d4f39028e7ee99526e7704301e25bb77fedf478a99f2739
0.9644678354017189,1.0,1.0,1.0,0.7067039106145252,1.0,0.625,1,LockBit-5f227a96e12db3cb3d4f39028e7ee99526e7704301e25bb77fedf478a99f2739
0.9644678354017189,1.0,1.0,1.0,0.7083333333333333,1.0,0.625,1,LockBit-5f227a96e12db3cb3d4f39028e7ee99526e7704301e25bb77fedf478a99f2739
0.9485855273516377,1.0,1.0,1.0,0.7071823204419889,1.0,0.625,1,LockBit-5f227a96e12db3cb3d4f39028e7ee99526e7704301e25bb77fedf478a99f2739
0.11547874722724377,1.0,1.0,1.0,0.706043956043956,1.0,0.625,1,LockBit-5f227a96e12db3cb3d4f39028e7ee99526e7704301e25bb77fedf478a99f2739
0.9573664246021304,1.0,1.0,1.0,0.7049180327868853,1.0,0.625,1,LockBit-5f227a96e12db3cb3d4f39028e7ee99526e7704301e25bb77fedf478a99f2739
0.9478851380071882,1.0,1.0,1.0,0.7038043478260869,1.0,0.625,1,LockBit-5f227a96e12db3cb3d4f39028e7ee99526e7704301e25bb77fedf478a99f2739
0.9474386073299716,1.0,1.0,1.0,0.7027027027027026,1.0,0.625,1,LockBit-5f227a96e12db3cb3d4f39028e7ee99526e7704301e25bb77fedf478a99f2739
0.9598165105317009,1.0,1.0,1.0,0.7043010752688172,1.0,0.625,1,LockBit-5f227a96e12db3cb3d4f39028e7ee99526e7704301e25bb77fedf478a99f2739
0.6473287262000268,1.0,1.0,1.0,0.7032085561497325,1.0,0.625,1,LockBit-5f227a96e12db3cb3d4f39028e7ee99526e7704301e25bb77fedf478a99f2739
0.4553884431277716,1.0,1.0,1.0,0.7021276595744681,1.0,0.625,1,LockBit-5f227a96e12db3cb3d4f39028e7ee99526e7704301e25bb77fedf478a99f2739
0.950668860684971,1.0,1.0,1.0,0.701058201058201,1.0,0.625,1,LockBit-5f227a96e12db3cb3d4f39028e7ee99526e7704301e25bb77fedf478a99f2739
0.9496271940183043,1.0,1.0,1.0,0.7,1.0,0.625,1,LockBit-5f227a96e12db3cb3d4f39028e7ee99526e7704301e25bb77fedf478a99f2739
0.950668860684971,1.0,1.0,1.0,0.6989528795811518,1.0,0.625,1,LockBit-5f227a96e12db3cb3d4f39028e7ee99526e7704301e25bb77fedf478a99f2739
0.9517105273516376,1.0,1.0,1.0,0.6979166666666667,1.0,0.625,1,LockBit-5f227a96e12db3cb3d4f39028e7ee99526e7704301e25bb77fedf478a99f2739
0.9502756901109275,1.0,1.0,1.0,0.6968911917098446,1.0,0.625,1,LockBit-5f227a96e12db3cb3d4f39028e7ee99526e7704301e25bb77fedf478a99f2739
0.950668860684971,1.0,1.0,1.0,0.6958762886597938,1.0,0.625,1,LockBit-5f227a96e12db3cb3d4f39028e7ee99526e7704301e25bb77fedf478a99f2739
0.950668860684971,1.0,1.0,1.0,0.6948717948717948,1.0,0.625,1,LockBit-5f227a96e12db3cb3d4f39028e7ee99526e7704301e25bb77fedf478a99f2739
0.9496271940183043,1.0,1.0,1.0,0.6938775510204082,1.0,0.625,1,LockBit-5f227a96e12db3cb3d4f39028e7ee99526e7704301e25bb77fedf478a99f2739
0.9481923567775942,1.0,1.0,1.0,0.6928934010152284,1.0,0.625,1,LockBit-5f227a96e12db3cb3d4f39028e7ee99526e7704301e25bb77fedf478a99f2739
0.9481923567775942,1.0,1.0,1.0,0.6919191919191919,1.0,0.625,1,LockBit-5f227a96e12db3cb3d4f39028e7ee99526e7704301e25bb77fedf478a99f2739
0.946757519536884,1.0,1.0,1.0,0.6909547738693467,1.0,0.625,1,LockBit-5f227a96e12db3cb3d4f39028e7ee99526e7704301e25bb77fedf478a99f2739
0.9471506901109276,1.0,1.0,1.0,0.69,1.0,0.625,1,LockBit-5f227a96e12db3cb3d4f39028e7ee99526e7704301e25bb77fedf478a99f2739
0.9471506901109276,1.0,1.0,1.0,0.6890547263681592,1.0,0.625,1,LockBit-5f227a96e12db3cb3d4f39028e7ee99526e7704301e25bb77fedf478a99f2739
0.11789174607420132,1.0,1.0,1.0,0.6905940594059405,1.0,0.625,1,LockBit-5f227a96e12db3cb3d4f39028e7ee99526e7704301e25bb77fedf478a99f2739
0.9471506901109276,1.0,1.0,1.0,0.6896551724137931,1.0,0.625,1,LockBit-5f227a96e12db3cb3d4f39028e7ee99526e7704301e25bb77fedf478a99f2739
0.946757519536884,1.0,1.0,1.0,0.6887254901960784,1.0,0.625,1,LockBit-5f227a96e12db3cb3d4f39028e7ee99526e7704301e25bb77fedf478a99f2739
0.946757519536884,1.0,1.0,1.0,0.6878048780487804,1.0,0.625,1,LockBit-5f227a96e12db3cb3d4f39028e7ee99526e7704301e25bb77fedf478a99f2739
0.13373670235203394,1.0,1.0,1.0,0.6893203883495146,1.0,0.625,1,LockBit-5f227a96e12db3cb3d4f39028e7ee99526e7704301e25bb77fedf478a99f2739
0.11789174607420132,1.0,1.0,1.0,0.6908212560386473,1.0,0.625,1,LockBit-5f227a96e12db3cb3d4f39028e7ee99526e7704301e25bb77fedf478a99f2739
0.11789174607420132,1.0,1.0,1.0,0.6923076923076923,1.0,0.625,1,LockBit-5f227a96e12db3cb3d4f39028e7ee99526e7704301e25bb77fedf478a99f2739
0.11789174607420132,1.0,1.0,1.0,0.69377990430622,1.0,0.625,1,LockBit-5f227a96e12db3cb3d4f39028e7ee99526e7704301e25bb77fedf478a99f2739
0.9564717404447813,1.0,1.0,1.0,0.6928571428571428,1.0,0.625,1,LockBit-5f227a96e12db3cb3d4f39028e7ee99526e7704301e25bb77fedf478a99f2739
0.1261660874599347,1.0,1.0,1.0,0.6943127962085308,1.0,0.625,1,LockBit-5f227a96e12db3cb3d4f39028e7ee99526e7704301e25bb77fedf478a99f2739
0.11789174607420132,1.0,1.0,1.0,0.695754716981132,1.0,0.625,1,LockBit-5f227a96e12db3cb3d4f39028e7ee99526e7704301e25bb77fedf478a99f2739
0.11139162410701621,1.0,1.0,1.0,0.6948356807511737,1.0,0.625,1,LockBit-5f227a96e12db3cb3d4f39028e7ee99526e7704301e25bb77fedf478a99f2739
0.963263316491181,1.0,1.0,1.0,0.6939252336448598,1.0,0.625,1,LockBit-5f227a96e12db3cb3d4f39028e7ee99526e7704301e25bb77fedf478a99f2739
0.11789174607420132,1.0,1.0,1.0,0.6953488372093024,1.0,0.625,1,LockBit-5f227a96e12db3cb3d4f39028e7ee99526e7704301e25bb77fedf478a99f2739
0.11789174607420132,1.0,1.0,1.0,0.6967592592592593,1.0,0.625,1,LockBit-5f227a96e12db3cb3d4f39028e7ee99526e7704301e25bb77fedf478a99f2739
0.11789174607420132,1.0,1.0,1.0,0.6981566820276497,1.0,0.625,1,LockBit-5f227a96e12db3cb3d4f39028e7ee99526e7704301e25bb77fedf478a99f2739
0.9564717404447813,1.0,1.0,1.0,0.6972477064220184,1.0,0.625,1,LockBit-5f227a96e12db3cb3d4f39028e7ee99526e7704301e25bb77fedf478a99f2739
0.1261660874599347,1.0,1.0,1.0,0.6986301369863014,1.0,0.625,1,LockBit-5f227a96e12db3cb3d4f39028e7ee99526e7704301e25bb77fedf478a99f2739
0.11789174607420132,1.0,1.0,1.0,0.7,1.0,0.625,1,LockBit-5f227a96e12db3cb3d4f39028e7ee99526e7704301e25bb77fedf478a99f2739
0.11789174607420132,1.0,1.0,1.0,0.7013574660633484,1.0,0.625,1,LockBit-5f227a96e12db3cb3d4f39028e7ee99526e7704301e25bb77fedf478a99f2739
0.11789174607420132,1.0,1.0,1.0,0.7027027027027026,1.0,0.625,1,LockBit-5f227a96e12db3cb3d4f39028e7ee99526e7704301e25bb77fedf478a99f2739
0.11789174607420132,1.0,1.0,1.0,0.7040358744394619,1.0,0.625,1,LockBit-5f227a96e12db3cb3d4f39028e7ee99526e7704301e25bb77fedf478a99f2739
0.11789174607420132,1.0,1.0,1.0,0.7053571428571428,1.0,0.625,1,LockBit-5f227a96e12db3cb3d4f39028e7ee99526e7704301e25bb77fedf478a99f2739
0.11789174607420132,1.0,1.0,1.0,0.7066666666666667,1.0,0.625,1,LockBit-5f227a96e12db3cb3d4f39028e7ee99526e7704301e25bb77fedf478a99f2739
0.11789174607420132,1.0,1.0,1.0,0.7079646017699115,1.0,0.625,1,LockBit-5f227a96e12db3cb3d4f39028e7ee99526e7704301e25bb77fedf478a99f2739
0.11789174607420132,1.0,1.0,1.0,0.7092511013215859,1.0,0.625,1,LockBit-5f227a96e12db3cb3d4f39028e7ee99526e7704301e25bb77fedf478a99f2739
0.11789174607420132,1.0,1.0,1.0,0.7105263157894737,1.0,0.625,1,LockBit-5f227a96e12db3cb3d4f39028e7ee99526e7704301e25bb77fedf478a99f2739
0.11789174607420132,1.0,1.0,1.0,0.7117903930131004,1.0,0.625,1,LockBit-5f227a96e12db3cb3d4f39028e7ee99526e7704301e25bb77fedf478a99f2739
0.1261660874599347,1.0,1.0,1.0,0.7130434782608696,1.0,0.625,1,LockBit-5f227a96e12db3cb3d4f39028e7ee99526e7704301e25bb77fedf478a99f2739
0.11916433407288944,1.0,1.0,1.0,0.7121212121212122,1.0,0.625,1,LockBit-5f227a96e12db3cb3d4f39028e7ee99526e7704301e25bb77fedf478a99f2739
0.12267611811853227,1.0,1.0,1.0,0.7112068965517242,1.0,0.625,1,LockBit-5f227a96e12db3cb3d4f39028e7ee99526e7704301e25bb77fedf478a99f2739
0.957175319597416,1.0,1.0,1.0,0.7103004291845494,1.0,0.625,1,LockBit-5f227a96e12db3cb3d4f39028e7ee99526e7704301e25bb77fedf478a99f2739
0.11789174607420132,1.0,1.0,1.0,0.7115384615384616,1.0,0.625,1,LockBit-5f227a96e12db3cb3d4f39028e7ee99526e7704301e25bb77fedf478a99f2739
0.11789174607420132,1.0,1.0,1.0,0.7127659574468085,1.0,0.625,1,LockBit-5f227a96e12db3cb3d4f39028e7ee99526e7704301e25bb77fedf478a99f2739
0.11789174607420132,1.0,1.0,1.0,0.7139830508474576,1.0,0.625,1,LockBit-5f227a96e12db3cb3d4f39028e7ee99526e7704301e25bb77fedf478a99f2739
0.11789174607420132,1.0,1.0,1.0,0.7151898734177216,1.0,0.625,1,LockBit-5f227a96e12db3cb3d4f39028e7ee99526e7704301e25bb77fedf478a99f2739
0.11789174607420132,1.0,1.0,1.0,0.7163865546218487,1.0,0.625,1,LockBit-5f227a96e12db3cb3d4f39028e7ee99526e7704301e25bb77fedf478a99f2739
0.11789174607420132,1.0,1.0,1.0,0.7175732217573222,1.0,0.625,1,LockBit-5f227a96e12db3cb3d4f39028e7ee99526e7704301e25bb77fedf478a99f2739
0.11789174607420132,1.0,1.0,1.0,0.71875,1.0,0.625,1,LockBit-5f227a96e12db3cb3d4f39028e7ee99526e7704301e25bb77fedf478a99f2739
0.11789174607420132,1.0,1.0,1.0,0.7199170124481328,1.0,0.625,1,LockBit-5f227a96e12db3cb3d4f39028e7ee99526e7704301e25bb77fedf478a99f2739
0.11789174607420132,1.0,1.0,1.0,0.7210743801652892,1.0,0.625,1,LockBit-5f227a96e12db3cb3d4f39028e7ee99526e7704301e25bb77fedf478a99f2739
0.11789174607420132,1.0,1.0,1.0,0.7222222222222222,1.0,0.625,1,LockBit-5f227a96e12db3cb3d4f39028e7ee99526e7704301e25bb77fedf478a99f2739
0.11789174607420132,1.0,1.0,1.0,0.7233606557377049,1.0,0.625,1,LockBit-5f227a96e12db3cb3d4f39028e7ee99526e7704301e25bb77fedf478a99f2739
0.11789174607420132,1.0,1.0,1.0,0.7244897959183674,1.0,0.625,1,LockBit-5f227a96e12db3cb3d4f39028e7ee99526e7704301e25bb77fedf478a99f2739
0.11789174607420132,1.0,1.0,1.0,0.725609756097561,1.0,0.625,1,LockBit-5f227a96e12db3cb3d4f39028e7ee99526e7704301e25bb77fedf478a99f2739
0.11789174607420132,1.0,1.0,1.0,0.7267206477732793,1.0,0.625,1,LockBit-5f227a96e12db3cb3d4f39028e7ee99526e7704301e25bb77fedf478a99f2739
0.11789174607420132,1.0,1.0,1.0,0.7278225806451613,1.0,0.625,1,LockBit-5f227a96e12db3cb3d4f39028e7ee99526e7704301e25bb77fedf478a99f2739
0.1261660874599347,1.0,1.0,1.0,0.7289156626506024,1.0,0.625,1,LockBit-5f227a96e12db3cb3d4f39028e7ee99526e7704301e25bb77fedf478a99f2739
0.12071522149557115,1.0,1.0,1.0,0.728,1.0,0.625,1,LockBit-5f227a96e12db3cb3d4f39028e7ee99526e7704301e25bb77fedf478a99f2739
0.1261660874599347,1.0,1.0,1.0,0.7290836653386454,1.0,0.625,1,LockBit-5f227a96e12db3cb3d4f39028e7ee99526e7704301e25bb77fedf478a99f2739
0.11789174607420132,1.0,1.0,1.0,0.7301587301587302,1.0,0.625,1,LockBit-5f227a96e12db3cb3d4f39028e7ee99526e7704301e25bb77fedf478a99f2739
0.1261660874599347,1.0,1.0,1.0,0.7312252964426877,1.0,0.625,1,LockBit-5f227a96e12db3cb3d4f39028e7ee99526e7704301e25bb77fedf478a99f2739
0.11789174607420132,1.0,1.0,1.0,0.7322834645669292,1.0,0.625,1,LockBit-5f227a96e12db3cb3d4f39028e7ee99526e7704301e25bb77fedf478a99f2739
0.11789174607420132,1.0,1.0,1.0,0.7333333333333334,1.0,0.625,1,LockBit-5f227a96e12db3cb3d4f39028e7ee99526e7704301e25bb77fedf478a99f2739
0.9576390656575624,1.0,1.0,1.0,0.732421875,1.0,0.625,1,LockBit-5f227a96e12db3cb3d4f39028e7ee99526e7704301e25bb77fedf478a99f2739
0.1261660874599347,1.0,1.0,1.0,0.7334630350194553,1.0,0.625,1,LockBit-5f227a96e12db3cb3d4f39028e7ee99526e7704301e25bb77fedf478a99f2739
0.11789174607420132,1.0,1.0,1.0,0.7344961240310077,1.0,0.625,1,LockBit-5f227a96e12db3cb3d4f39028e7ee99526e7704301e25bb77fedf478a99f2739
0.11789174607420132,1.0,1.0,1.0,0.7355212355212355,1.0,0.625,1,LockBit-5f227a96e12db3cb3d4f39028e7ee99526e7704301e25bb77fedf478a99f2739
0.11789174607420132,1.0,1.0,1.0,0.7365384615384616,1.0,0.625,1,LockBit-5f227a96e12db3cb3d4f39028e7ee99526e7704301e25bb77fedf478a99f2739
0.11789174607420132,1.0,1.0,1.0,0.7375478927203065,1.0,0.625,1,LockBit-5f227a96e12db3cb3d4f39028e7ee99526e7704301e25bb77fedf478a99f2739
0.9540403928599703,1.0,1.0,1.0,0.7366412213740459,1.0,0.625,1,LockBit-5f227a96e12db3cb3d4f39028e7ee99526e7704301e25bb77fedf478a99f2739
0.1261660874599347,1.0,1.0,1.0,0.7376425855513308,1.0,0.625,1,LockBit-5f227a96e12db3cb3d4f39028e7ee99526e7704301e25bb77fedf478a99f2739
0.12201801528017368,1.0,1.0,1.0,0.7367424242424243,1.0,0.625,1,LockBit-5f227a96e12db3cb3d4f39028e7ee99526e7704301e25bb77fedf478a99f2739
0.7318341890454368,1.0,1.0,1.0,0.7358490566037736,1.0,0.625,1,LockBit-5f227a96e12db3cb3d4f39028e7ee99526e7704301e25bb77fedf478a99f2739
